"thedate","agcl","inj","dep","txEPCI","txRes","txSPF","txEPCIw","txResw","txSPFw","date"
"2021-01-03","00-39","1","37",NA,NA,3.58813904756437e-06,NA,NA,3.58813904756437e-06,2021-01-03
"2021-01-10","00-39","1","37",0.000137381508448963,0.000194042883477248,3.58813904756437e-05,0.000137381508448963,0.000194042883477248,3.22932514280793e-05,2021-01-10
"2021-01-17","00-39","1","37",0.00145300100592377,0.00123064168248149,0.000556161552372478,0.00111769308147983,0.0011011004527466,0.000520280161896834,2021-01-17
"2021-01-24","00-39","1","37",0.00281780855003623,0.00272036582443277,0.00128814191807561,0.00170357751277683,0.00148972414195128,0.000731980365703132,2021-01-24
"2021-01-31","00-39","1","37",0.00482703137570394,0.00485779611505852,0.00242917013520108,0.00219113433338952,0.00213743029062575,0.00114102821712547,2021-01-31
"2021-02-07","00-39","1","37",0.00570467344401375,0.00569981410833533,0.00290639262852714,0.00106382978723404,0.00084201799327681,0.000477222493326061,2021-02-07
"2021-02-14","00-39","1","37",0.00841073648796899,0.00835540931790065,0.00424118035422109,0.00272719980749178,0.00265559520956532,0.00133478772569395,2021-02-14
"2021-02-21","00-39","1","37",0.0132377678636729,0.0132132054329592,0.00683540488561013,0.00487389757078756,0.00479302550019107,0.00259422453138904,2021-02-21
"2021-02-28","00-39","1","37",0.0171140203320412,0.0170346717101385,0.00900981714843414,0.00422360248447205,0.00382146627717937,0.00217441226282401,2021-02-28
"2021-03-07","00-39","1","37",0.0159475639966969,0.0176655456801986,0.0122821999598128,0.0054852629269363,0.00576458472320278,0.00327238281137871,2021-03-07
"2021-03-14","00-39","1","37",0.021005367464905,0.02317038994315,0.0162363291902288,0.0071674102245301,0.00712476763541916,0.00395412923041594,2021-03-14
"2021-03-21","00-39","1","37",0.0226568951279934,0.0250720634158059,0.017585469472113,0.0023347556557443,0.00239651275009554,0.0013491402818842,2021-03-21
"2021-03-28","00-39","1","37",0.0253922378199835,0.0279746176635439,0.0196917070930333,0.00408657484486151,0.00382146627717937,0.00210623762092029,2021-03-28
"2021-04-04","00-39","1","37",0.029985549132948,0.0332792857714789,0.0232619054453598,0.00665545235134938,0.00680091456108193,0.00357019835232655,2021-04-04
"2021-04-11","00-39","1","37",0.0363336085879438,0.0401853631195452,0.0283032408071878,0.00892269436114971,0.00893834485170768,0.00504133536182794,2021-04-11
"2021-04-18","00-39","1","37",0.0428364987613543,0.047341660661382,0.0336854493785343,0.00906896803920135,0.00919742731117747,0.00538220857134656,2021-04-18
"2021-04-25","00-39","1","37",0.042675306641981,0.0524961966530547,0.0373345867899073,0.00665545235134938,0.00673614394621448,0.00364913741137297,2021-04-25
"2021-05-02","00-39","1","37",0.0475352927563064,0.0584013932260389,0.0414573585555587,0.00536746490503716,0.00757816193949129,0.00412277176565146,2021-05-02
"2021-05-09","00-39","1","37",0.0532128943876022,0.0706121386820402,0.0497890174240032,0.0109929810074319,0.0156744887979222,0.00833165886844447,2021-05-09
"2021-05-16","00-39","1","37",0.0623665444583216,0.0880274641684683,0.060844073829549,0.0146211785556048,0.0174153254864281,0.0110550564055458,2021-05-16
"2021-05-23","00-39","1","37",0.0780285900433066,0.116202257987029,0.0780814938140483,0.0194366197183099,0.0281747938185603,0.0172374199844992,2021-05-23
"2021-05-30","00-39","1","37",0.109377994098034,0.163143566338378,0.109969285529753,0.0319045204571161,0.0469413083513492,0.0318877917157046,2021-05-30
"2021-06-06","00-39","1","37",0.155099068715748,0.231453679237729,0.157720239974739,0.0457977235273828,0.0683601569381055,0.0477509544449866,2021-06-06
"2021-06-13","00-39","1","37",0.199747058598091,0.298112338858195,0.205453253724488,0.0446096654275093,0.0667087036592201,0.0477330137497488,2021-06-13
"2021-06-20","00-39","1","37",0.241137469819492,0.359166066138202,0.250681746419037,0.0414670601310696,0.0610036832412523,0.0452284926945489,2021-06-20
"2021-06-27","00-39","1","37",0.273100065151573,0.406257506605813,0.285296523810891,0.0320775686965853,0.0470914404676115,0.0346147773918535,2021-06-27
"2021-07-04","00-39","1","37",0.296554631510367,0.44048762911362,0.310219737635273,0.0235312152684628,0.0342301225078069,0.0249232138243821,2021-07-04
"2021-07-11","00-39","1","37",0.317786379488752,0.472015373528705,0.333531877027299,0.021231747978385,0.0315777884538394,0.0233121393920257,2021-07-11
"2021-07-18","00-39","1","37",0.337945042731767,0.501891664664905,0.353822803341275,0.0204269344268578,0.0298762911361999,0.0202909263139765,2021-07-18
"2021-07-25","00-39","1","37",0.374928141647185,0.556840019216911,0.39188219421879,0.0370214233702526,0.0549483545520058,0.0380593908775153,2021-07-25
"2021-08-01","00-39","1","37",0.426972751312613,0.63450836736328,0.448004277061745,0.0521595830299314,0.0777183921851229,0.0561220828429543,2021-08-01
"2021-08-08","00-39","1","37",0.478097574062009,0.711225878773321,0.504226827798031,0.0510481738397271,0.0767675554487949,0.0562225507362861,2021-08-08
"2021-08-15","00-39","1","37",0.506381021729966,0.753813355753063,0.535727100496598,0.0283984210324608,0.042487388902234,0.0315002726985676,2021-08-15
"2021-08-22","00-39","1","37",0.5241252443184,0.780386740331492,0.555117403909636,0.0177825470432683,0.0266234286171831,0.0193903034130379,2021-08-22
"2021-08-29","00-39","1","37",0.539301728432913,0.802956601809592,0.571676665614146,0.0150615107500096,0.0226199055168548,0.0165592617045096,2021-08-29
"2021-09-05","00-39","1","37",0.552561989805695,0.822623909039955,0.586319861067256,0.013260261372782,0.0196673072303627,0.0146431954531102,2021-09-05
"2021-09-12","00-39","1","37",0.559996934043613,0.833833773720874,0.594751987829032,0.00747326869275285,0.0111598206421651,0.00843212676177627,2021-09-12
"2021-09-19","00-39","1","37",0.566320469091327,0.843192008967892,0.601892384533685,0.0065124985376126,0.00945832332452558,0.0071403967046531,2021-09-19
"2021-09-26","00-39","1","37",0.571609243858506,0.85109896709104,0.607959927663117,0.00532709922201357,0.00780687004564016,0.00606754312943135,2021-09-26
"2021-10-03","00-39","1","37",0.576476449622504,0.858255264632877,0.613442604127795,0.00482888130916338,0.00730642965809913,0.00548267646467836,2021-10-03
"2021-10-10","00-39","1","37",0.580577166289809,0.864260549283369,0.618175359531533,0.00414266550935059,0.00595524061173833,0.00473275540373741,2021-10-10
"2021-10-17","00-39","1","37",0.583719771586249,0.869014732965009,0.621874730889571,0.00326283987915408,0.00475418368163984,0.00369937135803887,2021-10-17
"2021-10-24","00-39","1","37",0.586594105698846,0.873118344142846,0.625226052759997,0.00289478100352408,0.0041036111778365,0.00335132187042512,2021-10-24
"2021-01-03","40-64","1","37",NA,NA,1.56371350683603e-05,NA,NA,1.04247567122402e-05,2021-01-03
"2021-01-10","40-64","1","37",0.00349040139616056,0.00223227032274476,0.00212143799094089,0.00349040139616056,0.00218035705942511,0.00210580085587253,2021-01-10
"2021-01-17","40-64","1","37",0.0126704089815557,0.0127706627766328,0.0129683973500268,0.0103180967655707,0.010538392453888,0.010846959359086,2021-01-17
"2021-01-24","40-64","1","37",0.0214381181502272,0.0216997440676118,0.021959750014334,0.00903501737503341,0.00892908129097903,0.0089913526643072,2021-01-24
"2021-01-31","40-64","1","37",0.0285485164394547,0.0287599478790836,0.029293566361395,0.00695001336541032,0.00706020381147179,0.007333816347061,2021-01-31
"2021-02-07","40-64","1","37",0.0306335204490778,0.0308883916751891,0.0314775528926094,0.00243366305542471,0.00212844379610547,0.00218398653121433,2021-02-07
"2021-02-14","40-64","1","37",0.0334135257952419,0.0337436211577696,0.0343078743399826,0.00298053527980535,0.00290714274590015,0.00283032144737322,2021-02-14
"2021-02-21","40-64","1","37",0.0383319967923015,0.0385715546464966,0.0391814481029549,0.00520650520650521,0.00477602022540739,0.00487357376297231,2021-02-21
"2021-02-28","40-64","1","37",0.0471531676022454,0.0478640287807132,0.0487305252513669,0.00903501737503341,0.0093443873975362,0.00954907714841205,2021-02-28
"2021-03-07","40-64","1","37",0.0627639668537824,0.0640609669364426,0.0652850389104044,0.0153969526864475,0.0161969381557294,0.0165545136590375,2021-03-07
"2021-03-14","40-64","1","37",0.0808340016038492,0.0832169611013918,0.0847689092055814,0.0183373429564288,0.0191559941649492,0.019483870295177,2021-03-14
"2021-03-21","40-64","1","37",0.0876770916867148,0.0904848179661422,0.0922903711734627,0.00701480904130943,0.00726785686475038,0.00752146196788132,2021-03-21
"2021-03-28","40-64","1","37",0.0999732691793638,0.103618873586012,0.105581935981569,0.012296177492649,0.0131340556198703,0.0132915648081063,2021-03-28
"2021-04-04","40-64","1","37",0.112109061748196,0.116389536362645,0.118086431657901,0.0121357925688319,0.0127706627766328,0.0125044956763322,2021-04-04
"2021-04-11","40-64","1","37",0.13012563485699,0.135234050947677,0.137158524062945,0.0181234963913392,0.0187926013217117,0.0190720924050435,2021-04-11
"2021-04-18","40-64","1","37",0.159048382785352,0.166070529359546,0.168161750525147,0.0291365944934509,0.0308364784118694,0.0310032264622024,2021-04-18
"2021-04-25","40-64","1","37",0.191071905907511,0.200437109677151,0.201734679516917,0.0317027532745255,0.034418493580925,0.0335729289917697,2021-04-25
"2021-05-02","40-64","1","37",0.236567762630313,0.249650883304175,0.250777947469651,0.0457631649291633,0.0492656868903436,0.0490432679527342,2021-05-02
"2021-05-09","40-64","1","37",0.291793638064689,0.307066952535703,0.3072436422015,0.0550654905105587,0.057416069231528,0.0564656947318492,2021-05-09
"2021-05-16","40-64","1","37",0.350120288692863,0.366611465563337,0.362260295750348,0.0583801122694467,0.0595445130276334,0.0550166535488478,2021-05-16
"2021-05-23","40-64","1","37",0.421972734562951,0.439238120947521,0.430688398809493,0.071692060946271,0.0725747421208645,0.0684281030591449,2021-05-23
"2021-05-30","40-64","1","37",0.492916332531409,0.510670771275353,0.500205888945067,0.0711039828922748,0.0714845635911519,0.069517490135574,2021-05-30
"2021-06-06","40-64","1","37",0.560598770382251,0.578832886014048,0.567143251794361,0.0678962844159316,0.0681621147386946,0.0669373628492945,2021-06-06
"2021-06-13","40-64","1","37",0.612616947340283,0.630901889123652,0.619501592381588,0.0521251002405774,0.0520690031096045,0.0523583405872265,2021-06-13
"2021-06-20","40-64","1","37",0.649077786688051,0.667760306080601,0.656931681356886,0.036460839347768,0.0368584169569483,0.0374300889752985,2021-06-20
"2021-06-27","40-64","1","37",0.672707832130446,0.691692320470957,0.681700903305169,0.0236300454423951,0.0239839276536762,0.0247692219482828,2021-06-27
"2021-07-04","40-64","1","37",0.689869018978883,0.709394743262956,0.69980870571433,0.0174284950547982,0.0177024227919991,0.0181078024091613,2021-07-04
"2021-07-11","40-64","1","37",0.708045977011494,0.72787586500475,0.719334275036356,0.0181234963913392,0.0184811217417938,0.0195255693220259,2021-07-11
"2021-07-18","40-64","1","37",0.724565624164662,0.745266808216831,0.736759255880866,0.0167334937182572,0.0173909432120813,0.0174249808445095,2021-07-18
"2021-07-25","40-64","1","37",0.752312215985031,0.774130582622554,0.765521159649937,0.027906976744186,0.0288637744057229,0.0287619037690708,2021-07-25
"2021-08-01","40-64","1","37",0.787436514300989,0.810469866946306,0.802638505923868,0.0351777599572307,0.0363392843237519,0.0371173462739313,2021-08-01
"2021-08-08","40-64","1","37",0.823202352312216,0.847691676746492,0.840845239274228,0.0358727612937717,0.0372218098001858,0.0382067333503604,2021-08-08
"2021-08-15","40-64","1","37",0.840951617214649,0.866432364804884,0.860568878973787,0.0177492649024325,0.018740688058392,0.0197236396995585,2021-08-15
"2021-08-22","40-64","1","37",0.852392408446939,0.87868389494832,0.872890941407655,0.0116546377973804,0.0122515301434363,0.012322062433868,2021-08-22
"2021-08-29","40-64","1","37",0.861694734028335,0.888184022135815,0.882810097419351,0.00919540229885057,0.00955204045081478,0.00991915601169658,2021-08-29
"2021-09-05","40-64","1","37",0.868323977546111,0.895555705527205,0.890368046035726,0.0071361914695065,0.00731977012807002,0.00755794861637417,2021-09-05
"2021-09-12","40-64","1","37",0.872547447206629,0.899916419646055,0.895033124664453,0.0042636552200968,0.00436071411885022,0.0046650786287275,2021-09-12
"2021-09-19","40-64","1","37",0.875808607324245,0.903342695025152,0.898660940000313,0.0035029389063706,0.00347818864241625,0.0036278153358596,2021-09-19
"2021-09-26","40-64","1","37",0.877893611333868,0.905471138821257,0.900943961720293,0.00213371266002845,0.00212844379610547,0.00228302171998061,2021-09-26
"2021-10-03","40-64","1","37",0.879711307137129,0.907547669354043,0.903169647278357,0.002460024600246,0.00218035705942511,0.00222568555806329,2021-10-03
"2021-10-10","40-64","1","37",0.88152900294039,0.909416546833551,0.905228536729024,0.00200415145658865,0.00186887747950724,0.00205888945066745,2021-10-10
"2021-10-17","40-64","1","37",0.883667468591286,0.911596903892976,0.907376036611746,0.0021180457497882,0.00212844379610547,0.00214749988272149,2021-10-17
"2021-10-24","40-64","1","37",0.885217856188185,0.913413868109163,0.909252492819949,0.001906941266209,0.00186887747950724,0.00187645620820324,2021-10-24
"2021-01-03","65-74","1","37",NA,NA,4.25513807923067e-05,NA,NA,4.25513807923067e-05,2021-01-03
"2021-01-10","65-74","1","37",0.00307787011388119,0.00182874505887152,0.00182970937406919,0.00307787011388119,0.00182874505887152,0.00178715799327688,2021-01-10
"2021-01-17","65-74","1","37",0.00837163493105712,0.00703363484181355,0.00721955094109471,0.00627396305332869,0.00520488978294203,0.00538984156702552,2021-01-17
"2021-01-24","65-74","1","37",0.0128262490678598,0.0123791973215919,0.0126235763017177,0.00552486187845304,0.0053455624797783,0.00540402536062295,2021-01-24
"2021-01-31","65-74","1","37",0.0194079865959229,0.0201161956475868,0.0211196686665816,0.00766509433962264,0.00787767102283118,0.00849609236486391,2021-01-31
"2021-02-07","65-74","1","37",0.022479754258587,0.0236330130684935,0.0246798008595379,0.00357710651828299,0.00337614472407051,0.00356013219295633,2021-02-07
"2021-02-14","65-74","1","37",0.025551521921251,0.027009157792564,0.0285803440988327,0.00314882333443818,0.00351681742090678,0.00390054323929478,2021-02-14
"2021-02-21","65-74","1","37",0.0294610444010053,0.0317920294849973,0.0337857963490915,0.00415489446568057,0.00464219899559694,0.00520545225025885,2021-02-21
"2021-02-28","65-74","1","37",0.0340686958950014,0.0358715376932491,0.0383246103002709,0.00458781362007168,0.00407950820825186,0.00453881395117938,2021-02-28
"2021-03-07","65-74","1","37",0.0509634180396537,0.0530336067072742,0.0554586329659731,0.0168947221446523,0.0171620690140251,0.0171340226657022,2021-03-07
"2021-03-14","65-74","1","37",0.0896397654286512,0.0943913795771379,0.0973717430463952,0.0388159731918459,0.0412171001730274,0.0419131100804221,2021-03-14
"2021-03-21","65-74","1","37",0.11281764870148,0.120697173885521,0.123980539835184,0.0230382574699805,0.0263057943083827,0.0266087967887891,2021-03-21
"2021-03-28","65-74","1","37",0.17006422786931,0.18371854206817,0.186828929265421,0.0573862049706786,0.0630213681826494,0.062848389430237,2021-03-28
"2021-04-04","65-74","1","37",0.230382574699805,0.249975382278054,0.253946640568486,0.0604579726333426,0.0662568402098837,0.0671177113030651,2021-04-04
"2021-04-11","65-74","1","37",0.317229824071488,0.342960034886829,0.348595095244174,0.0868472493716839,0.0929846526087752,0.0946484546756876,2021-04-11
"2021-04-18","65-74","1","37",0.418318905333706,0.449027248301377,0.45564018552402,0.101368332867914,0.106067213414548,0.107045090279846,2021-04-18
"2021-04-25","65-74","1","37",0.510332309410779,0.542152573606989,0.548019233224118,0.0921530298799218,0.0931253253056114,0.0923790477000979,2021-04-25
"2021-05-02","65-74","1","37",0.624546216140743,0.655112749166514,0.65829822844418,0.11449315833566,0.112960175559526,0.110278995220062,2021-05-02
"2021-05-09","65-74","1","37",0.700223401284557,0.729387933096065,0.731727727898104,0.0758168109466629,0.0742751839295511,0.0734294994539239,2021-05-09
"2021-05-16","65-74","1","37",0.739039374476403,0.768776288210221,0.769938867849595,0.0388159731918459,0.0393883551141559,0.0382111399514914,2021-05-16
"2021-05-23","65-74","1","37",0.76584752862329,0.795363427912277,0.79529949080181,0.0268081541468863,0.0265871397020552,0.0253606229522148,2021-05-23
"2021-05-30","65-74","1","37",0.784697012007819,0.814072896591501,0.813624952129697,0.0191287349902262,0.0188501413760603,0.0183254613278868,2021-05-30
"2021-06-06","65-74","1","37",0.803127617983803,0.832641692573888,0.831666737585635,0.018290980173136,0.0184281232855515,0.018041785455938,2021-06-06
"2021-06-13","65-74","1","37",0.817369449874337,0.847412325741697,0.846715742592514,0.0146607092990785,0.0149113058646447,0.0150490050068791,2021-06-13
"2021-06-20","65-74","1","37",0.8290980173136,0.85936950497278,0.858715231975944,0.0117285674392628,0.011957179231083,0.0119994893834305,2021-06-20
"2021-06-27","65-74","1","37",0.838173694498743,0.868513230267137,0.86786377884629,0.00907567718514381,0.00914372529435762,0.00914854687034594,2021-06-27
"2021-07-04","65-74","1","37",0.845573862049707,0.875687537805787,0.8749982270258,0.00736249458640104,0.00717430753864982,0.00713444817951009,2021-07-04
"2021-07-11","65-74","1","37",0.852415526389277,0.88314319073811,0.882841864885182,0.00726054174811505,0.00745565293232237,0.00784363785938187,2021-07-11
"2021-07-18","65-74","1","37",0.860793074560179,0.891724225245122,0.891423060011631,0.00823792236805362,0.00858103450701253,0.00858119512644852,2021-07-18
"2021-07-25","65-74","1","37",0.870008377548171,0.901571314023661,0.901280796561848,0.00949455459368891,0.00998776147537524,0.00985773655021772,2021-07-25
"2021-08-01","65-74","1","37",0.881736944987434,0.913528493254744,0.913691615959605,0.0117285674392628,0.011957179231083,0.0124108193977561,2021-08-01
"2021-08-08","65-74","1","37",0.893744764032393,0.926189035970009,0.926811625037232,0.0121474448478079,0.0126605427152644,0.0131200090776279,2021-08-08
"2021-08-15","65-74","1","37",0.900307176766266,0.933363343508658,0.934187197707899,0.00692940666955392,0.00703363484181355,0.0073755726706665,2021-08-15
"2021-08-22","65-74","1","37",0.905612957274504,0.938849578685273,0.939846531353276,0.0050526923632164,0.00548623517661457,0.00565933364537679,2021-08-22
"2021-08-29","65-74","1","37",0.90938285395141,0.942929086893525,0.943959831496532,0.00417083750417084,0.00407950820825186,0.00411330014325632,2021-08-29
"2021-09-05","65-74","1","37",0.912175370008378,0.945883213527086,0.947165368849552,0.00311310965063992,0.00295412663356169,0.00320553735302044,2021-09-05
"2021-09-12","65-74","1","37",0.914269757051103,0.947852631282794,0.949250386508376,0.00197541703248464,0.00196941775570779,0.00208501765882303,2021-09-12
"2021-09-19","65-74","1","37",0.915526389276738,0.94954070364483,0.950966625533665,0.00182407782732063,0.00168807236203525,0.0017162390252897,2021-09-19
"2021-09-26","65-74","1","37",0.916503769896677,0.950806757916356,0.95221479937024,0.000923361034164358,0.00126605427152644,0.00124817383657433,2021-09-26
"2021-10-03","65-74","1","37",0.917481150516615,0.951932139491046,0.953377870445229,0.000923361034164358,0.00112538157469017,0.00116307107498972,2021-10-03
"2021-10-10","65-74","1","37",0.918877408545099,0.9529168483689,0.954356552203452,0.00100376411543287,0.000984708877853897,0.000978681758223054,2021-10-10
"2021-10-17","65-74","1","37",0.919854789165038,0.95404222994359,0.955434520516857,0.000923361034164358,0.000984708877853897,0.0010779683134051,2021-10-17
"2021-10-24","65-74","1","37",0.920413292376431,0.954745593427772,0.956271364339106,0.000923361034164358,0.000844036181017626,0.000836843822248699,2021-10-24
"2021-01-03","75+","1","37",NA,NA,0.000357531478314939,NA,NA,0.000357531478314939,2021-01-03
"2021-01-10","75+","1","37",0.00371260100458615,0.00291324819299876,0.0055028757966734,0.00338501856300502,0.00275577531770153,0.00514534431835846,2021-01-10
"2021-01-17","75+","1","37",0.013497300539892,0.0154323417791285,0.0150629566298772,0.00914817036592682,0.00976331826842826,0.00956008083320379,2021-01-17
"2021-01-24","75+","1","37",0.0487012987012987,0.0560603436058139,0.0540494326130888,0.0358554488989272,0.0406280018266854,0.0389864759832116,2021-01-24
"2021-01-31","75+","1","37",0.103613777526821,0.117632237847031,0.115389398414426,0.0547713156408809,0.061571894241217,0.0613399658013369,2021-01-31
"2021-02-07","75+","1","37",0.131422924901186,0.149284285781774,0.14556194621483,0.0282326369282891,0.0316520479347432,0.0301725478004042,2021-02-07
"2021-02-14","75+","1","37",0.15626764539808,0.176842038958789,0.171988185916369,0.0245623941276115,0.0275577531770153,0.0264262397015389,2021-02-14
"2021-02-21","75+","1","37",0.181818181818182,0.205187156512291,0.200544069640914,0.0256916996047431,0.0281876446782042,0.0285558837245453,2021-02-21
"2021-02-28","75+","1","37",0.20115753811406,0.226131048926822,0.221607337167729,0.0191981931112366,0.0209438924145316,0.0210632675268149,2021-02-28
"2021-03-07","75+","1","37",0.243224167137211,0.271325764137127,0.264355666096689,0.0423489553924337,0.045194715210305,0.04274832892896,2021-03-07
"2021-03-14","75+","1","37",0.298983625070582,0.329275782246508,0.319555417379139,0.0554771315640881,0.0579500181093807,0.0551997512824499,2021-03-14
"2021-03-21","75+","1","37",0.361518915866742,0.39683164574902,0.384268614954143,0.0625352907961604,0.0677133363778089,0.0647131975750039,2021-03-21
"2021-03-28","75+","1","37",0.454827780914737,0.495567138560383,0.478283848904088,0.0935911914172784,0.0987354928113632,0.0940152339499456,2021-03-28
"2021-04-04","75+","1","37",0.522586109542631,0.566272459568839,0.546432457640292,0.0680406549971767,0.0707053210084563,0.0681486087362039,2021-04-04
"2021-04-11","75+","1","37",0.581733483907397,0.626112152181787,0.60405720503653,0.0588650479954828,0.0598396926129474,0.0576247473962382,2021-04-11
"2021-04-18","75+","1","37",0.646245059288538,0.691935814056029,0.668770402611534,0.064652738565782,0.0658236618742422,0.0647131975750039,2021-04-18
"2021-04-25","75+","1","37",0.691699604743083,0.738547785144009,0.713446292554018,0.0458780350084698,0.0466119710879801,0.0446758899424841,2021-04-25
"2021-05-02","75+","1","37",0.733625070581592,0.781537880100153,0.755013213119851,0.0420666290231508,0.0429900949561438,0.0415669205658324,2021-05-02
"2021-05-09","75+","1","37",0.761998870694523,0.811300253531329,0.783740090160112,0.0286561264822134,0.0297623734311765,0.0287268770402612,2021-05-09
"2021-05-16","75+","1","37",0.781338226990401,0.832086673070564,0.803466500854967,0.0197628458498024,0.0207864195392344,0.0197264106948547,2021-05-16
"2021-05-23","75+","1","37",0.794325239977414,0.845786813221423,0.816586351624436,0.012987012987013,0.013700140150859,0.0131198507694699,2021-05-23
"2021-05-30","75+","1","37",0.803359683794466,0.855865077240445,0.826410694854656,0.00953343926043623,0.0100782640190227,0.00982434323021918,2021-05-30
"2021-06-06","75+","1","37",0.813241106719368,0.86641575988536,0.836390486553707,0.00999855093464715,0.0107081555202116,0.00997979169905176,2021-06-06
"2021-06-13","75+","1","37",0.821005081874647,0.874446876525518,0.844256179076636,0.00753513983480655,0.00803111664015873,0.00786569252292865,2021-06-13
"2021-06-20","75+","1","37",0.827498588368154,0.881533155913894,0.851064822011503,0.00667655786350148,0.00708627938837535,0.00680864293486709,2021-06-20
"2021-06-27","75+","1","37",0.83300395256917,0.887832070925783,0.857422664386756,0.00594116794667439,0.0062989150118892,0.0063578423752526,2021-06-27
"2021-07-04","75+","1","37",0.837662337662338,0.892713730059997,0.862257111767449,0.0046260601387818,0.00488165913421413,0.0048344473806933,2021-07-04
"2021-07-11","75+","1","37",0.843026538678713,0.898067807820103,0.867791077257889,0.00500454959053685,0.00535407776010582,0.00553396549043992,2021-07-11
"2021-07-18","75+","1","37",0.846979107848673,0.90279199407902,0.872454531322866,0.00447185813415574,0.0047241862589169,0.00466345406497746,2021-07-18
"2021-07-25","75+","1","37",0.852907961603614,0.909405854841504,0.879076636095134,0.0062111801242236,0.00677133363778089,0.00662210477226799,2021-07-25
"2021-08-01","75+","1","37",0.859119141727837,0.916492134229879,0.886009637805068,0.00652818991097923,0.00692880651307812,0.00693300170993316,2021-08-01
"2021-08-08","75+","1","37",0.86617730095991,0.924050832244146,0.893642157624747,0.00724532676423707,0.00755869801426704,0.00763251981967978,2021-08-08
"2021-08-15","75+","1","37",0.871400338791643,0.929247437128955,0.899020674646355,0.00493446414803392,0.00535407776010582,0.00537851702160734,2021-08-15
"2021-08-22","75+","1","37",0.875494071146245,0.934129096263169,0.903777397792632,0.00444648880711438,0.0047241862589169,0.00475672314627701,2021-08-22
"2021-08-29","75+","1","37",0.878740824392998,0.937750972395005,0.907259443494482,0.00372935535428876,0.00377934900713352,0.00348204570184984,2021-08-29
"2021-09-05","75+","1","37",0.881422924901186,0.94090042990095,0.91025959894295,0.00303582270795386,0.0031494575059446,0.00300015544846883,2021-09-05
"2021-09-12","75+","1","37",0.883681535855449,0.943262523030408,0.91240478781284,0.00216365066876475,0.00220462025416122,0.00214518886988963,2021-09-12
"2021-09-19","75+","1","37",0.885093167701863,0.94483725178338,0.91388154826675,0.00146929180135175,0.0015747287529723,0.00147676045390953,2021-09-19
"2021-09-26","75+","1","37",0.886081309994354,0.946254507661055,0.915358308720659,0.00143781452192667,0.00141725587767507,0.00147676045390953,2021-09-26
"2021-10-03","75+","1","37",0.886928289102202,0.947356817788136,0.916570806777553,0.000881575080811049,0.00110231012708061,0.00121249805689414,2021-10-03
"2021-10-10","75+","1","37",0.888057594579334,0.948616600790514,0.917814394528214,0.0011754334410814,0.00125978300237784,0.00124358775066066,2021-10-10
"2021-10-17","75+","1","37",0.888904573687182,0.949561438042297,0.918918078656925,0.000881575080811049,0.00110231012708061,0.00110368412871133,2021-10-17
"2021-10-24","75+","1","37",0.890033879164314,0.950348802418783,0.919819679776154,0.000587716720540699,0.00078736437648615,0.000901601119228976,2021-10-24
"2021-01-03","Tous âges","1","37",NA,NA,4.95556509960686e-05,NA,NA,4.79037959628663e-05,2021-01-03
"2021-01-10","Tous âges","1","37",0.00104275286757039,0.000789369819760558,0.00148666952988206,0.00101878153728141,0.00076470201289304,0.00143711387888599,2021-01-10
"2021-01-17","Tous âges","1","37",0.00667344173441734,0.00677542428627812,0.00680729459182662,0.00523373983739837,0.00524602026049204,0.00532062506194456,2021-01-17
"2021-01-24","Tous âges","1","37",0.0147527100271003,0.0148664649388238,0.0147659321417952,0.00807926829268293,0.00809104065254572,0.00795863754996862,2021-01-24
"2021-01-31","Tous âges","1","37",0.0248983739837398,0.0249967109590843,0.0251230631999736,0.010179539295393,0.0101302460202605,0.0103571310581783,2021-01-31
"2021-02-07","Tous âges","1","37",0.0294715447154472,0.0295849230364426,0.0296557534110806,0.00459010840108401,0.00460465728193659,0.00453269021110707,2021-02-07
"2021-02-14","Tous âges","1","37",0.0343665311653117,0.034469148796211,0.0344296144570352,0.0048780487804878,0.00486778055519011,0.00477386104595461,2021-02-14
"2021-02-21","Tous âges","1","37",0.0405657181571816,0.0407018813314038,0.0408090785952625,0.00623306233062331,0.00624917773977108,0.00637946413822723,2021-02-21
"2021-02-28","Tous âges","1","37",0.0471714092140921,0.0473128535718984,0.0476031583468235,0.00658875338753387,0.00659452703591633,0.006794079751561,2021-02-28
"2021-03-07","Tous âges","1","37",0.0604505420054201,0.0606334692803579,0.0608939839439691,0.0132791327913279,0.0133206157084594,0.0132908255971456,2021-03-07
"2021-03-14","Tous âges","1","37",0.0792174796747968,0.0793810024996711,0.0796359311506822,0.0188177506775068,0.0187639784238916,0.0187419472067131,2021-03-14
"2021-03-21","Tous âges","1","37",0.0922933604336043,0.0924549401394553,0.0926162080015858,0.0130420054200542,0.0130574924352059,0.0129802768509036,2021-03-21
"2021-03-28","Tous âges","1","37",0.115226964769648,0.115247993685041,0.115107866133668,0.0229336043360434,0.0228094987501645,0.0224916581320823,2021-03-28
"2021-04-04","Tous âges","1","37",0.136026422764228,0.136166293908696,0.135772572599029,0.02085027100271,0.0209183002236548,0.0206647064653606,2021-04-04
"2021-04-11","Tous âges","1","37",0.161449864498645,0.161524799368504,0.161283821731805,0.0254065040650406,0.0253585054598079,0.0255112491327761,2021-04-11
"2021-04-18","Tous âges","1","37",0.192750677506775,0.192902249703986,0.192930060457894,0.0313346883468835,0.0313774503354822,0.0316462387260894,2021-04-18
"2021-04-25","Tous âges","1","37",0.221036585365854,0.221253782397053,0.220755558492187,0.028319783197832,0.0283515326930667,0.0278254980342925,2021-04-25
"2021-05-02","Tous âges","1","37",0.256216124661247,0.256479410603868,0.255456077174667,0.0351456639566396,0.0352256282068149,0.0347005186824804,2021-05-02
"2021-05-09","Tous âges","1","37",0.289837398373984,0.290455203262729,0.288790511744689,0.0336720867208672,0.0339757926588607,0.0333344345700221,2021-05-09
"2021-05-16","Tous âges","1","37",0.320528455284553,0.321816208393632,0.317861508474016,0.0306741192411924,0.0313610051309038,0.029070996729327,2021-05-16
"2021-05-23","Tous âges","1","37",0.35619918699187,0.35860413103539,0.351830255376788,0.0357215447154472,0.0367879226417577,0.0339687469027718,2021-05-23
"2021-05-30","Tous âges","1","37",0.396036585365854,0.399914484936193,0.391719250718557,0.039820460704607,0.0413103539008025,0.0398889953417688,2021-05-30
"2021-06-06","Tous âges","1","37",0.441056910569106,0.447243783712669,0.438076910370346,0.0450711382113821,0.0473292987764768,0.046357659651789,2021-06-06
"2021-06-13","Tous âges","1","37",0.479962737127371,0.488225233521905,0.479232878522581,0.0388888888888889,0.0409650046046573,0.041155968152235,2021-06-13
"2021-06-20","Tous âges","1","37",0.512008807588076,0.522069464544139,0.514037464072153,0.0320630081300813,0.0338606762268123,0.0348045855495722,2021-06-20
"2021-06-27","Tous âges","1","37",0.535433604336043,0.546868833048283,0.539563579900228,0.0234247967479675,0.0247993685041442,0.0255261158280749,2021-06-27
"2021-07-04","Tous âges","1","37",0.552625338753387,0.565073674516511,0.558120519343222,0.0172425474254743,0.0182048414682279,0.0185569394429945,2021-07-04
"2021-07-11","Tous âges","1","37",0.569224254742547,0.582702933824497,0.576542006673494,0.0165650406504065,0.0176292593079858,0.0184214873302719,2021-07-11
"2021-07-18","Tous âges","1","37",0.584908536585366,0.599509932903565,0.592900327067297,0.0157520325203252,0.0168069990790685,0.0163583203938022,2021-07-18
"2021-07-25","Tous âges","1","37",0.611924119241192,0.628568609393501,0.621388218969903,0.0270155826558266,0.0290422312853572,0.0284878919026066,2021-07-25
"2021-08-01","Tous âges","1","37",0.648238482384824,0.667741086699119,0.661169843734514,0.036280487804878,0.0391724773056177,0.0397816247646107,2021-08-01
"2021-08-08","Tous âges","1","37",0.684400406504065,0.707028680436785,0.701499884370148,0.0361619241192412,0.0392875937376661,0.0403300406356338,2021-08-08
"2021-08-15","Tous âges","1","37",0.703912601626016,0.728308775161163,0.723682645611021,0.0195630081300813,0.0212800947243784,0.0221827612408735,2021-08-15
"2021-08-22","Tous âges","1","37",0.716581978319783,0.742089856597816,0.737678813307344,0.0126693766937669,0.0137810814366531,0.013996167696323,2021-08-22
"2021-08-29","Tous âges","1","37",0.726981707317073,0.753404157347717,0.749294657900823,0.01039972899729,0.0113143007499013,0.0116158445934785,2021-08-29
"2021-09-05","Tous âges","1","37",0.735687669376694,0.762860149980266,0.759123195348376,0.00875677506775068,0.00945599263254835,0.0098285374475536,2021-09-05
"2021-09-12","Tous âges","1","37",0.740735094850948,0.768369293514011,0.76495424361558,0.00503048780487805,0.00550914353374556,0.00583104826720407,2021-09-12
"2021-09-19","Tous âges","1","37",0.744969512195122,0.772941060386791,0.769747926921933,0.00418360433604336,0.0045717668727799,0.00479368330635303,2021-09-19
"2021-09-26","Tous âges","1","37",0.748221544715447,0.776460334166557,0.773567015758697,0.00323509485094851,0.00351927377976582,0.00381908883676369,2021-09-26
"2021-10-03","Tous âges","1","37",0.751253387533875,0.779765820286804,0.77706068915392,0.00301490514905149,0.00330548612024734,0.00349367339522284,2021-10-03
"2021-10-10","Tous âges","1","37",0.75384485094851,0.782561505065123,0.780138095080776,0.00264227642276423,0.00279568477831864,0.00307740592685586,2021-10-10
"2021-10-17","Tous âges","1","37",0.756114498644986,0.785028285751875,0.782764544583567,0.00226964769647696,0.00246678068675174,0.00262644950279164,2021-10-17
"2021-10-24","Tous âges","1","37",0.75804539295393,0.787149717142481,0.785095312035416,0.00196476964769648,0.0021214313906065,0.00233076745184843,2021-10-24
"2021-01-03","00-39","complet","37",NA,NA,0,NA,NA,0,2021-01-03
"2021-01-10","00-39","complet","37",NA,NA,0,NA,NA,0,2021-01-10
"2021-01-17","00-39","complet","37",NA,NA,0,NA,NA,0,2021-01-17
"2021-01-24","00-39","complet","37",NA,NA,7.17627809512874e-06,NA,NA,7.17627809512874e-06,2021-01-24
"2021-01-31","00-39","complet","37",NA,NA,2.8705112380515e-05,NA,NA,2.15288342853862e-05,2021-01-31
"2021-02-07","00-39","complet","37",0.000824289050693777,0.000777247378409363,0.000330108792375922,0.000824289050693777,0.000970214417386242,0.000301403679995407,2021-02-07
"2021-02-14","00-39","complet","37",0.00233430596081701,0.00213743029062575,0.000918563596176479,0.00150526843953838,0.00136018291221639,0.000588454803800557,2021-02-14
"2021-02-21","00-39","complet","37",0.00456860395446375,0.00453394304072129,0.00208112064758734,0.00244061178001952,0.00233174213522809,0.00116255705141086,2021-02-21
"2021-02-28","00-39","complet","37",0.00541212608791048,0.00550550226373299,0.00257269569710365,0.0010990520675917,0.000971559223011704,0.000491575049516319,2021-02-28
"2021-03-07","00-39","complet","37",0.00643604183427192,0.00647706148674469,0.00307503516376267,0.00106382978723404,0.000971559223011704,0.000502339466659012,2021-03-07
"2021-03-14","00-39","complet","37",0.00826446280991736,0.00822586808816576,0.00396489364755863,0.00204898947564497,0.00181357721628851,0.000889858483795964,2021-03-14
"2021-03-21","00-39","complet","37",0.0092883785562788,0.00913265669631002,0.00444211614088469,0.00100592377333184,0.000906788608144257,0.000477222493326061,2021-03-21
"2021-03-28","00-39","complet","37",0.0100928837855628,0.0101042159193217,0.00497316071992422,0.00123643357604066,0.000971559223011704,0.000531044579039527,2021-03-28
"2021-04-04","00-39","complet","37",0.0111167995319242,0.00865761870445993,0.00545755949134541,0.00106382978723404,0.00103632983787915,0.00048439877142119,2021-04-04
"2021-04-11","00-39","complet","37",0.00908340214698596,0.00985867563455841,0.00630077216752304,0.00167879127028539,0.00155449475681873,0.000843212676177627,2021-04-11
"2021-04-18","00-39","complet","37",0.0104768786127168,0.0114600848746897,0.00741668341131556,0.00223463687150838,0.00213743029062575,0.00111591124379252,2021-04-18
"2021-04-25","00-39","complet","37",0.0132122213047069,0.01451277123869,0.00941168872176135,0.00409525254057333,0.00388623689204682,0.00199500531044579,2021-04-25
"2021-05-02","00-39","complet","37",0.0189925681255161,0.020768276082953,0.0135775181559836,0.00826446280991736,0.00816109747329831,0.00416582943422223,2021-05-02
"2021-05-09","00-39","complet","37",0.0245148637489678,0.0270738249659701,0.0179837529063926,0.00786399041342121,0.00803155624356342,0.00440623475040905,2021-05-09
"2021-05-16","00-39","complet","37",0.0302046438410075,0.0350308271278725,0.0236135430720211,0.0100928837855628,0.0102337571490566,0.0056297901656285,2021-05-16
"2021-05-23","00-39","complet","37",0.036698150334514,0.0424373448634799,0.0287876395786089,0.00676094137076796,0.00958605100038215,0.00517409650658782,2021-05-23
"2021-05-30","00-39","complet","37",0.0439787485242031,0.0509448314516775,0.0346901283118523,0.00774153592072667,0.011011004527466,0.00590248873324339,2021-05-30
"2021-06-06","00-39","complet","37",0.0445611587542571,0.0615541676675474,0.0420027556907885,0.00905437466711858,0.0105592921771159,0.00731262737893619,2021-06-06
"2021-06-13","00-39","complet","37",0.0515415019762846,0.0735647369685323,0.0503595315325659,0.0103132716796591,0.0120105693009849,0.00835677584177742,2021-06-13
"2021-06-20","00-39","complet","37",0.0627087054438146,0.091280326687485,0.0624910296523811,0.0133790886581817,0.0177155897189527,0.0121314981198151,2021-06-20
"2021-06-27","00-39","complet","37",0.0812478442494156,0.119905516854832,0.0820643281568447,0.0195405437029525,0.0286251901673473,0.0195732985044636,2021-06-27
"2021-07-04","00-39","complet","37",0.107653393630476,0.159440307470574,0.108487384103109,0.0263672249262254,0.0396348786932501,0.026423055946264,2021-07-04
"2021-07-11","00-39","complet","37",0.149810293948569,0.222545840339499,0.152811665757671,0.0423485225922661,0.0631055328689247,0.0443242816545627,2021-07-11
"2021-07-18","00-39","complet","37",0.202314797072012,0.300714628873409,0.208065418951115,0.0522362319396007,0.0781687885339098,0.0552537531934437,2021-07-18
"2021-07-25","00-39","complet","37",0.265435174184647,0.394347025382336,0.276950512386256,0.0632353504771395,0.0937324845864361,0.0688850934351408,2021-07-25
"2021-08-01","00-39","complet","37",0.309393323879968,0.458953879413884,0.32387978298935,0.0438431763308167,0.0645568099927937,0.0469292706030944,2021-08-01
"2021-08-08","00-39","complet","37",0.339094776376806,0.502842501401233,0.355702988202199,0.0298547503161768,0.0438886219873489,0.0318232052128484,2021-08-08
"2021-08-15","00-39","complet","37",0.367109952860921,0.544329009528385,0.384985790969372,0.0281301498486184,0.041536552165906,0.0292828027671728,2021-08-15
"2021-08-22","00-39","complet","37",0.409458475453187,0.607884938746097,0.431376840715331,0.04246349595677,0.0635559292177116,0.0463910497459598,2021-08-22
"2021-08-29","00-39","complet","37",0.46138811175411,0.686003683241252,0.489318110055401,0.051891311846089,0.0781187444951557,0.0579412693400695,2021-08-29
"2021-09-05","00-39","complet","37",0.498869428582378,0.741652654335816,0.530829290696673,0.0375196412831027,0.0555989270558091,0.0415111806412722,2021-09-05
"2021-09-12","00-39","complet","37",0.516422028896639,0.767975818720474,0.549728019060195,0.0176675736787644,0.0262731203459044,0.0188987283635215,2021-09-12
"2021-09-19","00-39","complet","37",0.531790135285326,0.790495636159821,0.56574905990757,0.015329781933852,0.0226199055168548,0.0160210408473749,2021-09-19
"2021-09-26","00-39","complet","37",0.546085156938643,0.811914484746577,0.581877744926371,0.0144483194726555,0.0214188485867563,0.0161286850188018,2021-09-26
"2021-10-03","00-39","complet","37",0.555397999463458,0.825576507326447,0.592204409105262,0.00931284252481508,0.0137120666186244,0.0103266641788903,2021-10-03
"2021-10-10","00-39","complet","37",0.562028130149849,0.83548522699976,0.599868674110859,0.00659180623155636,0.00990871967331251,0.0076642650055975,2021-10-10
"2021-10-17","00-39","complet","37",0.568045069558886,0.844292977820482,0.606639492493613,0.00609358831870617,0.00880775082072224,0.00677081838275397,2021-10-17
"2021-10-24","00-39","complet","37",0.573065573142222,0.851849627672352,0.612416396360192,0.00505882803817116,0.00750660581311554,0.00577690386657864,2021-10-24
"2021-01-03","40-64","complet","37",NA,NA,0,NA,NA,0,2021-01-03
"2021-01-10","40-64","complet","37",NA,NA,2.08495134244805e-05,NA,NA,2.08495134244805e-05,2021-01-10
"2021-01-17","40-64","complet","37",NA,NA,7.29732969856816e-05,NA,NA,5.21237835612011e-05,2021-01-17
"2021-01-24","40-64","complet","37",NA,0.00013037469687883,0.000125097080546883,NA,NA,5.21237835612011e-05,2021-01-24
"2021-01-31","40-64","complet","37",0.00283595113438045,0.00186887747950724,0.00186081907313488,0.00294950448324681,0.00176505095286795,0.001735721992588,2021-01-31
"2021-02-07","40-64","complet","37",0.00871424752739909,0.00898099455429868,0.00843884055855846,0.00695001336541032,0.00711211707479144,0.00657802148542358,2021-02-07
"2021-02-14","40-64","complet","37",0.0168938786420743,0.017131376895483,0.0162886823628754,0.00820919865173426,0.008202295604504,0.00784984180431689,2021-02-14
"2021-02-21","40-64","complet","37",0.0257150494520182,0.0258528051331835,0.0246024258408869,0.00882117080994387,0.00872142823770045,0.00831374347801158,2021-02-21
"2021-02-28","40-64","complet","37",0.02956428762363,0.0297982131454765,0.0284647982027719,0.00404320801400036,0.00384158148565377,0.003862372361885,2021-02-28
"2021-03-07","40-64","complet","37",0.0320235231221598,0.0323938763114588,0.0310501378674075,0.0026334382426617,0.00269948969262157,0.00258533966463558,2021-03-07
"2021-03-14","40-64","complet","37",0.0354450681635926,0.0358201516905554,0.0344225466638172,0.00380228136882129,0.00337436211577696,0.00337240879640971,2021-03-14
"2021-03-21","40-64","complet","37",0.0369954557604918,0.0374294628534644,0.0359237116303798,0.00196078431372549,0.00160931116290901,0.00150116496656259,2021-03-21
"2021-03-28","40-64","complet","37",0.0389200748462978,0.039402166859611,0.0379200525407738,0.00207220849605483,0.00197270400614653,0.001996340910394,2021-03-28
"2021-04-04","40-64","complet","37",0.0408446939321037,0.0413748708657575,0.0398277830191138,0.00208933717579251,0.00202461726946618,0.00190773047833996,2021-04-04
"2021-04-11","40-64","complet","37",0.0435712376369955,0.0440743605583791,0.0424652464673106,0.00289874612376972,0.00275140295594121,0.00263746344819678,2021-04-11
"2021-04-18","40-64","complet","37",0.0468323977546111,0.0475525492007953,0.0459054161823498,0.00373111505290843,0.00347818864241625,0.00344016971503928,2021-04-18
"2021-04-25","40-64","complet","37",0.0521251002405774,0.0530034418493581,0.0516129704823014,0.00542593597395551,0.00545089264856278,0.00570755429995152,2021-04-25
"2021-05-02","40-64","complet","37",0.0635658914728682,0.0646320128329587,0.0626684249756321,0.0114407912322908,0.0116285709836006,0.0110554544933308,2021-05-02
"2021-05-09","40-64","complet","37",0.0786955359529538,0.0805693846720899,0.0786704265289209,0.0153969526864475,0.0159373718391312,0.0160020015532887,2021-05-09
"2021-05-16","40-64","complet","37",0.100026730820636,0.10247678179298,0.100275734815039,0.0212777332264101,0.0219073971208904,0.0216053082861179,2021-05-16
"2021-05-23","40-64","complet","37",0.121892542101043,0.125422444180264,0.123100739636489,0.0219192729216787,0.0229456623872833,0.02282500482145,2021-05-23
"2021-05-30","40-64","complet","37",0.146377973803796,0.151067596260169,0.148438110825589,0.0245388933440257,0.0256970653432245,0.0253373711890999,2021-05-30
"2021-06-06","40-64","complet","37",0.180860732424485,0.188133666270395,0.184612016617062,0.0345896819032344,0.0369622434835876,0.0361739057914736,2021-06-06
"2021-06-13","40-64","complet","37",0.226998128842555,0.2372955266341,0.232659720303777,0.0462977813418872,0.0491618603637043,0.0480477036867152,2021-06-13
"2021-06-20","40-64","complet","37",0.282972467254745,0.295542208078742,0.289370396818364,0.0559743384121893,0.0582985947079619,0.0567106765145868,2021-06-20
"2021-06-27","40-64","complet","37",0.351349906442128,0.365780853350222,0.356135751181907,0.0685912857524726,0.0702386452714804,0.0667653543635425,2021-06-27
"2021-07-04","40-64","complet","37",0.433734295642876,0.449724600138089,0.436938040458481,0.0822774659182037,0.0839437467878668,0.080802289276574,2021-07-04
"2021-07-11","40-64","complet","37",0.522427158513766,0.539846025260994,0.52725813261333,0.0889601710772521,0.0901733383862243,0.0903200921548493,2021-07-11
"2021-07-18","40-64","complet","37",0.592461908580593,0.610811456218949,0.598459220957931,0.0699278267842823,0.0709654309579554,0.0712010883446008,2021-07-18
"2021-07-25","40-64","complet","37",0.660572039561615,0.679804183170758,0.669253743790754,0.0681635926222935,0.0689927269518089,0.0707945228328234,2021-07-25
"2021-08-01","40-64","complet","37",0.703127506014435,0.72346323762258,0.713845640627362,0.0426623897353649,0.0437628809784612,0.0445918968366076,2021-08-01
"2021-08-08","40-64","complet","37",0.728682170542636,0.749471782545723,0.741283600293978,0.025554664528201,0.0260085449231424,0.0274379596666163,2021-08-08
"2021-08-15","40-64","complet","37",0.748516439454691,0.77039282766354,0.762862846688315,0.0200481154771451,0.0209210451178172,0.0215792463943373,2021-08-15
"2021-08-22","40-64","complet","37",0.77759957230687,0.800294867335656,0.793386534341755,0.0289762095696338,0.0298501264087962,0.0305236876534394,2021-08-22
"2021-08-29","40-64","complet","37",0.812777332264101,0.836841804712686,0.831145003153489,0.0353381448810478,0.0365988506403501,0.0377584688117341,2021-08-29
"2021-09-05","40-64","complet","37",0.836888532477947,0.862019737422714,0.857321567257924,0.0239508152900294,0.0252298459733477,0.0261765641044352,2021-09-05
"2021-09-12","40-64","complet","37",0.848008553862604,0.873804048196274,0.869205789909878,0.0114407912322908,0.0117843107735595,0.0118842226519539,2021-09-12
"2021-09-19","40-64","complet","37",0.856776263031275,0.882940782540531,0.878436911978567,0.0087676305614551,0.00918864760757726,0.00923112206868872,2021-09-19
"2021-09-26","40-64","complet","37",0.864153969526865,0.890779685301798,0.886818416375208,0.00765755839576906,0.00783890276126648,0.00838150439664114,2021-09-26
"2021-10-03","40-64","complet","37",0.869018978882652,0.895867185107123,0.892072493758177,0.00504529297098957,0.00508749980532526,0.00525407738296908,2021-10-03
"2021-10-10","40-64","complet","37",0.872868217054264,0.899916419646055,0.896237184064717,0.00415602921094817,0.00399732127561271,0.00416469030653997,2021-10-10
"2021-10-17","40-64","complet","37",0.875648222400428,0.902823562391955,0.899312487294828,0.00308999613750483,0.00290714274590015,0.00307530323011087,2021-10-17
"2021-10-24","40-64","complet","37",0.877626303127506,0.904848179661422,0.901569447123028,0.00224963152587076,0.00207653053278582,0.00225695982820001,2021-10-24
"2021-01-03","65-74","complet","37",NA,NA,0,NA,NA,0,2021-01-03
"2021-01-10","65-74","complet","37",NA,NA,0,NA,NA,0,2021-01-10
"2021-01-17","65-74","complet","37",NA,NA,2.83675871948711e-05,NA,NA,2.83675871948711e-05,2021-01-17
"2021-01-24","65-74","complet","37",NA,NA,2.83675871948711e-05,NA,NA,0,2021-01-24
"2021-01-31","65-74","complet","37",0.00246229609110496,0.00168807236203525,0.00160276867651022,0.00246229609110496,0.00154739966519898,0.00157440108931535,2021-01-31
"2021-02-07","65-74","complet","37",0.00609968630184733,0.00492354438926949,0.00479412223593322,0.00437201907790143,0.00337614472407051,0.003191353559423,2021-02-07
"2021-02-14","65-74","complet","37",0.0108338804990151,0.00942507068803016,0.00890742237918954,0.00505402579295922,0.0043608536019244,0.00411330014325632,2021-02-14
"2021-02-21","65-74","complet","37",0.0166154705389556,0.01659937822668,0.015956767797115,0.0073094867807154,0.00731498023548609,0.00704934541792548,2021-02-21
"2021-02-28","65-74","complet","37",0.0201061156101648,0.0212415772222769,0.0203395600187226,0.00462107208872458,0.00464219899559694,0.00438279222160759,2021-02-28
"2021-03-07","65-74","complet","37",0.0231778832728288,0.0243363765526749,0.0231621349446123,0.00316809541557958,0.00309479933039796,0.00282257492588968,2021-03-07
"2021-03-14","65-74","complet","37",0.0275062831611282,0.0291192482451081,0.0277293164829865,0.00447464368578058,0.00478287169243322,0.00456718153837425,2021-03-14
"2021-03-21","65-74","complet","37",0.0302987992180955,0.0326360656660149,0.0314454704055147,0.00296076980014804,0.00351681742090678,0.00371615392252812,2021-03-21
"2021-03-28","65-74","complet","37",0.033929070092153,0.0372782646616118,0.0361970412606556,0.00409276944065484,0.00478287169243322,0.00475157085514092,2021-03-28
"2021-04-04","65-74","complet","37",0.0393744764032393,0.0437492087160803,0.0424662780307221,0.00535348763974177,0.00647094405446847,0.00626923677006652,2021-04-04
"2021-04-11","65-74","complet","37",0.0457972633342642,0.051908225132584,0.0503808348580911,0.00671140939597315,0.00815901641650372,0.00791455682736905,2021-04-11
"2021-04-18","65-74","complet","37",0.0530578050823792,0.0613332958206142,0.0594868303476448,0.00759856630824373,0.00942507068803016,0.00910599548955364,2021-04-18
"2021-04-25","65-74","complet","37",0.0646467467187936,0.0759632562915864,0.0730890884075855,0.0121474448478079,0.0146299604709722,0.0136022580599407,2021-04-25
"2021-05-02","65-74","complet","37",0.0953644233454342,0.110850085106982,0.107896117895692,0.030857302429489,0.0350275015122315,0.0348070294881069,2021-05-02
"2021-05-09","65-74","complet","37",0.155822395978777,0.17654423452952,0.174758520914004,0.0603183468304943,0.0655534767257023,0.0668624030183113,2021-05-09
"2021-05-16","65-74","complet","37",0.220888020106116,0.246599237553983,0.244542785413387,0.064786372521642,0.0701956757212993,0.069784264499383,2021-05-16
"2021-05-23","65-74","complet","37",0.272549567160011,0.300054862351766,0.297363232770237,0.0518011728567439,0.053455624797783,0.0528204473568501,2021-05-23
"2021-05-30","65-74","complet","37",0.318346830494275,0.346898870398244,0.343488929549097,0.0459368891371125,0.0468440080464783,0.0461256967788605,2021-05-30
"2021-06-06","65-74","complet","37",0.402820441217537,0.432005851984188,0.428052706977008,0.0843339849204133,0.0849663088891077,0.0845637774279109,2021-06-06
"2021-06-13","65-74","complet","37",0.517313599553197,0.546372754512077,0.540530190204672,0.114213906729964,0.114366902527888,0.112477483227664,2021-06-13
"2021-06-20","65-74","complet","37",0.612259145490087,0.641748842967068,0.634781498659632,0.0952247975425859,0.0953760884549918,0.0942513084549594,2021-06-20
"2021-06-27","65-74","complet","37",0.672158614912036,0.702519448000338,0.694807313163979,0.0598994694219492,0.0607706050332691,0.0600258145043473,2021-06-27
"2021-07-04","65-74","complet","37",0.72395978776878,0.754568345829758,0.745812234940357,0.0520804244624407,0.0520488978294203,0.0510049217763783,2021-07-04
"2021-07-11","65-74","complet","37",0.771572186540073,0.801553026573072,0.793824376267677,0.0474727729684446,0.0469846807433145,0.0480121413273194,2021-07-11
"2021-07-18","65-74","complet","37",0.800195476123988,0.830531602121344,0.823766364551863,0.0290421669924602,0.0289785755482718,0.0299419882841865,2021-07-18
"2021-07-25","65-74","complet","37",0.82993577213069,0.860354213850634,0.854743769768662,0.029740296006702,0.0298226117292895,0.0309774052167993,2021-07-25
"2021-08-01","65-74","complet","37",0.851438145769338,0.881736463769747,0.876955590542246,0.0213627478358001,0.0215229226159495,0.0222118207735841,2021-08-01
"2021-08-08","65-74","complet","37",0.863166713208601,0.893834315697666,0.889777739954328,0.0120078190449595,0.011957179231083,0.0128221494120818,2021-08-08
"2021-08-15","65-74","complet","37",0.871265009773806,0.902556022901515,0.898983021999064,0.00845697329376855,0.0087217072038488,0.00920528204473568,2021-08-15
"2021-08-22","65-74","complet","37",0.879642557944708,0.9114184028022,0.908287590598982,0.00865679977659872,0.00886237990068508,0.00930456859991773,2021-08-22
"2021-08-29","65-74","complet","37",0.890393744764032,0.922531545852265,0.920287079982412,0.0103323094107791,0.0111131430500654,0.0119994893834305,2021-08-29
"2021-09-05","65-74","complet","37",0.897793912314996,0.930549889571933,0.928584599236912,0.00779558250324816,0.00801834371966745,0.00829751925449981,2021-09-05
"2021-09-12","65-74","complet","37",0.901982686400447,0.934910743173857,0.933066678013702,0.00427012494069271,0.0043608536019244,0.00448207877678964,2021-09-12
"2021-09-19","65-74","complet","37",0.905892208880201,0.938990251382109,0.937449470235309,0.00461775269368907,0.00422018090508813,0.00438279222160759,2021-09-19
"2021-09-26","65-74","complet","37",0.908824350740017,0.942085050712507,0.940853580698694,0.00295178747130207,0.00295412663356169,0.00340411046338454,2021-09-26
"2021-10-03","65-74","complet","37",0.910639486177045,0.944054468468215,0.942966965944712,0.00239578342117873,0.00211009045254407,0.0021133852460179,2021-10-03
"2021-10-10","65-74","complet","37",0.912454621614074,0.945883213527086,0.944995248429145,0.00175658720200753,0.00182874505887152,0.00202828248443329,2021-10-10
"2021-10-17","65-74","complet","37",0.913990505445406,0.947289940495449,0.94651291434407,0.00150564617314931,0.00140672696836271,0.00151766591492561,2021-10-17
"2021-10-24","65-74","complet","37",0.915247137671042,0.948555994766976,0.947888742323022,0.00123114804555248,0.00126605427152644,0.00137582797895125,2021-10-24
"2021-01-03","75+","complet","37",NA,NA,0,NA,NA,0,2021-01-03
"2021-01-10","75+","complet","37",NA,NA,0,NA,NA,0,2021-01-10
"2021-01-17","75+","complet","37",NA,NA,3.10896937665164e-05,NA,NA,3.10896937665164e-05,2021-01-17
"2021-01-24","75+","complet","37",0.000587716720540699,0.00047241862589169,0.000279807243898648,0.000587716720540699,0.00047241862589169,0.000248717550132131,2021-01-24
"2021-01-31","75+","complet","37",0.00469157254561251,0.00503913200951136,0.00408829473029691,0.00417028670721112,0.00456671338361967,0.00380848748639826,2021-01-31
"2021-02-07","75+","complet","37",0.0101979604079184,0.0118104656472923,0.0096688947613866,0.00569886022795441,0.00677133363778089,0.00558060003108969,2021-02-07
"2021-02-14","75+","complet","37",0.0251270468661773,0.0297623734311765,0.0247784859319136,0.0158890654340604,0.0179519077838842,0.015109591170527,2021-02-14
"2021-02-21","75+","complet","37",0.0756634669678148,0.0861376627875848,0.0767915436032955,0.0501129305477132,0.0563752893564084,0.0520130576713819,2021-02-21
"2021-02-28","75+","complet","37",0.103896103896104,0.117947183597625,0.108332037929426,0.0283738001129305,0.0318095208100405,0.0315404943261309,2021-02-28
"2021-03-07","75+","complet","37",0.131564088085827,0.149126812906477,0.138753303279963,0.0278091473743648,0.0311796293088515,0.0304212653505363,2021-03-07
"2021-03-14","75+","complet","37",0.161914172783738,0.182983481095381,0.17037152184051,0.0304912478825522,0.0340141410642017,0.0316182185605472,2021-03-14
"2021-03-21","75+","complet","37",0.180406549971767,0.20298253625813,0.192258666252137,0.0186335403726708,0.0199990551627482,0.0218871444116275,2021-03-21
"2021-03-28","75+","complet","37",0.201298701298701,0.225973576051525,0.214239079745065,0.0211744776962168,0.0229910397933956,0.0219804134929271,2021-03-28
"2021-04-04","75+","complet","37",0.238424618859401,0.265971686377022,0.251406808642935,0.0369847543760587,0.0401555832007937,0.0371677288978704,2021-04-04
"2021-04-11","75+","complet","37",0.280914737436477,0.311953765963813,0.293984144256179,0.0424901185770751,0.0459820795867912,0.0425773356132442,2021-04-11
"2021-04-18","75+","complet","37",0.334839073969509,0.370848621324977,0.350147676045391,0.0539243365330322,0.058894855361164,0.0561635317892119,2021-04-18
"2021-04-25","75+","complet","37",0.401468097120271,0.444073508338189,0.41789211876263,0.0671936758893281,0.073224887013212,0.0677444427172392,2021-04-25
"2021-05-02","75+","complet","37",0.457368718238283,0.50312583657465,0.47447536141769,0.0560417843026539,0.0592098011117585,0.0565832426550598,2021-05-02
"2021-05-09","75+","complet","37",0.503387916431395,0.549422861912036,0.520441473651485,0.0458780350084698,0.0462970253373856,0.0459661122337945,2021-05-09
"2021-05-16","75+","complet","37",0.555053642010164,0.60201880226131,0.571599564744287,0.0516657255787691,0.0525959403492748,0.0511580910928027,2021-05-16
"2021-05-23","75+","complet","37",0.585544889892716,0.632568540068973,0.600544069640914,0.031055900621118,0.0305497378076626,0.0289445048966268,2021-05-23
"2021-05-30","75+","complet","37",0.611518915866742,0.658394091617719,0.625198196797762,0.0261151891586674,0.025983024424043,0.0246541271568475,2021-05-30
"2021-06-06","75+","complet","37",0.647656691134952,0.694297907185487,0.660391730141458,0.03613777526821,0.0357463426924712,0.0351935333436966,2021-06-06
"2021-06-13","75+","complet","37",0.692828910220215,0.740122513896981,0.705378517021607,0.0454545454545455,0.0458246067114939,0.0449867868801492,2021-06-13
"2021-06-20","75+","complet","37",0.730237154150198,0.778230949718911,0.742235348981813,0.0374082439299831,0.0382659086972269,0.0368568319602052,2021-06-20
"2021-06-27","75+","complet","37",0.755787690570299,0.804528919893548,0.767682263329706,0.0258328627893845,0.0262979701746374,0.0254469143478937,2021-06-27
"2021-07-04","75+","complet","37",0.776115189158667,0.826102703809269,0.788683351468988,0.020609824957651,0.0214163110404233,0.0210010881392818,2021-07-04
"2021-07-11","75+","complet","37",0.79587803500847,0.846731650473206,0.809187004508006,0.0194805194805195,0.0206289466639371,0.0205036530390176,2021-07-11
"2021-07-18","75+","complet","37",0.808300395256917,0.859644426247579,0.822322400124359,0.0124223602484472,0.0130702486496701,0.0131353956163532,2021-07-18
"2021-07-25","75+","complet","37",0.82326369282891,0.875391713777302,0.838489040882947,0.0149632975719932,0.0155898146544258,0.0161666407585885,2021-07-25
"2021-08-01","75+","complet","37",0.833709768492377,0.886729760798702,0.850645111145655,0.0108679901463556,0.0113380470214006,0.0121560702627079,2021-08-01
"2021-08-08","75+","complet","37",0.840485601355167,0.894130985937672,0.859117052697031,0.0072700296735905,0.00740122513896981,0.00847194155137572,2021-08-08
"2021-08-15","75+","complet","37",0.845426312817617,0.899642536573075,0.865288356909684,0.00512520134719578,0.00551155063540305,0.00617130421265351,2021-08-15
"2021-08-22","75+","complet","37",0.851355166572558,0.906256397335559,0.87247007616975,0.00608308605341246,0.00645638788718643,0.00718171926006529,2021-08-22
"2021-08-29","75+","complet","37",0.857707509881423,0.91302773097334,0.87991605782683,0.00635234330886505,0.00677133363778089,0.00744598165708068,2021-08-29
"2021-09-05","75+","complet","37",0.862507058159232,0.918539281608743,0.88554329239857,0.00504451038575668,0.00551155063540305,0.00562723457173947,2021-09-05
"2021-09-12","75+","complet","37",0.865471485036702,0.922003684865282,0.889180786569252,0.00326797385620915,0.00362187613183629,0.00363749417068242,2021-09-12
"2021-09-19","75+","complet","37",0.868435911914173,0.925153142371227,0.89241411472097,0.00305395317271802,0.0031494575059446,0.00323332815171771,2021-09-19
"2021-09-26","75+","complet","37",0.871259175607002,0.927987654126577,0.895507539250738,0.00292077400511135,0.00299198463064737,0.00309342452976838,2021-09-26
"2021-10-03","75+","complet","37",0.873658949745906,0.930349747256035,0.897777086895694,0.00215672178289001,0.00220462025416122,0.0022695476449557,2021-10-03
"2021-10-10","75+","complet","37",0.875635234330887,0.932554367510196,0.899968910306233,0.00218962119553317,0.00220462025416122,0.00219182341053941,2021-10-10
"2021-10-17","75+","complet","37",0.877046866177301,0.934444042013763,0.902160733716773,0.00191708602923556,0.00188967450356676,0.00219182341053941,2021-10-17
"2021-10-24","75+","complet","37",0.878458498023715,0.935546352140844,0.903544225089383,0.000958543014617781,0.00125978300237784,0.00138349137260998,2021-10-24
"2021-01-03","Tous âges","complet","37",NA,NA,0,NA,NA,0,2021-01-03
"2021-01-10","Tous âges","complet","37",NA,NA,6.60742013280914e-06,NA,NA,6.60742013280914e-06,2021-01-10
"2021-01-17","Tous âges","complet","37",NA,3.28904091566899e-05,2.97333905976412e-05,NA,3.28904091566899e-05,2.3125970464832e-05,2021-01-17
"2021-01-24","Tous âges","complet","37",0.000106727382688819,9.86712274700697e-05,7.59853315273052e-05,7.11515884592124e-05,6.57808183133798e-05,4.6251940929664e-05,2021-01-24
"2021-01-31","Tous âges","complet","37",0.00131949967464392,0.00133206157084594,0.00122402457960289,0.00124719832260863,0.00123339034337587,0.00114803924807559,2021-01-31
"2021-02-07","Tous âges","complet","37",0.00477642276422764,0.00486778055519011,0.00441210479368331,0.0035230352303523,0.00353571898434417,0.00318808021408041,2021-02-07
"2021-02-14","Tous âges","complet","37",0.0100440379403794,0.0101795816339955,0.00925534375103241,0.00531842818428184,0.00532824628338377,0.0048432389573491,2021-02-14
"2021-02-21","Tous âges","complet","37",0.020189701897019,0.0202933824496777,0.018773332452344,0.0101287262872629,0.0101138008156821,0.00951798870131157,2021-02-21
"2021-02-28","Tous âges","complet","37",0.0255420054200542,0.0256051835284831,0.0240856982391225,0.00533536585365854,0.00531180107880542,0.00531236578677855,2021-02-28
"2021-03-07","Tous âges","complet","37",0.0302337398373984,0.0303414024470464,0.0286976774918233,0.00472560975609756,0.00473621891856335,0.00461197925270078,2021-03-07
"2021-03-14","Tous âges","complet","37",0.0358739837398374,0.0359656624128404,0.0340678582047639,0.00564024390243902,0.00562425996579397,0.00537018071294063,2021-03-14
"2021-03-21","Tous âges","complet","37",0.0391260162601626,0.0392053677147744,0.0375218870791899,0.0032689701897019,0.00323970530193396,0.00345402887442598,2021-03-21
"2021-03-28","Tous âges","complet","37",0.0429878048780488,0.0430206551769504,0.0412881165548911,0.00386178861788618,0.00381528746217603,0.00376622947570121,2021-03-28
"2021-04-04","Tous âges","complet","37",0.0488651761517615,0.0488587028022629,0.0467954012355876,0.00589430894308943,0.00583804762531246,0.00550728468069642,2021-04-04
"2021-04-11","Tous âges","complet","37",0.0559281842818428,0.0558643599526378,0.0534655918596584,0.0070630081300813,0.00700565715037495,0.00667019062407083,2021-04-11
"2021-04-18","Tous âges","complet","37",0.0648712737127371,0.0647447704249441,0.0620981862631735,0.00887533875338753,0.00888041047230628,0.00863259440351515,2021-04-18
"2021-04-25","Tous âges","complet","37",0.0768970189701897,0.0767991053808709,0.0736083121345271,0.0120934959349593,0.0120543349559269,0.0115101258713535,2021-04-25
"2021-05-02","Tous âges","complet","37",0.0928692411924119,0.0928167346401789,0.0890961049258317,0.0159722222222222,0.016017629259308,0.0154877927913046,2021-05-02
"2021-05-09","Tous âges","complet","37",0.11234756097561,0.112419418497566,0.10886715781823,0.0195121951219512,0.0196026838573872,0.0197710528923982,2021-05-09
"2021-05-16","Tous âges","complet","37",0.135535230352304,0.135640047362189,0.131869239155572,0.0231707317073171,0.0232370740692014,0.0230020813373418,2021-05-16
"2021-05-23","Tous âges","complet","37",0.154607046070461,0.154798710695961,0.15071194951931,0.0190718157181572,0.0191586633337719,0.0188427103637385,2021-05-23
"2021-05-30","Tous âges","complet","37",0.173560298102981,0.173940928825155,0.169450593015957,0.0190040650406504,0.0191257729246152,0.0187386434966467,2021-05-30
"2021-06-06","Tous âges","complet","37",0.202337398373984,0.20280226286015,0.197869107007169,0.0287432249322493,0.0288613340349954,0.0284185139912121,2021-06-06
"2021-06-13","Tous âges","complet","37",0.239871273712737,0.24046178134456,0.234822755954937,0.0375677506775068,0.0376759636889883,0.0369536489477683,2021-06-13
"2021-06-20","Tous âges","complet","37",0.27889566395664,0.279897381923431,0.273272985562787,0.0390413279132791,0.0394356005788712,0.0384502296078496,2021-06-20
"2021-06-27","Tous âges","complet","37",0.319427506775068,0.321388633074595,0.313137203079058,0.0405487804878049,0.0414912511511643,0.0398642175162708,2021-06-27
"2021-07-04","Tous âges","complet","37",0.365904471544715,0.369326404420471,0.359080247117513,0.0464769647696477,0.0479377713458755,0.0459430440384552,2021-07-04
"2021-07-11","Tous âges","complet","37",0.420833333333333,0.426259702670701,0.415879282434174,0.054979674796748,0.0569332982502302,0.0567990353166606,2021-07-11
"2021-07-18","Tous âges","complet","37",0.471121273712737,0.479163925799237,0.468763421322145,0.0502879403794038,0.0529042231285357,0.0528841388879712,2021-07-18
"2021-07-25","Tous âges","complet","37",0.525982384823848,0.536919484278384,0.52823680993756,0.0548949864498645,0.0577720036837258,0.0594733886154151,2021-07-25
"2021-08-01","Tous âges","complet","37",0.56270325203252,0.575697276674122,0.567851597343817,0.0367378048780488,0.0387613471911591,0.0396147874062572,2021-08-01
"2021-08-08","Tous âges","complet","37",0.586144986449864,0.600529535587423,0.593590802471175,0.0234417344173442,0.0248322589133009,0.025739205127358,2021-08-08
"2021-08-15","Tous âges","complet","37",0.606470189701897,0.622401657676621,0.615638111599326,0.0203252032520325,0.0218721220891988,0.0220473091281509,2021-08-15
"2021-08-22","Tous âges","complet","37",0.636128048780488,0.654453361399816,0.648514982325151,0.0296747967479675,0.0320517037231943,0.0328768707258251,2021-08-22
"2021-08-29","Tous âges","complet","37",0.672273035230352,0.693724509932904,0.689343883180812,0.0361449864498645,0.0392711485330878,0.0408289008556609,2021-08-29
"2021-09-05","Tous âges","complet","37",0.697882791327913,0.72148401526115,0.718314116753114,0.0256266937669377,0.0277595053282463,0.0289702335723017,2021-09-05
"2021-09-12","Tous âges","complet","37",0.71019647696477,0.734738850151296,0.731689186956953,0.0122967479674797,0.013254834890146,0.0133750702038389,2021-09-12
"2021-09-19","Tous âges","complet","37",0.720494579945799,0.745872253650835,0.742844163996168,0.0102981029810298,0.0111334034995395,0.011154977039215,2021-09-19
"2021-09-26","Tous âges","complet","37",0.729844173441734,0.756035390080253,0.753650599623377,0.00936653116531165,0.0101631364294172,0.0108064356272094,2021-09-26
"2021-10-03","Tous âges","complet","37",0.736026422764228,0.762613471911591,0.760557005517196,0.00616531165311653,0.00657808183133798,0.00690640589381876,2021-10-03
"2021-10-10","Tous âges","complet","37",0.740616531165312,0.767579923694251,0.765874326869074,0.00459010840108401,0.00496645178266018,0.00531732135187816,2021-10-10
"2021-10-17","Tous âges","complet","37",0.744512195121951,0.77175700565715,0.77037563183455,0.00396341463414634,0.00419352716747796,0.00450130496547623,2021-10-17
"2021-10-24","Tous âges","complet","37",0.747628726287263,0.775161163004868,0.774057616703558,0.00311653116531165,0.00340415734771741,0.0036819848690079,2021-10-24
