dep;clage_vacsi;jour;n_tot_dose1;n_tot_complet;pop;couv_tot_dose1;couv_tot_complet
00;59;2021-07-08;0;1;;;
00;69;2021-07-08;0;1;;;
00;79;2021-07-08;1;0;;;
00;80;2021-07-08;1;0;;;
01;04;2021-07-08;38;21;38356.0;0.1;0.1
01;09;2021-07-08;11;2;44645.0;0.0;0.0
01;11;2021-07-08;22;3;18151.0;0.1;0.0
01;17;2021-07-08;7540;1210;52102.0;14.5;2.3
01;24;2021-07-08;18428;9251;45088.0;40.9;20.5
01;29;2021-07-08;11080;6052;34820.0;31.8;17.4
01;39;2021-07-08;31630;19122;85588.0;37.0;22.3
01;49;2021-07-08;44380;29688;89678.0;49.5;33.1
01;59;2021-07-08;53356;42829;89791.0;59.4;47.7
01;64;2021-07-08;27365;23968;38384.0;71.3;62.4
01;69;2021-07-08;26421;23565;35116.0;75.2;67.1
01;74;2021-07-08;25945;23876;30953.0;83.8;77.1
01;79;2021-07-08;17018;15805;20058.0;84.8;78.8
01;80;2021-07-08;26572;24352;34225.0;77.6;71.2
02;04;2021-07-08;9;2;28189.0;0.0;0.0
02;09;2021-07-08;7;0;34123.0;0.0;0.0
02;11;2021-07-08;15;0;14179.0;0.1;0.0
02;17;2021-07-08;7626;752;41103.0;18.6;1.8
02;24;2021-07-08;17854;8830;37469.0;47.7;23.6
02;29;2021-07-08;10389;5716;26232.0;39.6;21.8
02;39;2021-07-08;27581;16873;62599.0;44.1;27.0
02;49;2021-07-08;36067;24337;64812.0;55.6;37.6
02;59;2021-07-08;46207;35215;70352.0;65.7;50.1
02;64;2021-07-08;25307;20898;34901.0;72.5;59.9
02;69;2021-07-08;25972;22178;34176.0;76.0;64.9
02;74;2021-07-08;25445;23115;28969.0;87.8;79.8
02;79;2021-07-08;14411;13436;16402.0;87.9;81.9
02;80;2021-07-08;24435;22348;32544.0;75.1;68.7
03;04;2021-07-08;8;1;14190.0;0.1;0.0
03;09;2021-07-08;7;1;16681.0;0.0;0.0
03;11;2021-07-08;17;4;7080.0;0.2;0.1
03;17;2021-07-08;5209;971;22000.0;23.7;4.4
03;24;2021-07-08;12176;7355;20427.0;59.6;36.0
03;29;2021-07-08;7077;4554;14422.0;49.1;31.6
03;39;2021-07-08;17922;12639;33349.0;53.7;37.9
03;49;2021-07-08;26412;20082;39464.0;66.9;50.9
03;59;2021-07-08;34499;28962;45840.0;75.3;63.2
03;64;2021-07-08;19418;17346;23776.0;81.7;73.0
03;69;2021-07-08;20754;18964;25182.0;82.4;75.3
03;74;2021-07-08;21187;19911;23121.0;91.6;86.1
03;79;2021-07-08;14096;13466;15099.0;93.4;89.2
03;80;2021-07-08;24865;23483;30684.0;81.0;76.5
04;04;2021-07-08;7;2;7352.0;0.1;0.0
04;09;2021-07-08;3;0;8868.0;0.0;0.0
04;11;2021-07-08;5;0;3721.0;0.1;0.0
04;17;2021-07-08;1169;147;11153.0;10.5;1.3
04;24;2021-07-08;2564;884;9366.0;27.4;9.4
04;29;2021-07-08;1705;755;7090.0;24.0;10.6
04;39;2021-07-08;5002;2332;17545.0;28.5;13.3
04;49;2021-07-08;8236;4543;19525.0;42.2;23.3
04;59;2021-07-08;13757;10144;23898.0;57.6;42.4
04;64;2021-07-08;8611;7346;12510.0;68.8;58.7
04;69;2021-07-08;9264;8198;11975.0;77.4;68.5
04;74;2021-07-08;9703;9003;11196.0;86.7;80.4
04;79;2021-07-08;7100;6652;7612.0;93.3;87.4
04;80;2021-07-08;10424;9597;13386.0;77.9;71.7
05;04;2021-07-08;7;3;6561.0;0.1;0.0
05;09;2021-07-08;1;0;8021.0;0.0;0.0
05;11;2021-07-08;5;1;3350.0;0.1;0.0
05;17;2021-07-08;1236;209;9735.0;12.7;2.1
05;24;2021-07-08;3080;1428;8030.0;38.4;17.8
05;29;2021-07-08;2025;1033;6298.0;32.2;16.4
05;39;2021-07-08;5701;3261;16000.0;35.6;20.4
05;49;2021-07-08;8806;5621;17800.0;49.5;31.6
05;59;2021-07-08;12827;10374;20029.0;64.0;51.8
05;64;2021-07-08;7608;6580;10157.0;74.9;64.8
05;69;2021-07-08;8190;7333;10059.0;81.4;72.9
05;74;2021-07-08;8245;7658;8831.0;93.4;86.7
05;79;2021-07-08;5625;5333;5786.0;97.2;92.2
05;80;2021-07-08;8741;8166;11099.0;78.8;73.6
06;04;2021-07-08;272;120;53718.0;0.5;0.2
06;09;2021-07-08;17;9;56870.0;0.0;0.0
06;11;2021-07-08;27;8;23848.0;0.1;0.0
06;17;2021-07-08;5566;890;69129.0;8.1;1.3
06;24;2021-07-08;32081;17047;75754.0;42.3;22.5
06;29;2021-07-08;24398;14758;53360.0;45.7;27.7
06;39;2021-07-08;62489;41094;126997.0;49.2;32.4
06;49;2021-07-08;85136;61730;136067.0;62.6;45.4
06;59;2021-07-08;110536;91381;146182.0;75.6;62.5
06;64;2021-07-08;54285;47766;67948.0;79.9;70.3
06;69;2021-07-08;53993;48640;65935.0;81.9;73.8
06;74;2021-07-08;58012;52906;64545.0;89.9;82.0
06;79;2021-07-08;44721;41340;49474.0;90.4;83.6
06;80;2021-07-08;71548;65065;89569.0;79.9;72.6
07;04;2021-07-08;6;2;15100.0;0.0;0.0
07;09;2021-07-08;6;3;18154.0;0.0;0.0
07;11;2021-07-08;12;0;7531.0;0.2;0.0
07;17;2021-07-08;3058;473;23408.0;13.1;2.0
07;24;2021-07-08;8183;4246;18892.0;43.3;22.5
07;29;2021-07-08;4612;2539;13765.0;33.5;18.4
07;39;2021-07-08;13350;8175;34837.0;38.3;23.5
07;49;2021-07-08;20705;14574;41497.0;49.9;35.1
07;59;2021-07-08;29970;24867;46663.0;64.2;53.3
07;64;2021-07-08;17134;15353;23577.0;72.7;65.1
07;69;2021-07-08;18608;17104;23453.0;79.3;72.9
07;74;2021-07-08;18864;17832;21460.0;87.9;83.1
07;79;2021-07-08;12251;11528;13721.0;89.3;84.0
07;80;2021-07-08;19506;18053;24817.0;78.6;72.7
08;04;2021-07-08;7;3;13099.0;0.1;0.0
08;09;2021-07-08;4;0;15286.0;0.0;0.0
08;11;2021-07-08;6;3;6551.0;0.1;0.0
08;17;2021-07-08;4614;483;19588.0;23.6;2.5
08;24;2021-07-08;9477;4517;18037.0;52.5;25.0
08;29;2021-07-08;5731;3146;13085.0;43.8;24.0
08;39;2021-07-08;15576;9590;30561.0;51.0;31.4
08;49;2021-07-08;20361;14113;32888.0;61.9;42.9
08;59;2021-07-08;27471;22341;37571.0;73.1;59.5
08;64;2021-07-08;14994;13239;18636.0;80.5;71.0
08;69;2021-07-08;15000;13475;17922.0;83.7;75.2
08;74;2021-07-08;14316;13274;15463.0;92.6;85.8
08;79;2021-07-08;7981;7520;8669.0;92.1;86.7
08;80;2021-07-08;14135;13182;18175.0;77.8;72.5
09;04;2021-07-08;7;2;6587.0;0.1;0.0
09;09;2021-07-08;5;0;7745.0;0.1;0.0
09;11;2021-07-08;14;2;3388.0;0.4;0.1
09;17;2021-07-08;1778;294;10191.0;17.4;2.9
09;24;2021-07-08;4822;2428;9110.0;52.9;26.7
09;29;2021-07-08;3012;1651;6679.0;45.1;24.7
09;39;2021-07-08;8236;4951;15798.0;52.1;31.3
09;49;2021-07-08;12517;8502;18797.0;66.6;45.2
09;59;2021-07-08;15451;12375;21635.0;71.4;57.2
09;64;2021-07-08;8621;7489;11336.0;76.0;66.1
09;69;2021-07-08;9508;8531;11303.0;84.1;75.5
09;74;2021-07-08;9792;9073;10028.0;97.6;90.5
09;79;2021-07-08;6424;6064;6375.0;99.0;95.1
09;80;2021-07-08;10626;9934;13426.0;79.1;74.0
10;04;2021-07-08;3;0;16179.0;0.0;0.0
10;09;2021-07-08;3;0;18930.0;0.0;0.0
10;11;2021-07-08;11;0;8186.0;0.1;0.0
10;17;2021-07-08;4488;598;23738.0;18.9;2.5
10;24;2021-07-08;11626;6690;24096.0;48.2;27.8
10;29;2021-07-08;6920;4361;16549.0;41.8;26.4
10;39;2021-07-08;16758;11621;36584.0;45.8;31.8
10;49;2021-07-08;22734;17091;38394.0;59.2;44.5
10;59;2021-07-08;28833;24342;39551.0;72.9;61.5
10;64;2021-07-08;15390;13738;19401.0;79.3;70.8
10;69;2021-07-08;15978;14536;19343.0;82.6;75.1
10;74;2021-07-08;16502;15474;17592.0;93.8;88.0
10;79;2021-07-08;10113;9656;10554.0;95.8;91.5
10;80;2021-07-08;16990;15811;20810.0;81.6;76.0
11;04;2021-07-08;15;10;16558.0;0.1;0.1
11;09;2021-07-08;8;0;20110.0;0.0;0.0
11;11;2021-07-08;16;1;8794.0;0.2;0.0
11;17;2021-07-08;4043;456;25657.0;15.8;1.8
11;24;2021-07-08;9379;4394;22902.0;41.0;19.2
11;29;2021-07-08;5548;2847;15409.0;36.0;18.5
11;39;2021-07-08;14764;8626;39384.0;37.5;21.9
11;49;2021-07-08;22847;14998;45681.0;50.0;32.8
11;59;2021-07-08;32641;26075;51248.0;63.7;50.9
11;64;2021-07-08;18952;16715;26525.0;71.4;63.0
11;69;2021-07-08;21286;19303;27686.0;76.9;69.7
11;74;2021-07-08;22266;20889;25828.0;86.2;80.9
11;79;2021-07-08;14599;14058;16823.0;86.8;83.6
11;80;2021-07-08;22169;21002;30100.0;73.7;69.8
12;04;2021-07-08;4;2;11791.0;0.0;0.0
12;09;2021-07-08;1;1;14098.0;0.0;0.0
12;11;2021-07-08;8;1;6137.0;0.1;0.0
12;17;2021-07-08;2556;263;18532.0;13.8;1.4
12;24;2021-07-08;7727;3137;16356.0;47.2;19.2
12;29;2021-07-08;4285;2130;11329.0;37.8;18.8
12;39;2021-07-08;12226;6894;28724.0;42.6;24.0
12;49;2021-07-08;18776;11988;33377.0;56.3;35.9
12;59;2021-07-08;27286;22212;39683.0;68.8;56.0
12;64;2021-07-08;15879;14374;20219.0;78.5;71.1
12;69;2021-07-08;17099;15784;20502.0;83.4;77.0
12;74;2021-07-08;17606;16573;18733.0;94.0;88.5
12;79;2021-07-08;11460;10885;12213.0;93.8;89.1
12;80;2021-07-08;21670;20354;26666.0;81.3;76.3
13;04;2021-07-08;70;21;115829.0;0.1;0.0
13;09;2021-07-08;40;8;122467.0;0.0;0.0
13;11;2021-07-08;51;11;48590.0;0.1;0.0
13;17;2021-07-08;14802;2557;143381.0;10.3;1.8
13;24;2021-07-08;59502;35169;166869.0;35.7;21.1
13;29;2021-07-08;42691;27095;113164.0;37.7;23.9
13;39;2021-07-08;103303;70236;254362.0;40.6;27.6
13;49;2021-07-08;140173;104457;256640.0;54.6;40.7
13;59;2021-07-08;176984;148239;265649.0;66.6;55.8
13;64;2021-07-08;89754;80333;120563.0;74.4;66.6
13;69;2021-07-08;87340;79848;115967.0;75.3;68.9
13;74;2021-07-08;88548;82755;105855.0;83.7;78.2
13;79;2021-07-08;64521;60644;76830.0;84.0;78.9
13;80;2021-07-08;96787;89282;128303.0;75.4;69.6
14;04;2021-07-08;16;2;32713.0;0.0;0.0
14;09;2021-07-08;9;4;39456.0;0.0;0.0
14;11;2021-07-08;32;3;16901.0;0.2;0.0
14;17;2021-07-08;11694;925;52063.0;22.5;1.8
14;24;2021-07-08;31287;12081;60987.0;51.3;19.8
14;29;2021-07-08;18844;8422;34960.0;53.9;24.1
14;39;2021-07-08;43715;22053;78671.0;55.6;28.0
14;49;2021-07-08;56434;32613;84964.0;66.4;38.4
14;59;2021-07-08;69587;52489;89285.0;77.9;58.8
14;64;2021-07-08;38083;32273;45437.0;83.8;71.0
14;69;2021-07-08;40186;35333;45564.0;88.2;77.5
14;74;2021-07-08;39524;36802;39971.0;98.9;92.1
14;79;2021-07-08;23441;22270;23384.0;99.0;95.2
14;80;2021-07-08;39778;37344;47097.0;84.5;79.3
15;04;2021-07-08;4;2;5285.0;0.1;0.0
15;09;2021-07-08;3;1;6563.0;0.0;0.0
15;11;2021-07-08;7;1;2969.0;0.2;0.0
15;17;2021-07-08;1724;126;9080.0;19.0;1.4
15;24;2021-07-08;4211;2089;8091.0;52.0;25.8
15;29;2021-07-08;2513;1418;5406.0;46.5;26.2
15;39;2021-07-08;7029;4339;14131.0;49.7;30.7
15;49;2021-07-08;10467;7058;17202.0;60.8;41.0
15;59;2021-07-08;14732;11700;21195.0;69.5;55.2
15;64;2021-07-08;8811;7589;11135.0;79.1;68.2
15;69;2021-07-08;9541;8495;11435.0;83.4;74.3
15;74;2021-07-08;9528;8823;10127.0;94.1;87.1
15;79;2021-07-08;5869;5546;6453.0;90.9;85.9
15;80;2021-07-08;11050;10252;13739.0;80.4;74.6
16;04;2021-07-08;8;1;15081.0;0.1;0.0
16;09;2021-07-08;9;0;18130.0;0.0;0.0
16;11;2021-07-08;16;2;7841.0;0.2;0.0
16;17;2021-07-08;4917;301;23113.0;21.3;1.3
16;24;2021-07-08;9922;2890;22805.0;43.5;12.7
16;29;2021-07-08;6454;2547;16488.0;39.1;15.4
16;39;2021-07-08;16663;7412;37221.0;44.8;19.9
16;49;2021-07-08;24277;12415;42419.0;57.2;29.3
16;59;2021-07-08;35602;24946;48767.0;73.0;51.2
16;64;2021-07-08;20864;17462;25626.0;81.4;68.1
16;69;2021-07-08;21999;19148;25227.0;87.2;75.9
16;74;2021-07-08;21547;19774;22007.0;97.9;89.9
16;79;2021-07-08;13830;13038;14324.0;96.6;91.0
16;80;2021-07-08;24529;23039;29131.0;84.2;79.1
17;04;2021-07-08;22;3;26217.0;0.1;0.0
17;09;2021-07-08;14;2;32589.0;0.0;0.0
17;11;2021-07-08;17;3;14224.0;0.1;0.0
17;17;2021-07-08;8539;561;43133.0;19.8;1.3
17;24;2021-07-08;20381;7258;41888.0;48.7;17.3
17;29;2021-07-08;11432;4979;25772.0;44.4;19.3
17;39;2021-07-08;31049;14492;66631.0;46.6;21.7
17;49;2021-07-08;45543;24494;78405.0;58.1;31.2
17;59;2021-07-08;61818;44477;85909.0;72.0;51.8
17;64;2021-07-08;38245;32213;47547.0;80.4;67.7
17;69;2021-07-08;45010;39442;51529.0;87.3;76.5
17;74;2021-07-08;46984;43497;47920.0;98.0;90.8
17;79;2021-07-08;29335;27693;30024.0;97.7;92.2
17;80;2021-07-08;46222;42938;55292.0;83.6;77.7
18;04;2021-07-08;9;6;13630.0;0.1;0.0
18;09;2021-07-08;5;0;15979.0;0.0;0.0
18;11;2021-07-08;16;0;6832.0;0.2;0.0
18;17;2021-07-08;3926;362;19484.0;20.1;1.9
18;24;2021-07-08;9328;3519;18426.0;50.6;19.1
18;29;2021-07-08;5443;2473;13223.0;41.2;18.7
18;39;2021-07-08;14361;7399;31552.0;45.5;23.5
18;49;2021-07-08;20839;12442;35301.0;59.0;35.2
18;59;2021-07-08;29154;22083;41611.0;70.1;53.1
18;64;2021-07-08;16806;14397;21471.0;78.3;67.1
18;69;2021-07-08;17272;15271;21413.0;80.7;71.3
18;74;2021-07-08;18011;16620;20101.0;89.6;82.7
18;79;2021-07-08;11986;10661;12438.0;96.4;85.7
18;80;2021-07-08;20614;18378;24943.0;82.6;73.7
19;04;2021-07-08;3;0;9787.0;0.0;0.0
19;09;2021-07-08;3;0;12051.0;0.0;0.0
19;11;2021-07-08;17;3;5142.0;0.3;0.1
19;17;2021-07-08;3120;302;15894.0;19.6;1.9
19;24;2021-07-08;7567;3296;15462.0;48.9;21.3
19;29;2021-07-08;4526;2308;10380.0;43.6;22.2
19;39;2021-07-08;12206;6951;24486.0;49.8;28.4
19;49;2021-07-08;17465;11116;29167.0;59.9;38.1
19;59;2021-07-08;23361;17792;33019.0;70.8;53.9
19;64;2021-07-08;13290;11131;17701.0;75.1;62.9
19;69;2021-07-08;14360;12379;18195.0;78.9;68.0
19;74;2021-07-08;15037;13636;16310.0;92.2;83.6
19;79;2021-07-08;9823;9137;10544.0;93.2;86.7
19;80;2021-07-08;18490;16862;22198.0;83.3;76.0
21;04;2021-07-08;17;5;25826.0;0.1;0.0
21;09;2021-07-08;6;0;29383.0;0.0;0.0
21;11;2021-07-08;21;4;12159.0;0.2;0.0
21;17;2021-07-08;8137;952;38757.0;21.0;2.5
21;24;2021-07-08;23527;10322;51370.0;45.8;20.1
21;29;2021-07-08;13889;6730;29584.0;46.9;22.7
21;39;2021-07-08;31329;16872;62868.0;49.8;26.8
21;49;2021-07-08;40051;24186;65826.0;60.8;36.7
21;59;2021-07-08;49352;36303;68688.0;71.8;52.9
21;64;2021-07-08;25743;21567;33480.0;76.9;64.4
21;69;2021-07-08;25849;22446;32324.0;80.0;69.4
21;74;2021-07-08;26818;24432;29647.0;90.5;82.4
21;79;2021-07-08;16982;15942;18184.0;93.4;87.7
21;80;2021-07-08;29096;26967;34790.0;83.6;77.5
22;04;2021-07-08;14;2;27035.0;0.1;0.0
22;09;2021-07-08;6;1;33070.0;0.0;0.0
22;11;2021-07-08;25;1;14357.0;0.2;0.0
22;17;2021-07-08;9659;573;43994.0;22.0;1.3
22;24;2021-07-08;22526;9419;36952.0;61.0;25.5
22;29;2021-07-08;12072;5845;23678.0;51.0;24.7
22;39;2021-07-08;31936;17403;60806.0;52.5;28.6
22;49;2021-07-08;46563;28720;72804.0;64.0;39.4
22;59;2021-07-08;60858;47215;80453.0;75.6;58.7
22;64;2021-07-08;36413;31612;43408.0;83.9;72.8
22;69;2021-07-08;39771;35581;44297.0;89.8;80.3
22;74;2021-07-08;42441;39428;40776.0;99.0;96.7
22;79;2021-07-08;24540;23189;24257.0;99.0;95.6
22;80;2021-07-08;43740;40793;50299.0;87.0;81.1
23;04;2021-07-08;3;1;4191.0;0.1;0.0
23;09;2021-07-08;4;0;5159.0;0.1;0.0
23;11;2021-07-08;5;0;2304.0;0.2;0.0
23;17;2021-07-08;1070;84;7037.0;15.2;1.2
23;24;2021-07-08;3351;1803;6260.0;53.5;28.8
23;29;2021-07-08;2081;1218;4492.0;46.3;27.1
23;39;2021-07-08;5048;3342;10711.0;47.1;31.2
23;49;2021-07-08;7603;5460;13371.0;56.9;40.8
23;59;2021-07-08;11600;9372;17031.0;68.1;55.0
23;64;2021-07-08;7418;6481;9821.0;75.5;66.0
23;69;2021-07-08;7842;6982;9849.0;79.6;70.9
23;74;2021-07-08;7926;7307;8970.0;88.4;81.5
23;79;2021-07-08;4871;4604;5131.0;94.9;89.7
23;80;2021-07-08;9419;8782;11943.0;78.9;73.5
24;04;2021-07-08;24;6;15506.0;0.2;0.0
24;09;2021-07-08;6;2;19080.0;0.0;0.0
24;11;2021-07-08;6;0;8549.0;0.1;0.0
24;17;2021-07-08;4186;319;25834.0;16.2;1.2
24;24;2021-07-08;9811;3997;22541.0;43.5;17.7
24;29;2021-07-08;5862;2878;15932.0;36.8;18.1
24;39;2021-07-08;16281;8857;39189.0;41.5;22.6
24;49;2021-07-08;25274;15694;48292.0;52.3;32.5
24;59;2021-07-08;37746;28465;59110.0;63.9;48.2
24;64;2021-07-08;23507;19762;32291.0;72.8;61.2
24;69;2021-07-08;25776;22309;33389.0;77.2;66.8
24;74;2021-07-08;27419;24941;30858.0;88.9;80.8
24;79;2021-07-08;17068;15888;19184.0;89.0;82.8
24;80;2021-07-08;29383;26854;38638.0;76.0;69.5
25;04;2021-07-08;18;5;29568.0;0.1;0.0
25;09;2021-07-08;13;2;33510.0;0.0;0.0
25;11;2021-07-08;30;8;13811.0;0.2;0.1
25;17;2021-07-08;6771;1077;41084.0;16.5;2.6
25;24;2021-07-08;20493;10914;47429.0;43.2;23.0
25;29;2021-07-08;12268;7145;30431.0;40.3;23.5
25;39;2021-07-08;29245;18357;67253.0;43.5;27.3
25;49;2021-07-08;39302;27609;67339.0;58.4;41.0
25;59;2021-07-08;46638;38812;67781.0;68.8;57.3
25;64;2021-07-08;23717;20941;31706.0;74.8;66.0
25;69;2021-07-08;23309;21118;30203.0;77.2;69.9
25;74;2021-07-08;24292;22573;28593.0;85.0;78.9
25;79;2021-07-08;16164;15230;17681.0;91.4;86.1
25;80;2021-07-08;26789;24981;33060.0;81.0;75.6
26;04;2021-07-08;16;4;27732.0;0.1;0.0
26;09;2021-07-08;15;0;32309.0;0.0;0.0
26;11;2021-07-08;19;4;13808.0;0.1;0.0
26;17;2021-07-08;6382;960;39847.0;16.0;2.4
26;24;2021-07-08;17593;9842;34548.0;50.9;28.5
26;29;2021-07-08;10751;6401;24822.0;43.3;25.8
26;39;2021-07-08;28913;19086;62462.0;46.3;30.6
26;49;2021-07-08;39739;29192;65055.0;61.1;44.9
26;59;2021-07-08;51134;42609;69283.0;73.8;61.5
26;64;2021-07-08;26197;23361;33560.0;78.1;69.6
26;69;2021-07-08;26713;24301;32308.0;82.7;75.2
26;74;2021-07-08;27143;25324;29997.0;90.5;84.4
26;79;2021-07-08;19289;18301;19941.0;96.7;91.8
26;80;2021-07-08;28631;26739;34888.0;82.1;76.6
27;04;2021-07-08;10;1;33179.0;0.0;0.0
27;09;2021-07-08;12;1;39766.0;0.0;0.0
27;11;2021-07-08;18;1;16746.0;0.1;0.0
27;17;2021-07-08;8936;949;48374.0;18.5;2.0
27;24;2021-07-08;19085;8602;40670.0;46.9;21.2
27;29;2021-07-08;11386;5670;28567.0;39.9;19.8
27;39;2021-07-08;32054;17615;73301.0;43.7;24.0
27;49;2021-07-08;44083;27284;80019.0;55.1;34.1
27;59;2021-07-08;56216;41714;80762.0;69.6;51.7
27;64;2021-07-08;29681;24837;38454.0;77.2;64.6
27;69;2021-07-08;29651;25690;36662.0;80.9;70.1
27;74;2021-07-08;28231;25714;31470.0;89.7;81.7
27;79;2021-07-08;18013;16872;18731.0;96.2;90.1
27;80;2021-07-08;27626;25422;33986.0;81.3;74.8
28;04;2021-07-08;11;3;24097.0;0.0;0.0
28;09;2021-07-08;5;1;27820.0;0.0;0.0
28;11;2021-07-08;13;3;11613.0;0.1;0.0
28;17;2021-07-08;9172;1085;33676.0;27.2;3.2
28;24;2021-07-08;14800;6446;27514.0;53.8;23.4
28;29;2021-07-08;8767;4360;20894.0;42.0;20.9
28;39;2021-07-08;24170;13676;51269.0;47.1;26.7
28;49;2021-07-08;33412;20964;55770.0;59.9;37.6
28;59;2021-07-08;40819;30618;57755.0;70.7;53.0
28;64;2021-07-08;21011;17692;27002.0;77.8;65.5
28;69;2021-07-08;21221;18518;26418.0;80.3;70.1
28;74;2021-07-08;21316;19553;23002.0;92.7;85.0
28;79;2021-07-08;13051;12299;13878.0;94.0;88.6
28;80;2021-07-08;22725;20902;28717.0;79.1;72.8
29;04;2021-07-08;25;4;41580.0;0.1;0.0
29;09;2021-07-08;17;0;49680.0;0.0;0.0
29;11;2021-07-08;42;4;21519.0;0.2;0.0
29;17;2021-07-08;17077;818;65991.0;25.9;1.2
29;24;2021-07-08;39991;14648;70022.0;57.1;20.9
29;29;2021-07-08;22255;9683;42569.0;52.3;22.7
29;39;2021-07-08;56384;26923;99828.0;56.5;27.0
29;49;2021-07-08;76410;41594;113799.0;67.1;36.6
29;59;2021-07-08;95230;67980;123509.0;77.1;55.0
29;64;2021-07-08;53290;43857;63508.0;83.9;69.1
29;69;2021-07-08;53322;45117;60999.0;87.4;74.0
29;74;2021-07-08;53035;48401;54208.0;97.8;89.3
29;79;2021-07-08;31415;29704;32298.0;97.3;92.0
29;80;2021-07-08;57677;53883;67044.0;86.0;80.4
2A;04;2021-07-08;8;6;7413.0;0.1;0.1
2A;09;2021-07-08;2;0;8580.0;0.0;0.0
2A;11;2021-07-08;6;1;3518.0;0.2;0.0
2A;17;2021-07-08;852;213;9322.0;9.1;2.3
2A;24;2021-07-08;3953;2777;9206.0;42.9;30.2
2A;29;2021-07-08;3285;2416;7844.0;41.9;30.8
2A;39;2021-07-08;8443;6640;20657.0;40.9;32.1
2A;49;2021-07-08;12094;10335;22044.0;54.9;46.9
2A;59;2021-07-08;16139;14798;23268.0;69.4;63.6
2A;64;2021-07-08;8180;7879;10671.0;76.7;73.8
2A;69;2021-07-08;8335;8113;10602.0;78.6;76.5
2A;74;2021-07-08;7777;7587;9731.0;79.9;78.0
2A;79;2021-07-08;5445;5249;7933.0;68.6;66.2
2A;80;2021-07-08;8053;7596;11632.0;69.2;65.3
2B;04;2021-07-08;12;4;8250.0;0.1;0.0
2B;09;2021-07-08;3;0;9501.0;0.0;0.0
2B;11;2021-07-08;1;0;4048.0;0.0;0.0
2B;17;2021-07-08;738;94;11185.0;6.6;0.8
2B;24;2021-07-08;3590;2336;13486.0;26.6;17.3
2B;29;2021-07-08;2842;1989;9563.0;29.7;20.8
2B;39;2021-07-08;8185;6373;22967.0;35.6;27.7
2B;49;2021-07-08;11620;9804;23161.0;50.2;42.3
2B;59;2021-07-08;16039;14428;24702.0;64.9;58.4
2B;64;2021-07-08;8860;8319;11790.0;75.1;70.6
2B;69;2021-07-08;9078;8699;12032.0;75.4;72.3
2B;74;2021-07-08;8939;8647;10849.0;82.4;79.7
2B;79;2021-07-08;6319;6120;8172.0;77.3;74.9
2B;80;2021-07-08;9471;9021;12552.0;75.5;71.9
30;04;2021-07-08;17;5;37678.0;0.0;0.0
30;09;2021-07-08;7;4;42949.0;0.0;0.0
30;11;2021-07-08;32;0;18277.0;0.2;0.0
30;17;2021-07-08;7866;1006;54361.0;14.5;1.9
30;24;2021-07-08;19879;8704;52820.0;37.6;16.5
30;29;2021-07-08;11625;5856;34641.0;33.6;16.9
30;39;2021-07-08;31675;17575;84369.0;37.5;20.8
30;49;2021-07-08;47038;28717;91908.0;51.2;31.2
30;59;2021-07-08;66995;50908;103521.0;64.7;49.2
30;64;2021-07-08;37924;32478;50969.0;74.4;63.7
30;69;2021-07-08;39804;35183;50457.0;78.9;69.7
30;74;2021-07-08;42656;39228;45688.0;93.4;85.9
30;79;2021-07-08;28582;26624;30153.0;94.8;88.3
30;80;2021-07-08;41604;38052;50677.0;82.1;75.1
31;04;2021-07-08;26;8;78558.0;0.0;0.0
31;09;2021-07-08;21;1;84158.0;0.0;0.0
31;11;2021-07-08;26;4;33314.0;0.1;0.0
31;17;2021-07-08;19226;1870;99355.0;19.4;1.9
31;24;2021-07-08;56585;23909;147618.0;38.3;16.2
31;29;2021-07-08;41103;18427;96416.0;42.6;19.1
31;39;2021-07-08;86757;42265;194920.0;44.5;21.7
31;49;2021-07-08;103157;59248;184340.0;56.0;32.1
31;59;2021-07-08;120268;94674;174175.0;69.1;54.4
31;64;2021-07-08;56802;50179;72167.0;78.7;69.5
31;69;2021-07-08;51864;46804;65865.0;78.7;71.1
31;74;2021-07-08;51441;48036;59889.0;85.9;80.2
31;79;2021-07-08;34901;33203;39232.0;89.0;84.6
31;80;2021-07-08;57223;53721;70928.0;80.7;75.7
32;04;2021-07-08;7;2;7650.0;0.1;0.0
32;09;2021-07-08;6;0;9623.0;0.1;0.0
32;11;2021-07-08;7;2;4295.0;0.2;0.0
32;17;2021-07-08;2491;240;12530.0;19.9;1.9
32;24;2021-07-08;7055;3579;10079.0;70.0;35.5
32;29;2021-07-08;4299;2446;7305.0;58.9;33.5
32;39;2021-07-08;11135;6677;18813.0;59.2;35.5
32;49;2021-07-08;16220;11092;23258.0;69.7;47.7
32;59;2021-07-08;19849;15986;27973.0;71.0;57.1
32;64;2021-07-08;11173;9937;14418.0;77.5;68.9
32;69;2021-07-08;11342;10290;14445.0;78.5;71.2
32;74;2021-07-08;11246;10516;13008.0;86.5;80.8
32;79;2021-07-08;7464;6948;8613.0;86.7;80.7
32;80;2021-07-08;13818;12732;18030.0;76.6;70.6
33;04;2021-07-08;42;12;83937.0;0.1;0.0
33;09;2021-07-08;39;6;94854.0;0.0;0.0
33;11;2021-07-08;67;10;39240.0;0.2;0.0
33;17;2021-07-08;25439;2166;117160.0;21.7;1.8
33;24;2021-07-08;69077;27607;152227.0;45.4;18.1
33;29;2021-07-08;47896;21514;96491.0;49.6;22.3
33;39;2021-07-08;110693;54885;211536.0;52.3;25.9
33;49;2021-07-08;140061;79946;220133.0;63.6;36.3
33;59;2021-07-08;159391;121473;205186.0;77.7;59.2
33;64;2021-07-08;78689;68825;94195.0;83.5;73.1
33;69;2021-07-08;79033;71072;91164.0;86.7;78.0
33;74;2021-07-08;80171;74819;82221.0;97.5;91.0
33;79;2021-07-08;49932;47038;51472.0;97.0;91.4
33;80;2021-07-08;80936;74990;93624.0;86.4;80.1
34;04;2021-07-08;37;10;60240.0;0.1;0.0
34;09;2021-07-08;22;3;66947.0;0.0;0.0
34;11;2021-07-08;37;7;27418.0;0.1;0.0
34;17;2021-07-08;12241;1573;81939.0;14.9;1.9
34;24;2021-07-08;43235;21958;109686.0;39.4;20.0
34;29;2021-07-08;28106;15859;65836.0;42.7;24.1
34;39;2021-07-08;65102;40887;142491.0;45.7;28.7
34;49;2021-07-08;87251;60829;145553.0;59.9;41.8
34;59;2021-07-08;107294;88197;147241.0;72.9;59.9
34;64;2021-07-08;55165;49143;69781.0;79.1;70.4
34;69;2021-07-08;57688;52452;71456.0;80.7;73.4
34;74;2021-07-08;60491;56586;67486.0;89.6;83.8
34;79;2021-07-08;41947;39560;44508.0;94.2;88.9
34;80;2021-07-08;61171;56764;75563.0;81.0;75.1
35;04;2021-07-08;26;6;59204.0;0.0;0.0
35;09;2021-07-08;12;1;68790.0;0.0;0.0
35;11;2021-07-08;36;5;28654.0;0.1;0.0
35;17;2021-07-08;17833;1348;85764.0;20.8;1.6
35;24;2021-07-08;48394;17495;104190.0;46.4;16.8
35;29;2021-07-08;31597;12803;61845.0;51.1;20.7
35;39;2021-07-08;72437;31673;136675.0;53.0;23.2
35;49;2021-07-08;89389;44325;143253.0;62.4;30.9
35;59;2021-07-08;103339;71700;135357.0;76.3;53.0
35;64;2021-07-08;51457;43733;59016.0;87.2;74.1
35;69;2021-07-08;49616;43298;55998.0;88.6;77.3
35;74;2021-07-08;48947;45005;50609.0;96.7;88.9
35;79;2021-07-08;30252;28639;30280.0;99.0;94.6
35;80;2021-07-08;55749;52021;62438.0;89.3;83.3
36;04;2021-07-08;2;0;8766.0;0.0;0.0
36;09;2021-07-08;5;0;10807.0;0.0;0.0
36;11;2021-07-08;6;0;4647.0;0.1;0.0
36;17;2021-07-08;2850;216;14285.0;20.0;1.5
36;24;2021-07-08;6031;2032;13347.0;45.2;15.2
36;29;2021-07-08;3566;1574;8959.0;39.8;17.6
36;39;2021-07-08;9633;4716;20646.0;46.7;22.8
36;49;2021-07-08;14306;7957;25665.0;55.7;31.0
36;59;2021-07-08;21370;15763;30627.0;69.8;51.5
36;64;2021-07-08;13054;11027;16697.0;78.2;66.0
36;69;2021-07-08;13881;12131;16845.0;82.4;72.0
36;74;2021-07-08;14405;13262;15444.0;93.3;85.9
36;79;2021-07-08;9570;9033;9912.0;96.5;91.1
36;80;2021-07-08;17252;16076;20492.0;84.2;78.5
37;04;2021-07-08;11;3;30767.0;0.0;0.0
37;09;2021-07-08;15;0;35521.0;0.0;0.0
37;11;2021-07-08;19;1;14523.0;0.1;0.0
37;17;2021-07-08;10012;1074;44602.0;22.4;2.4
37;24;2021-07-08;26625;10922;51128.0;52.1;21.4
37;29;2021-07-08;15789;7273;30771.0;51.3;23.6
37;39;2021-07-08;38061;19189;71384.0;53.3;26.9
37;49;2021-07-08;47882;27257;75823.0;63.1;35.9
37;59;2021-07-08;58186;43000;77908.0;74.7;55.2
37;64;2021-07-08;30395;25403;38120.0;79.7;66.6
37;69;2021-07-08;30945;26572;37052.0;83.5;71.7
37;74;2021-07-08;31046;28260;33451.0;92.8;84.5
37;79;2021-07-08;19956;18625;21199.0;94.1;87.9
37;80;2021-07-08;35644;32848;43131.0;82.6;76.2
38;04;2021-07-08;37;13;70823.0;0.1;0.0
38;09;2021-07-08;15;1;81216.0;0.0;0.0
38;11;2021-07-08;90;10;33580.0;0.3;0.0
38;17;2021-07-08;18579;2923;99889.0;18.6;2.9
38;24;2021-07-08;51852;28691;108965.0;47.6;26.3
38;29;2021-07-08;32743;19567;67727.0;48.3;28.9
38;39;2021-07-08;76136;48675;156507.0;48.6;31.1
38;49;2021-07-08;97586;69329;166838.0;58.5;41.6
38;59;2021-07-08;115502;94960;165540.0;69.8;57.4
38;64;2021-07-08;57331;51355;73262.0;78.3;70.1
38;69;2021-07-08;54522;49837;68087.0;80.1;73.2
38;74;2021-07-08;53782;50299;60493.0;88.9;83.1
38;79;2021-07-08;36665;34743;41745.0;87.8;83.2
38;80;2021-07-08;56802;53201;70307.0;80.8;75.7
39;04;2021-07-08;5;1;12428.0;0.0;0.0
39;09;2021-07-08;2;0;14464.0;0.0;0.0
39;11;2021-07-08;16;1;6231.0;0.3;0.0
39;17;2021-07-08;3074;373;19130.0;16.1;1.9
39;24;2021-07-08;7053;2827;16259.0;43.4;17.4
39;29;2021-07-08;3984;1912;11639.0;34.2;16.4
39;39;2021-07-08;11289;5760;28552.0;39.5;20.2
39;49;2021-07-08;17043;10150;32094.0;53.1;31.6
39;59;2021-07-08;24350;18988;36427.0;66.8;52.1
39;64;2021-07-08;13746;11955;17732.0;77.5;67.4
39;69;2021-07-08;14218;12652;17001.0;83.6;74.4
39;74;2021-07-08;14822;13665;15842.0;93.6;86.3
39;79;2021-07-08;10161;9670;10318.0;98.5;93.7
39;80;2021-07-08;16286;15252;19732.0;82.5;77.3
40;04;2021-07-08;11;0;18009.0;0.1;0.0
40;09;2021-07-08;14;1;22036.0;0.1;0.0
40;11;2021-07-08;21;2;9505.0;0.2;0.0
40;17;2021-07-08;7439;601;27786.0;26.8;2.2
40;24;2021-07-08;14358;5439;23141.0;62.0;23.5
40;29;2021-07-08;8587;3714;17313.0;49.6;21.5
40;39;2021-07-08;22345;10868;45849.0;48.7;23.7
40;49;2021-07-08;32086;18118;54129.0;59.3;33.5
40;59;2021-07-08;41447;30974;58062.0;71.4;53.3
40;64;2021-07-08;23732;20515;29228.0;81.2;70.2
40;69;2021-07-08;25656;23098;30256.0;84.8;76.3
40;74;2021-07-08;26158;24433;27412.0;95.4;89.1
40;79;2021-07-08;16199;15450;17201.0;94.2;89.8
40;80;2021-07-08;26855;25232;32052.0;83.8;78.7
41;04;2021-07-08;9;3;15114.0;0.1;0.0
41;09;2021-07-08;3;0;18722.0;0.0;0.0
41;11;2021-07-08;3;0;7960.0;0.0;0.0
41;17;2021-07-08;3846;343;24327.0;15.8;1.4
41;24;2021-07-08;9412;3905;20436.0;46.1;19.1
41;29;2021-07-08;5623;2757;14376.0;39.1;19.2
41;39;2021-07-08;15614;8363;34921.0;44.7;23.9
41;49;2021-07-08;23546;13921;40911.0;57.6;34.0
41;59;2021-07-08;32261;23959;45162.0;71.4;53.1
41;64;2021-07-08;18352;15640;22728.0;80.7;68.8
41;69;2021-07-08;18792;16265;22685.0;82.8;71.7
41;74;2021-07-08;19203;17677;20510.0;93.6;86.2
41;79;2021-07-08;12510;11792;12424.0;99.0;94.9
41;80;2021-07-08;23356;21714;27559.0;84.7;78.8
42;04;2021-07-08;23;6;41994.0;0.1;0.0
42;09;2021-07-08;16;1;47476.0;0.0;0.0
42;11;2021-07-08;31;5;19354.0;0.2;0.0
42;17;2021-07-08;10211;1863;57810.0;17.7;3.2
42;24;2021-07-08;30829;17304;61452.0;50.2;28.2
42;29;2021-07-08;17912;10633;38460.0;46.6;27.6
42;39;2021-07-08;44894;28701;87478.0;51.3;32.8
42;49;2021-07-08;60141;42342;93717.0;64.2;45.2
42;59;2021-07-08;71992;58262;96985.0;74.2;60.1
42;64;2021-07-08;37761;33176;45737.0;82.6;72.5
42;69;2021-07-08;38656;34519;46317.0;83.5;74.5
42;74;2021-07-08;39847;36633;44186.0;90.2;82.9
42;79;2021-07-08;26338;24622;28220.0;93.3;87.3
42;80;2021-07-08;45216;41797;55551.0;81.4;75.2
43;04;2021-07-08;4;2;10473.0;0.0;0.0
43;09;2021-07-08;3;0;12253.0;0.0;0.0
43;11;2021-07-08;4;0;5400.0;0.1;0.0
43;17;2021-07-08;2297;357;16790.0;13.7;2.1
43;24;2021-07-08;6006;3117;13944.0;43.1;22.4
43;29;2021-07-08;3218;1912;9892.0;32.5;19.3
43;39;2021-07-08;8808;5550;24155.0;36.5;23.0
43;49;2021-07-08;13626;9424;28786.0;47.3;32.7
43;59;2021-07-08;19277;15593;32117.0;60.0;48.6
43;64;2021-07-08;11808;10338;16538.0;71.4;62.5
43;69;2021-07-08;12766;11537;15751.0;81.0;73.2
43;74;2021-07-08;13922;12988;14568.0;95.6;89.2
43;79;2021-07-08;8325;7894;8692.0;95.8;90.8
43;80;2021-07-08;14599;13698;17542.0;83.2;78.1
44;04;2021-07-08;36;13;82679.0;0.0;0.0
44;09;2021-07-08;25;4;93073.0;0.0;0.0
44;11;2021-07-08;67;6;37893.0;0.2;0.0
44;17;2021-07-08;25218;2063;112366.0;22.4;1.8
44;24;2021-07-08;58593;22335;121915.0;48.1;18.3
44;29;2021-07-08;39738;16727;83347.0;47.7;20.1
44;39;2021-07-08;98117;44597;190072.0;51.6;23.5
44;49;2021-07-08;119962;63688;190724.0;62.9;33.4
44;59;2021-07-08;134426;95933;177335.0;75.8;54.1
44;64;2021-07-08;66435;56344;80388.0;82.6;70.1
44;69;2021-07-08;65994;57755;78183.0;84.4;73.9
44;74;2021-07-08;65922;60729;68887.0;95.7;88.2
44;79;2021-07-08;39906;37693;41100.0;97.1;91.7
44;80;2021-07-08;68537;63764;79175.0;86.6;80.5
45;04;2021-07-08;17;3;38709.0;0.0;0.0
45;09;2021-07-08;9;2;44474.0;0.0;0.0
45;11;2021-07-08;34;4;18265.0;0.2;0.0
45;17;2021-07-08;12837;1323;53977.0;23.8;2.5
45;24;2021-07-08;24752;10600;53473.0;46.3;19.8
45;29;2021-07-08;15483;7519;36199.0;42.8;20.8
45;39;2021-07-08;38881;20820;82596.0;47.1;25.2
45;49;2021-07-08;50874;30747;87117.0;58.4;35.3
45;59;2021-07-08;59650;44405;87500.0;68.2;50.7
45;64;2021-07-08;30464;25527;40935.0;74.4;62.4
45;69;2021-07-08;30431;26443;39320.0;77.4;67.3
45;74;2021-07-08;32039;29287;35729.0;89.7;82.0
45;79;2021-07-08;20321;19282;21933.0;92.7;87.9
45;80;2021-07-08;34702;32300;42663.0;81.3;75.7
46;04;2021-07-08;10;2;6514.0;0.2;0.0
46;09;2021-07-08;4;0;8020.0;0.0;0.0
46;11;2021-07-08;7;0;3497.0;0.2;0.0
46;17;2021-07-08;1468;144;10797.0;13.6;1.3
46;24;2021-07-08;4234;1622;9162.0;46.2;17.7
46;29;2021-07-08;2620;1270;6807.0;38.5;18.7
46;39;2021-07-08;6926;3717;16429.0;42.2;22.6
46;49;2021-07-08;11012;6561;19814.0;55.6;33.1
46;59;2021-07-08;17658;13265;24719.0;71.4;53.7
46;64;2021-07-08;11681;10049;14220.0;82.1;70.7
46;69;2021-07-08;12844;11510;14062.0;91.3;81.9
46;74;2021-07-08;13085;12247;13341.0;98.1;91.8
46;79;2021-07-08;8319;7974;8404.0;99.0;94.9
46;80;2021-07-08;14291;13536;17380.0;82.2;77.9
47;04;2021-07-08;10;4;15055.0;0.1;0.0
47;09;2021-07-08;4;0;18101.0;0.0;0.0
47;11;2021-07-08;13;4;7711.0;0.2;0.1
47;17;2021-07-08;4176;436;22695.0;18.4;1.9
47;24;2021-07-08;10362;4262;20332.0;51.0;21.0
47;29;2021-07-08;6197;3031;14531.0;42.6;20.9
47;39;2021-07-08;16231;8916;35714.0;45.4;25.0
47;49;2021-07-08;23113;14319;38760.0;59.6;36.9
47;59;2021-07-08;32183;25293;45512.0;70.7;55.6
47;64;2021-07-08;17774;15383;23318.0;76.2;66.0
47;69;2021-07-08;18703;16511;23718.0;78.9;69.6
47;74;2021-07-08;18867;17325;21876.0;86.2;79.2
47;79;2021-07-08;13036;12134;14687.0;88.8;82.6
47;80;2021-07-08;22372;20524;28326.0;79.0;72.5
48;09;2021-07-08;1;0;3829.0;0.0;0.0
48;17;2021-07-08;556;85;5215.0;10.7;1.6
48;24;2021-07-08;1520;669;5269.0;28.8;12.7
48;29;2021-07-08;981;500;3397.0;28.9;14.7
48;39;2021-07-08;2839;1599;7892.0;36.0;20.3
48;49;2021-07-08;4502;2898;9437.0;47.7;30.7
48;59;2021-07-08;6498;4756;10818.0;60.1;44.0
48;64;2021-07-08;3852;3134;5523.0;69.7;56.7
48;69;2021-07-08;4060;3495;5546.0;73.2;63.0
48;74;2021-07-08;4213;3866;4893.0;86.1;79.0
48;79;2021-07-08;2689;2554;3046.0;88.3;83.8
48;80;2021-07-08;4926;4675;6546.0;75.3;71.4
49;04;2021-07-08;18;4;41422.0;0.0;0.0
49;09;2021-07-08;12;0;49839.0;0.0;0.0
49;11;2021-07-08;36;8;21944.0;0.2;0.0
49;17;2021-07-08;13754;1259;66804.0;20.6;1.9
49;24;2021-07-08;39064;16941;73580.0;53.1;23.0
49;29;2021-07-08;21900;10372;40160.0;54.5;25.8
49;39;2021-07-08;53141;27707;95013.0;55.9;29.2
49;49;2021-07-08;70468;41836;102005.0;69.1;41.0
49;59;2021-07-08;82584;63429;102416.0;80.6;61.9
49;64;2021-07-08;43018;37897;49545.0;86.8;76.5
49;69;2021-07-08;42576;38369;47115.0;90.4;81.4
49;74;2021-07-08;40197;37670;41943.0;95.8;89.8
49;79;2021-07-08;24703;23563;26000.0;95.0;90.6
49;80;2021-07-08;46492;43841;58095.0;80.0;75.5
50;04;2021-07-08;11;0;22546.0;0.0;0.0
50;09;2021-07-08;6;0;26622.0;0.0;0.0
50;11;2021-07-08;30;3;11475.0;0.3;0.0
50;17;2021-07-08;10362;755;34806.0;29.8;2.2
50;24;2021-07-08;19283;6731;30917.0;62.4;21.8
50;29;2021-07-08;11987;4808;22751.0;52.7;21.1
50;39;2021-07-08;29594;13610;52724.0;56.1;25.8
50;49;2021-07-08;38517;20537;58061.0;66.3;35.4
50;59;2021-07-08;52311;36875;68673.0;76.2;53.7
50;64;2021-07-08;29896;25189;35084.0;85.2;71.8
50;69;2021-07-08;30135;26417;34247.0;88.0;77.1
50;74;2021-07-08;30768;28349;31790.0;96.8;89.2
50;79;2021-07-08;18054;17056;18769.0;96.2;90.9
50;80;2021-07-08;35214;32722;42204.0;83.4;77.5
51;04;2021-07-08;11;3;30191.0;0.0;0.0
51;09;2021-07-08;10;2;34561.0;0.0;0.0
51;11;2021-07-08;18;2;13604.0;0.1;0.0
51;17;2021-07-08;9162;909;41912.0;21.9;2.2
51;24;2021-07-08;23283;12316;53016.0;43.9;23.2
51;29;2021-07-08;14318;8187;31606.0;45.3;25.9
51;39;2021-07-08;33251;20402;69338.0;48.0;29.4
51;49;2021-07-08;42963;29263;70406.0;61.0;41.6
51;59;2021-07-08;53323;42482;72009.0;74.1;59.0
51;64;2021-07-08;27207;23340;34031.0;79.9;68.6
51;69;2021-07-08;27162;24007;32988.0;82.3;72.8
51;74;2021-07-08;27658;25557;29996.0;92.2;85.2
51;79;2021-07-08;16101;15166;17033.0;94.5;89.0
51;80;2021-07-08;27295;25391;33132.0;82.4;76.6
52;04;2021-07-08;3;1;7524.0;0.0;0.0
52;09;2021-07-08;3;0;9030.0;0.0;0.0
52;11;2021-07-08;9;0;3779.0;0.2;0.0
52;17;2021-07-08;2022;255;11324.0;17.9;2.3
52;24;2021-07-08;4972;2652;10948.0;45.4;24.2
52;29;2021-07-08;2983;1788;8345.0;35.7;21.4
52;39;2021-07-08;8297;5683;17980.0;46.1;31.6
52;49;2021-07-08;11485;8578;19980.0;57.5;42.9
52;59;2021-07-08;16559;13901;24288.0;68.2;57.2
52;64;2021-07-08;9408;8384;12592.0;74.7;66.6
52;69;2021-07-08;9671;8731;12380.0;78.1;70.5
52;74;2021-07-08;9809;9172;11009.0;89.1;83.3
52;79;2021-07-08;6089;5803;6500.0;93.7;89.3
52;80;2021-07-08;10894;10202;13571.0;80.3;75.2
53;04;2021-07-08;1;0;15655.0;0.0;0.0
53;09;2021-07-08;9;1;19227.0;0.0;0.0
53;11;2021-07-08;13;2;8102.0;0.2;0.0
53;17;2021-07-08;5867;462;24567.0;23.9;1.9
53;24;2021-07-08;13097;4422;21795.0;60.1;20.3
53;29;2021-07-08;7088;2678;13770.0;51.5;19.4
53;39;2021-07-08;18246;7679;33591.0;54.3;22.9
53;49;2021-07-08;25521;12421;38239.0;66.7;32.5
53;59;2021-07-08;29269;19777;40380.0;72.5;49.0
53;64;2021-07-08;14870;12081;19825.0;75.0;60.9
53;69;2021-07-08;15114;13020;18906.0;79.9;68.9
53;74;2021-07-08;16489;15189;16974.0;97.1;89.5
53;79;2021-07-08;9339;8797;10260.0;91.0;85.7
53;80;2021-07-08;19834;18606;24074.0;82.4;77.3
54;04;2021-07-08;32;4;36751.0;0.1;0.0
54;09;2021-07-08;12;3;42458.0;0.0;0.0
54;11;2021-07-08;38;5;17248.0;0.2;0.0
54;17;2021-07-08;10815;1159;52300.0;20.7;2.2
54;24;2021-07-08;30706;14994;73381.0;41.8;20.4
54;29;2021-07-08;18321;9805;42716.0;42.9;23.0
54;39;2021-07-08;43116;26020;91468.0;47.1;28.4
54;49;2021-07-08;54391;36423;89778.0;60.6;40.6
54;59;2021-07-08;67088;54247;92748.0;72.3;58.5
54;64;2021-07-08;35398;30760;45058.0;78.6;68.3
54;69;2021-07-08;34627;30832;42708.0;81.1;72.2
54;74;2021-07-08;32907;30255;37042.0;88.8;81.7
54;79;2021-07-08;19790;18506;21736.0;91.0;85.1
54;80;2021-07-08;35528;32879;45006.0;78.9;73.1
55;04;2021-07-08;4;2;8589.0;0.0;0.0
55;09;2021-07-08;2;2;10471.0;0.0;0.0
55;11;2021-07-08;5;0;4233.0;0.1;0.0
55;17;2021-07-08;2172;252;13183.0;16.5;1.9
55;24;2021-07-08;5468;2498;12250.0;44.6;20.4
55;29;2021-07-08;3146;1701;8717.0;36.1;19.5
55;39;2021-07-08;8505;5181;20573.0;41.3;25.2
55;49;2021-07-08;11527;7761;22189.0;51.9;35.0
55;59;2021-07-08;16417;13284;25507.0;64.4;52.1
55;64;2021-07-08;10258;9089;13096.0;78.3;69.4
55;69;2021-07-08;10662;9640;12914.0;82.6;74.6
55;74;2021-07-08;10323;9653;10888.0;94.8;88.7
55;79;2021-07-08;5389;5091;6009.0;89.7;84.7
55;80;2021-07-08;9981;9257;13022.0;76.6;71.1
56;04;2021-07-08;21;9;34639.0;0.1;0.0
56;09;2021-07-08;9;3;42173.0;0.0;0.0
56;11;2021-07-08;14;2;18241.0;0.1;0.0
56;17;2021-07-08;12820;709;55069.0;23.3;1.3
56;24;2021-07-08;27241;8916;49375.0;55.2;18.1
56;29;2021-07-08;14551;5666;31552.0;46.1;18.0
56;39;2021-07-08;38818;16902;80891.0;48.0;20.9
56;49;2021-07-08;57122;28265;94257.0;60.6;30.0
56;59;2021-07-08;76703;53105;103556.0;74.1;51.3
56;64;2021-07-08;46596;38335;55073.0;84.6;69.6
56;69;2021-07-08;48458;41807;54410.0;89.1;76.8
56;74;2021-07-08;50009;46009;49802.0;99.0;92.4
56;79;2021-07-08;28976;27501;28672.0;99.0;95.9
56;80;2021-07-08;50241;47016;57856.0;86.8;81.3
57;04;2021-07-08;31;14;52229.0;0.1;0.0
57;09;2021-07-08;15;1;59116.0;0.0;0.0
57;11;2021-07-08;60;10;24087.0;0.2;0.0
57;17;2021-07-08;14194;1723;71097.0;20.0;2.4
57;24;2021-07-08;37102;17817;76564.0;48.5;23.3
57;29;2021-07-08;25091;13357;57735.0;43.5;23.1
57;39;2021-07-08;62382;37446;132378.0;47.1;28.3
57;49;2021-07-08;76898;51083;131505.0;58.5;38.8
57;59;2021-07-08;101909;83248;147461.0;69.1;56.5
57;64;2021-07-08;53521;47814;71227.0;75.1;67.1
57;69;2021-07-08;51466;46763;64651.0;79.6;72.3
57;74;2021-07-08;47289;44002;50986.0;92.7;86.3
57;79;2021-07-08;29270;27773;34126.0;85.8;81.4
57;80;2021-07-08;50707;47274;62704.0;80.9;75.4
58;04;2021-07-08;2;0;7980.0;0.0;0.0
58;09;2021-07-08;1;0;9450.0;0.0;0.0
58;11;2021-07-08;5;0;4033.0;0.1;0.0
58;17;2021-07-08;2500;193;12790.0;19.5;1.5
58;24;2021-07-08;4669;1566;11645.0;40.1;13.4
58;29;2021-07-08;2888;1269;7782.0;37.1;16.3
58;39;2021-07-08;8139;3957;18995.0;42.8;20.8
58;49;2021-07-08;12183;6594;22646.0;53.8;29.1
58;59;2021-07-08;18817;13444;27780.0;67.7;48.4
58;64;2021-07-08;12573;10416;15906.0;79.0;65.5
58;69;2021-07-08;14019;12033;16731.0;83.8;71.9
58;74;2021-07-08;14819;13525;15108.0;98.1;89.5
58;79;2021-07-08;9345;8760;9264.0;99.0;94.6
58;80;2021-07-08;16817;15571;19486.0;86.3;79.9
59;04;2021-07-08;61;21;153673.0;0.0;0.0
59;09;2021-07-08;34;3;172144.0;0.0;0.0
59;11;2021-07-08;86;18;68748.0;0.1;0.0
59;17;2021-07-08;44211;6601;206385.0;21.4;3.2
59;24;2021-07-08;124212;71720;248677.0;49.9;28.8
59;29;2021-07-08;77382;47256;155795.0;49.7;30.3
59;39;2021-07-08;179371;119311;335101.0;53.5;35.6
59;49;2021-07-08;210245;153923;326530.0;64.4;47.1
59;59;2021-07-08;238026;195079;320261.0;74.3;60.9
59;64;2021-07-08;118022;102987;148581.0;79.4;69.3
59;69;2021-07-08;113015;100925;137139.0;82.4;73.6
59;74;2021-07-08;109087;100928;119660.0;91.2;84.3
59;79;2021-07-08;59815;56265;64728.0;92.4;86.9
59;80;2021-07-08;101774;93811;131566.0;77.4;71.3
60;04;2021-07-08;28;5;48983.0;0.1;0.0
60;09;2021-07-08;15;2;56022.0;0.0;0.0
60;11;2021-07-08;14;1;23150.0;0.1;0.0
60;17;2021-07-08;10953;1347;66888.0;16.4;2.0
60;24;2021-07-08;28064;13994;62002.0;45.3;22.6
60;29;2021-07-08;16894;9340;44676.0;37.8;20.9
60;39;2021-07-08;45135;27713;106081.0;42.5;26.1
60;49;2021-07-08;59586;40403;111306.0;53.5;36.3
60;59;2021-07-08;73404;57999;110477.0;66.4;52.5
60;64;2021-07-08;36368;31288;49312.0;73.8;63.4
60;69;2021-07-08;35212;31137;46165.0;76.3;67.4
60;74;2021-07-08;34560;31909;38888.0;88.9;82.1
60;79;2021-07-08;19988;18848;21958.0;91.0;85.8
60;80;2021-07-08;31173;28958;39169.0;79.6;73.9
61;04;2021-07-08;6;4;12269.0;0.0;0.0
61;09;2021-07-08;6;1;15185.0;0.0;0.0
61;11;2021-07-08;7;0;6511.0;0.1;0.0
61;17;2021-07-08;4344;400;19890.0;21.8;2.0
61;24;2021-07-08;9714;4234;18051.0;53.8;23.5
61;29;2021-07-08;5477;2609;11845.0;46.2;22.0
61;39;2021-07-08;14652;8127;27860.0;52.6;29.2
61;49;2021-07-08;20804;12896;32672.0;63.7;39.5
61;59;2021-07-08;28313;20943;38069.0;74.4;55.0
61;64;2021-07-08;17115;14628;20092.0;85.2;72.8
61;69;2021-07-08;17736;15834;20194.0;87.8;78.4
61;74;2021-07-08;18240;16918;18393.0;99.0;92.0
61;79;2021-07-08;11464;10668;11048.0;99.0;96.6
61;80;2021-07-08;21657;19947;24824.0;87.2;80.4
62;04;2021-07-08;37;10;79806.0;0.0;0.0
62;09;2021-07-08;15;1;95271.0;0.0;0.0
62;11;2021-07-08;64;4;39314.0;0.2;0.0
62;17;2021-07-08;27571;3514;116038.0;23.8;3.0
62;24;2021-07-08;61469;36723;115190.0;53.4;31.9
62;29;2021-07-08;35918;22690;76661.0;46.9;29.6
62;39;2021-07-08;93608;63896;181223.0;51.7;35.3
62;49;2021-07-08;117404;87783;185396.0;63.3;47.3
62;59;2021-07-08;138501;113636;188804.0;73.4;60.2
62;64;2021-07-08;73207;63704;92654.0;79.0;68.8
62;69;2021-07-08;72921;65109;88487.0;82.4;73.6
62;74;2021-07-08;69786;64409;74647.0;93.5;86.3
62;79;2021-07-08;36946;34391;39304.0;94.0;87.5
62;80;2021-07-08;63179;57347;79983.0;79.0;71.7
63;04;2021-07-08;15;4;32258.0;0.0;0.0
63;09;2021-07-08;8;0;36231.0;0.0;0.0
63;11;2021-07-08;20;4;14867.0;0.1;0.0
63;17;2021-07-08;9016;1029;46773.0;19.3;2.2
63;24;2021-07-08;26090;14238;57859.0;45.1;24.6
63;29;2021-07-08;16110;9508;34784.0;46.3;27.3
63;39;2021-07-08;38596;24745;77930.0;49.5;31.8
63;49;2021-07-08;50142;35025;83111.0;60.3;42.1
63;59;2021-07-08;61231;49040;86381.0;70.9;56.8
63;64;2021-07-08;32506;28338;42614.0;76.3;66.5
63;69;2021-07-08;32864;29367;41854.0;78.5;70.2
63;74;2021-07-08;33891;31506;37974.0;89.2;83.0
63;79;2021-07-08;20932;20030;23482.0;89.1;85.3
63;80;2021-07-08;34057;31836;44122.0;77.2;72.2
64;04;2021-07-08;37;12;31084.0;0.1;0.0
64;09;2021-07-08;13;1;36218.0;0.0;0.0
64;11;2021-07-08;28;2;15499.0;0.2;0.0
64;17;2021-07-08;11376;1148;46826.0;24.3;2.5
64;24;2021-07-08;27784;11901;47008.0;59.1;25.3
64;29;2021-07-08;17208;8470;31664.0;54.3;26.7
64;39;2021-07-08;44029;23421;78556.0;56.0;29.8
64;49;2021-07-08;58502;35786;87908.0;66.5;40.7
64;59;2021-07-08;74883;58535;94942.0;78.9;61.7
64;64;2021-07-08;39918;35530;45492.0;87.7;78.1
64;69;2021-07-08;40623;37039;44637.0;91.0;83.0
64;74;2021-07-08;40759;38211;40739.0;99.0;93.8
64;79;2021-07-08;27497;26203;27526.0;99.0;95.2
64;80;2021-07-08;47189;44113;55070.0;85.7;80.1
65;04;2021-07-08;9;5;9175.0;0.1;0.1
65;09;2021-07-08;3;1;10945.0;0.0;0.0
65;11;2021-07-08;9;2;4592.0;0.2;0.0
65;17;2021-07-08;2982;269;14905.0;20.0;1.8
65;24;2021-07-08;7895;3809;15160.0;52.1;25.1
65;29;2021-07-08;4425;2395;9487.0;46.6;25.2
65;39;2021-07-08;11994;7639;22948.0;52.3;33.3
65;49;2021-07-08;18152;12750;26998.0;67.2;47.2
65;59;2021-07-08;25413;21306;32331.0;78.6;65.9
65;64;2021-07-08;14316;12881;17205.0;83.2;74.9
65;69;2021-07-08;14961;13716;17101.0;87.5;80.2
65;74;2021-07-08;15384;14359;15217.0;99.0;94.4
65;79;2021-07-08;9910;9321;10138.0;97.8;91.9
65;80;2021-07-08;17418;16137;20637.0;84.4;78.2
66;04;2021-07-08;12;1;22439.0;0.1;0.0
66;09;2021-07-08;8;1;26444.0;0.0;0.0
66;11;2021-07-08;9;1;10907.0;0.1;0.0
66;17;2021-07-08;5266;530;32183.0;16.4;1.6
66;24;2021-07-08;13856;6860;31663.0;43.8;21.7
66;29;2021-07-08;8321;4612;21408.0;38.9;21.5
66;39;2021-07-08;22339;13633;51091.0;43.7;26.7
66;49;2021-07-08;33370;23187;57577.0;58.0;40.3
66;59;2021-07-08;45992;37336;63924.0;71.9;58.4
66;64;2021-07-08;27036;24168;32657.0;82.8;74.0
66;69;2021-07-08;29434;27011;33729.0;87.3;80.1
66;74;2021-07-08;31335;29515;33285.0;94.1;88.7
66;79;2021-07-08;20838;19773;22201.0;93.9;89.1
66;80;2021-07-08;31164;29064;39492.0;78.9;73.6
67;04;2021-07-08;39;17;58954.0;0.1;0.0
67;09;2021-07-08;22;6;64003.0;0.0;0.0
67;11;2021-07-08;62;10;26200.0;0.2;0.0
67;17;2021-07-08;18202;2188;78708.0;23.1;2.8
67;24;2021-07-08;49501;23486;103470.0;47.8;22.7
67;29;2021-07-08;34369;17851;68258.0;50.4;26.2
67;39;2021-07-08;76626;43252;143902.0;53.2;30.1
67;49;2021-07-08;91621;57486;144948.0;63.2;39.7
67;59;2021-07-08;116458;88582;155713.0;74.8;56.9
67;64;2021-07-08;58205;49123;71470.0;81.4;68.7
67;69;2021-07-08;55116;48027;65531.0;84.1;73.3
67;74;2021-07-08;50002;45546;51149.0;97.8;89.0
67;79;2021-07-08;31765;29589;36563.0;86.9;80.9
67;80;2021-07-08;52717;48541;63738.0;82.7;76.2
68;04;2021-07-08;15;2;40363.0;0.0;0.0
68;09;2021-07-08;16;1;45549.0;0.0;0.0
68;11;2021-07-08;30;3;18718.0;0.2;0.0
68;17;2021-07-08;9467;1198;54806.0;17.3;2.2
68;24;2021-07-08;23439;11237;53910.0;43.5;20.8
68;29;2021-07-08;15547;8446;40567.0;38.3;20.8
68;39;2021-07-08;40027;23693;94190.0;42.5;25.2
68;49;2021-07-08;54138;35608;100879.0;53.7;35.3
68;59;2021-07-08;71897;57032;108273.0;66.4;52.7
68;64;2021-07-08;37373;32458;50002.0;74.7;64.9
68;69;2021-07-08;36834;32872;46609.0;79.0;70.5
68;74;2021-07-08;33883;31209;37574.0;90.2;83.1
68;79;2021-07-08;22301;21064;26401.0;84.5;79.8
68;80;2021-07-08;36551;34026;45363.0;80.6;75.0
69;04;2021-07-08;56;16;117240.0;0.0;0.0
69;09;2021-07-08;25;5;119514.0;0.0;0.0
69;11;2021-07-08;51;14;46948.0;0.1;0.0
69;17;2021-07-08;26757;4565;139571.0;19.2;3.3
69;24;2021-07-08;86979;42509;193707.0;44.9;21.9
69;29;2021-07-08;65614;34390;128544.0;51.0;26.8
69;39;2021-07-08;137685;78241;255779.0;53.8;30.6
69;49;2021-07-08;149342;95830;235508.0;63.4;40.7
69;59;2021-07-08;168646;133635;220390.0;76.5;60.6
69;64;2021-07-08;74227;65305;92849.0;79.9;70.3
69;69;2021-07-08;68724;61948;86477.0;79.5;71.6
69;74;2021-07-08;71726;66851;80551.0;89.0;83.0
69;79;2021-07-08;52808;50076;56229.0;93.9;89.1
69;80;2021-07-08;84411;78662;102744.0;82.2;76.6
70;04;2021-07-08;2;0;10911.0;0.0;0.0
70;09;2021-07-08;5;1;13309.0;0.0;0.0
70;11;2021-07-08;12;3;5605.0;0.2;0.1
70;17;2021-07-08;3569;401;17545.0;20.3;2.3
70;24;2021-07-08;6733;2787;14595.0;46.1;19.1
70;29;2021-07-08;3851;1992;9950.0;38.7;20.0
70;39;2021-07-08;10819;6147;25822.0;41.9;23.8
70;49;2021-07-08;16384;10595;29753.0;55.1;35.6
70;59;2021-07-08;21885;17081;33090.0;66.1;51.6
70;64;2021-07-08;12402;10687;16609.0;74.7;64.3
70;69;2021-07-08;12908;11498;16317.0;79.1;70.5
70;74;2021-07-08;13390;12432;14717.0;91.0;84.5
70;79;2021-07-08;8072;7560;8819.0;91.5;85.7
70;80;2021-07-08;13004;11996;16152.0;80.5;74.3
71;04;2021-07-08;8;2;25011.0;0.0;0.0
71;09;2021-07-08;5;1;30465.0;0.0;0.0
71;11;2021-07-08;37;3;12680.0;0.3;0.0
71;17;2021-07-08;9516;1183;38040.0;25.0;3.1
71;24;2021-07-08;16826;6762;33329.0;50.5;20.3
71;29;2021-07-08;9501;4548;23851.0;39.8;19.1
71;39;2021-07-08;27585;14463;58219.0;47.4;24.8
71;49;2021-07-08;38781;22533;65377.0;59.3;34.5
71;59;2021-07-08;54537;38759;76338.0;71.4;50.8
71;64;2021-07-08;31467;25580;38652.0;81.4;66.2
71;69;2021-07-08;33867;28686;39372.0;86.0;72.9
71;74;2021-07-08;34685;31261;36506.0;95.0;85.6
71;79;2021-07-08;22319;20583;23611.0;94.5;87.2
71;80;2021-07-08;38842;35441;46373.0;83.8;76.4
72;04;2021-07-08;16;2;28994.0;0.1;0.0
72;09;2021-07-08;6;1;34608.0;0.0;0.0
72;11;2021-07-08;26;2;14437.0;0.2;0.0
72;17;2021-07-08;7709;791;43686.0;17.6;1.8
72;24;2021-07-08;20040;9568;42293.0;47.4;22.6
72;29;2021-07-08;11513;6014;26871.0;42.8;22.4
72;39;2021-07-08;29602;17131;61693.0;48.0;27.8
72;49;2021-07-08;41551;26946;69750.0;59.6;38.6
72;59;2021-07-08;51938;39794;73282.0;70.9;54.3
72;64;2021-07-08;27359;23175;36635.0;74.7;63.3
72;69;2021-07-08;27873;24247;35483.0;78.6;68.3
72;74;2021-07-08;27128;24664;31469.0;86.2;78.4
72;79;2021-07-08;16938;15847;19674.0;86.1;80.5
72;80;2021-07-08;32528;29966;41352.0;78.7;72.5
73;04;2021-07-08;10;5;22025.0;0.0;0.0
73;09;2021-07-08;7;1;25237.0;0.0;0.0
73;11;2021-07-08;9;3;10258.0;0.1;0.0
73;17;2021-07-08;5628;823;30899.0;18.2;2.7
73;24;2021-07-08;13639;5983;32141.0;42.4;18.6
73;29;2021-07-08;9069;4477;21474.0;42.2;20.8
73;39;2021-07-08;23163;13008;52325.0;44.3;24.9
73;49;2021-07-08;31320;19874;57492.0;54.5;34.6
73;59;2021-07-08;41231;32536;59925.0;68.8;54.3
73;64;2021-07-08;20909;18509;27935.0;74.8;66.3
73;69;2021-07-08;20853;18918;25927.0;80.4;73.0
73;74;2021-07-08;20497;19194;22860.0;89.7;84.0
73;79;2021-07-08;15051;14079;15657.0;96.1;89.9
73;80;2021-07-08;23117;21268;28393.0;81.4;74.9
74;04;2021-07-08;48;26;50236.0;0.1;0.1
74;09;2021-07-08;12;2;54646.0;0.0;0.0
74;11;2021-07-08;26;6;21745.0;0.1;0.0
74;17;2021-07-08;10820;1697;60852.0;17.8;2.8
74;24;2021-07-08;26675;12507;54544.0;48.9;22.9
74;29;2021-07-08;21029;10855;50048.0;42.0;21.7
74;39;2021-07-08;53868;30385;121243.0;44.4;25.1
74;49;2021-07-08;65889;42005;117006.0;56.3;35.9
74;59;2021-07-08;73752;56770;110349.0;66.8;51.4
74;64;2021-07-08;34099;29586;44341.0;76.9;66.7
74;69;2021-07-08;32378;28841;41045.0;78.9;70.3
74;74;2021-07-08;33328;30516;37053.0;89.9;82.4
74;79;2021-07-08;23028;21464;24722.0;93.1;86.8
74;80;2021-07-08;32401;29839;40575.0;79.9;73.5
75;04;2021-07-08;211;77;104958.0;0.2;0.1
75;09;2021-07-08;57;11;93620.0;0.1;0.0
75;11;2021-07-08;93;21;38206.0;0.2;0.1
75;17;2021-07-08;30227;6675;118562.0;25.5;5.6
75;24;2021-07-08;141125;85269;222205.0;63.5;38.4
75;29;2021-07-08;150153;95623;215331.0;69.7;44.4
75;39;2021-07-08;233572;156295;332595.0;70.2;47.0
75;49;2021-07-08;209993;151650;277369.0;75.7;54.7
75;59;2021-07-08;243700;199145;259307.0;94.0;76.8
75;64;2021-07-08;102030;89638;110883.0;92.0;80.8
75;69;2021-07-08;82438;74010;102872.0;80.1;71.9
75;74;2021-07-08;81531;75276;98223.0;83.0;76.6
75;79;2021-07-08;55278;51697;64896.0;85.2;79.7
75;80;2021-07-08;84483;77877;109244.0;77.3;71.3
750;64;2021-07-08;1;0;;;
76;04;2021-07-08;11;4;68897.0;0.0;0.0
76;09;2021-07-08;10;5;76958.0;0.0;0.0
76;11;2021-07-08;37;8;31122.0;0.1;0.0
76;17;2021-07-08;25539;2626;93775.0;27.2;2.8
76;24;2021-07-08;56816;26690;106184.0;53.5;25.1
76;29;2021-07-08;34793;18092;69080.0;50.4;26.2
76;39;2021-07-08;84219;48092;152559.0;55.2;31.5
76;49;2021-07-08;102322;64921;151379.0;67.6;42.9
76;59;2021-07-08;123693;93235;159079.0;77.8;58.6
76;64;2021-07-08;64341;54329;77692.0;82.8;69.9
76;69;2021-07-08;63589;55500;75020.0;84.8;74.0
76;74;2021-07-08;63219;58214;65404.0;96.7;89.0
76;79;2021-07-08;38506;36381;39775.0;96.8;91.5
76;80;2021-07-08;64807;60309;76864.0;84.3;78.5
77;04;2021-07-08;59;15;91756.0;0.1;0.0
77;09;2021-07-08;44;5;102206.0;0.0;0.0
77;11;2021-07-08;57;11;41595.0;0.1;0.0
77;17;2021-07-08;21372;3199;118899.0;18.0;2.7
77;24;2021-07-08;53323;27442;119700.0;44.5;22.9
77;29;2021-07-08;34551;19121;83196.0;41.5;23.0
77;39;2021-07-08;84295;51379;192425.0;43.8;26.7
77;49;2021-07-08;105925;72108;196727.0;53.8;36.7
77;59;2021-07-08;116297;93103;185341.0;62.7;50.2
77;64;2021-07-08;50629;43695;76699.0;66.0;57.0
77;69;2021-07-08;46560;41388;66623.0;69.9;62.1
77;74;2021-07-08;45895;42330;56446.0;81.3;75.0
77;79;2021-07-08;29681;28087;34428.0;86.2;81.6
77;80;2021-07-08;45336;42234;57566.0;78.8;73.4
78;04;2021-07-08;33;9;90846.0;0.0;0.0
78;09;2021-07-08;18;0;99774.0;0.0;0.0
78;11;2021-07-08;42;8;40259.0;0.1;0.0
78;17;2021-07-08;24374;3399;119154.0;20.5;2.9
78;24;2021-07-08;54564;28858;114179.0;47.8;25.3
78;29;2021-07-08;36395;20585;79205.0;46.0;26.0
78;39;2021-07-08;87953;55540;184091.0;47.8;30.2
78;49;2021-07-08;115010;82281;202141.0;56.9;40.7
78;59;2021-07-08;125283;104268;192045.0;65.2;54.3
78;64;2021-07-08;57335;51332;78301.0;73.2;65.6
78;69;2021-07-08;48512;44217;68519.0;70.8;64.5
78;74;2021-07-08;48418;45488;62672.0;77.3;72.6
78;79;2021-07-08;30626;29078;42980.0;71.3;67.7
78;80;2021-07-08;52604;49400;74459.0;70.6;66.3
79;04;2021-07-08;12;5;17785.0;0.1;0.0
79;09;2021-07-08;7;1;21847.0;0.0;0.0
79;11;2021-07-08;12;0;9640.0;0.1;0.0
79;17;2021-07-08;7889;552;28163.0;28.0;2.0
79;24;2021-07-08;13806;4378;23587.0;58.5;18.6
79;29;2021-07-08;7738;2951;16506.0;46.9;17.9
79;39;2021-07-08;21386;9547;41182.0;51.9;23.2
79;49;2021-07-08;30674;15913;47239.0;64.9;33.7
79;59;2021-07-08;37285;26845;51600.0;72.3;52.0
79;64;2021-07-08;20015;16742;25727.0;77.8;65.1
79;69;2021-07-08;20201;17627;24538.0;82.3;71.8
79;74;2021-07-08;20961;19400;21802.0;96.1;89.0
79;79;2021-07-08;12939;12321;13843.0;93.5;89.0
79;80;2021-07-08;24656;23031;29168.0;84.5;79.0
80;04;2021-07-08;13;1;29286.0;0.0;0.0
80;09;2021-07-08;6;0;34254.0;0.0;0.0
80;11;2021-07-08;10;1;13838.0;0.1;0.0
80;17;2021-07-08;9316;995;44095.0;21.1;2.3
80;24;2021-07-08;24936;12305;53274.0;46.8;23.1
80;29;2021-07-08;14450;7970;30964.0;46.7;25.7
80;39;2021-07-08;34731;21170;67453.0;51.5;31.4
80;49;2021-07-08;44487;29685;71182.0;62.5;41.7
80;59;2021-07-08;54571;42275;73570.0;74.2;57.5
80;64;2021-07-08;28351;23502;35831.0;79.1;65.6
80;69;2021-07-08;28422;24422;34903.0;81.4;70.0
80;74;2021-07-08;27784;25497;30000.0;92.6;85.0
80;79;2021-07-08;16516;15498;17445.0;94.7;88.8
80;80;2021-07-08;26651;24630;33674.0;79.1;73.1
81;04;2021-07-08;8;2;17508.0;0.0;0.0
81;09;2021-07-08;4;0;21674.0;0.0;0.0
81;11;2021-07-08;10;1;9398.0;0.1;0.0
81;17;2021-07-08;4213;526;27718.0;15.2;1.9
81;24;2021-07-08;11760;5393;25382.0;46.3;21.2
81;29;2021-07-08;6626;3507;16270.0;40.7;21.6
81;39;2021-07-08;17655;10320;41434.0;42.6;24.9
81;49;2021-07-08;27650;18335;48581.0;56.9;37.7
81;59;2021-07-08;36193;29675;53768.0;67.3;55.2
81;64;2021-07-08;19881;17713;26784.0;74.2;66.1
81;69;2021-07-08;21382;19523;26379.0;81.1;74.0
81;74;2021-07-08;21947;20627;24116.0;91.0;85.5
81;79;2021-07-08;14464;13672;15421.0;93.8;88.7
81;80;2021-07-08;27121;25300;33465.0;81.0;75.6
82;04;2021-07-08;9;4;13660.0;0.1;0.0
82;09;2021-07-08;2;0;16491.0;0.0;0.0
82;11;2021-07-08;4;1;7130.0;0.1;0.0
82;17;2021-07-08;3224;307;20730.0;15.6;1.5
82;24;2021-07-08;7752;2940;16792.0;46.2;17.5
82;29;2021-07-08;4777;2151;11727.0;40.7;18.3
82;39;2021-07-08;13706;6926;30052.0;45.6;23.0
82;49;2021-07-08;21130;11958;35032.0;60.3;34.1
82;59;2021-07-08;26097;19133;35322.0;73.9;54.2
82;64;2021-07-08;13165;11216;16858.0;78.1;66.5
82;69;2021-07-08;14001;12314;16693.0;83.9;73.8
82;74;2021-07-08;13989;12783;14495.0;96.5;88.2
82;79;2021-07-08;9477;8909;9336.0;99.0;95.4
82;80;2021-07-08;15555;14391;18300.0;85.0;78.6
83;04;2021-07-08;37;11;50696.0;0.1;0.0
83;09;2021-07-08;10;1;57547.0;0.0;0.0
83;11;2021-07-08;32;6;23642.0;0.1;0.0
83;17;2021-07-08;7455;1126;69695.0;10.7;1.6
83;24;2021-07-08;24834;13329;69501.0;35.7;19.2
83;29;2021-07-08;16389;9540;48220.0;34.0;19.8
83;39;2021-07-08;42976;27488;120276.0;35.7;22.9
83;49;2021-07-08;62793;44125;131324.0;47.8;33.6
83;59;2021-07-08;92661;76011;145518.0;63.7;52.2
83;64;2021-07-08;53240;47748;72726.0;73.2;65.7
83;69;2021-07-08;57803;53272;73312.0;78.8;72.7
83;74;2021-07-08;63126;59673;72201.0;87.4;82.6
83;79;2021-07-08;46517;44275;53309.0;87.3;83.1
83;80;2021-07-08;67547;62908;85869.0;78.7;73.3
84;04;2021-07-08;17;4;29982.0;0.1;0.0
84;09;2021-07-08;13;1;34016.0;0.0;0.0
84;11;2021-07-08;19;0;14320.0;0.1;0.0
84;17;2021-07-08;4984;738;41523.0;12.0;1.8
84;24;2021-07-08;13606;5890;39477.0;34.5;14.9
84;29;2021-07-08;8839;4430;27578.0;32.1;16.1
84;39;2021-07-08;24885;13933;63922.0;38.9;21.8
84;49;2021-07-08;36695;23065;70030.0;52.4;32.9
84;59;2021-07-08;51661;39188;77217.0;66.9;50.8
84;64;2021-07-08;27542;23767;36344.0;75.8;65.4
84;69;2021-07-08;27953;24798;35290.0;79.2;70.3
84;74;2021-07-08;28266;25887;31933.0;88.5;81.1
84;79;2021-07-08;21008;19723;21947.0;95.7;89.9
84;80;2021-07-08;30033;27711;37418.0;80.3;74.1
85;04;2021-07-08;9;1;31989.0;0.0;0.0
85;09;2021-07-08;6;0;40008.0;0.0;0.0
85;11;2021-07-08;20;1;17488.0;0.1;0.0
85;17;2021-07-08;9621;730;51584.0;18.7;1.4
85;24;2021-07-08;23550;8834;41969.0;56.1;21.0
85;29;2021-07-08;13397;5938;29084.0;46.1;20.4
85;39;2021-07-08;37529;18317;75720.0;49.6;24.2
85;49;2021-07-08;54764;30122;86574.0;63.3;34.8
85;59;2021-07-08;66358;48988;89803.0;73.9;54.6
85;64;2021-07-08;40071;34562;47935.0;83.6;72.1
85;69;2021-07-08;44438;39567;49126.0;90.5;80.5
85;74;2021-07-08;45940;43064;45117.0;99.0;95.4
85;79;2021-07-08;26643;25455;26284.0;99.0;96.8
85;80;2021-07-08;45396;42772;50506.0;89.9;84.7
86;04;2021-07-08;10;4;20954.0;0.0;0.0
86;09;2021-07-08;7;0;24599.0;0.0;0.0
86;11;2021-07-08;10;1;10342.0;0.1;0.0
86;17;2021-07-08;4498;436;32563.0;13.8;1.3
86;24;2021-07-08;17336;9066;42794.0;40.5;21.2
86;29;2021-07-08;10144;5909;21569.0;47.0;27.4
86;39;2021-07-08;24603;15750;48717.0;50.5;32.3
86;49;2021-07-08;33453;23652;52927.0;63.2;44.7
86;59;2021-07-08;42168;34562;55357.0;76.2;62.4
86;64;2021-07-08;23069;20069;28304.0;81.5;70.9
86;69;2021-07-08;23642;21021;27405.0;86.3;76.7
86;74;2021-07-08;22983;21216;23771.0;96.7;89.3
86;79;2021-07-08;15030;14183;15115.0;99.0;93.8
86;80;2021-07-08;27627;25773;32981.0;83.8;78.1
87;04;2021-07-08;15;4;16882.0;0.1;0.0
87;09;2021-07-08;14;0;19243.0;0.1;0.0
87;11;2021-07-08;19;1;8204.0;0.2;0.0
87;17;2021-07-08;5459;567;24978.0;21.9;2.3
87;24;2021-07-08;13941;6327;30878.0;45.1;20.5
87;29;2021-07-08;8400;4387;17124.0;49.1;25.6
87;39;2021-07-08;20534;11775;39312.0;52.2;30.0
87;49;2021-07-08;28608;18592;44763.0;63.9;41.5
87;59;2021-07-08;37526;28970;49746.0;75.4;58.2
87;64;2021-07-08;20742;18003;25026.0;82.9;71.9
87;69;2021-07-08;21608;19182;25500.0;84.7;75.2
87;74;2021-07-08;22150;20369;23660.0;93.6;86.1
87;79;2021-07-08;13751;13010;14787.0;93.0;88.0
87;80;2021-07-08;24593;22933;30671.0;80.2;74.8
88;04;2021-07-08;8;4;16128.0;0.0;0.0
88;09;2021-07-08;6;1;18953.0;0.0;0.0
88;11;2021-07-08;9;3;8337.0;0.1;0.0
88;17;2021-07-08;4967;516;25662.0;19.4;2.0
88;24;2021-07-08;12263;5680;23721.0;51.7;23.9
88;29;2021-07-08;6842;3629;15975.0;42.8;22.7
88;39;2021-07-08;17970;10790;38540.0;46.6;28.0
88;49;2021-07-08;26258;17654;43251.0;60.7;40.8
88;59;2021-07-08;36558;29538;51489.0;71.0;57.4
88;64;2021-07-08;20812;18089;26457.0;78.7;68.4
88;69;2021-07-08;21862;19466;25999.0;84.1;74.9
88;74;2021-07-08;22193;20533;23464.0;94.6;87.5
88;79;2021-07-08;12338;11600;13069.0;94.4;88.8
88;80;2021-07-08;22621;21121;28475.0;79.4;74.2
89;04;2021-07-08;4;2;16094.0;0.0;0.0
89;09;2021-07-08;5;0;19051.0;0.0;0.0
89;11;2021-07-08;18;0;8299.0;0.2;0.0
89;17;2021-07-08;4138;472;23927.0;17.3;2.0
89;24;2021-07-08;8505;3457;20050.0;42.4;17.2
89;29;2021-07-08;5428;2702;14639.0;37.1;18.5
89;39;2021-07-08;15347;8507;36906.0;41.6;23.1
89;49;2021-07-08;21386;13302;40908.0;52.3;32.5
89;59;2021-07-08;30442;23402;45251.0;67.3;51.7
89;64;2021-07-08;17646;14746;23463.0;75.2;62.8
89;69;2021-07-08;18901;16249;24006.0;78.7;67.7
89;74;2021-07-08;19490;17637;21497.0;90.7;82.0
89;79;2021-07-08;11655;10830;12690.0;91.8;85.3
89;80;2021-07-08;20635;18955;25315.0;81.5;74.9
90;04;2021-07-08;5;2;7363.0;0.1;0.0
90;09;2021-07-08;7;1;8239.0;0.1;0.0
90;11;2021-07-08;15;2;3397.0;0.4;0.1
90;17;2021-07-08;2089;309;10624.0;19.7;2.9
90;24;2021-07-08;4813;2441;11142.0;43.2;21.9
90;29;2021-07-08;2727;1584;8158.0;33.4;19.4
90;39;2021-07-08;6822;4417;16796.0;40.6;26.3
90;49;2021-07-08;9677;6985;17954.0;53.9;38.9
90;59;2021-07-08;13444;11352;18412.0;73.0;61.7
90;64;2021-07-08;6870;6175;8988.0;76.4;68.7
90;69;2021-07-08;6906;6295;8307.0;83.1;75.8
90;74;2021-07-08;7074;6634;7344.0;96.3;90.3
90;79;2021-07-08;4173;3924;4601.0;90.7;85.3
90;80;2021-07-08;7177;6651;8820.0;81.4;75.4
91;04;2021-07-08;53;15;89697.0;0.1;0.0
91;09;2021-07-08;31;7;92270.0;0.0;0.0
91;11;2021-07-08;63;13;37022.0;0.2;0.0
91;17;2021-07-08;19433;2882;106495.0;18.2;2.7
91;24;2021-07-08;49551;24247;117572.0;42.1;20.6
91;29;2021-07-08;32526;17350;81175.0;40.1;21.4
91;39;2021-07-08;77171;46255;174980.0;44.1;26.4
91;49;2021-07-08;98752;66469;179847.0;54.9;37.0
91;59;2021-07-08;112126;90000;169548.0;66.1;53.1
91;64;2021-07-08;48722;42757;68442.0;71.2;62.5
91;69;2021-07-08;41222;36977;57526.0;71.7;64.3
91;74;2021-07-08;41312;38593;50951.0;81.1;75.7
91;79;2021-07-08;28960;27832;33960.0;85.3;82.0
91;80;2021-07-08;48095;45282;59916.0;80.3;75.6
92;04;2021-07-08;78;30;101696.0;0.1;0.0
92;09;2021-07-08;36;8;99977.0;0.0;0.0
92;11;2021-07-08;59;11;39309.0;0.2;0.0
92;17;2021-07-08;26513;5454;114545.0;23.1;4.8
92;24;2021-07-08;74867;45197;139712.0;53.6;32.4
92;29;2021-07-08;68061;43686;114932.0;59.2;38.0
92;39;2021-07-08;136936;94876;241384.0;56.7;39.3
92;49;2021-07-08;150712;114288;227139.0;66.4;50.3
92;59;2021-07-08;146665;125195;201643.0;72.7;62.1
92;64;2021-07-08;57513;51753;79326.0;72.5;65.2
92;69;2021-07-08;46790;42735;69102.0;67.7;61.8
92;74;2021-07-08;47009;44080;62608.0;75.1;70.4
92;79;2021-07-08;31518;30196;42778.0;73.7;70.6
92;80;2021-07-08;57432;54207;79611.0;72.1;68.1
93;04;2021-07-08;101;33;130803.0;0.1;0.0
93;09;2021-07-08;36;10;127706.0;0.0;0.0
93;11;2021-07-08;52;10;47943.0;0.1;0.0
93;17;2021-07-08;16302;3799;135048.0;12.1;2.8
93;24;2021-07-08;67971;35557;149422.0;45.5;23.8
93;29;2021-07-08;67142;38349;116400.0;57.7;32.9
93;39;2021-07-08;140231;84634;256009.0;54.8;33.1
93;49;2021-07-08;144641;96081;231000.0;62.6;41.6
93;59;2021-07-08;141625;111243;197192.0;71.8;56.4
93;64;2021-07-08;61201;52090;78405.0;78.1;66.4
93;69;2021-07-08;50113;43802;65255.0;76.8;67.1
93;74;2021-07-08;41421;37400;51275.0;80.8;72.9
93;79;2021-07-08;28015;26019;31866.0;87.9;81.7
93;80;2021-07-08;42084;38598;51825.0;81.2;74.5
94;04;2021-07-08;58;12;92725.0;0.1;0.0
94;09;2021-07-08;32;6;91757.0;0.0;0.0
94;11;2021-07-08;47;6;35689.0;0.1;0.0
94;17;2021-07-08;19388;3637;103275.0;18.8;3.5
94;24;2021-07-08;65269;36255;128757.0;50.7;28.2
94;29;2021-07-08;57143;34057;96273.0;59.4;35.4
94;39;2021-07-08;116397;74405;201248.0;57.8;37.0
94;49;2021-07-08;123914;87108;189650.0;65.3;45.9
94;59;2021-07-08;132611;108237;178549.0;74.3;60.6
94;64;2021-07-08;56051;49383;73435.0;76.3;67.2
94;69;2021-07-08;47056;42738;61325.0;76.7;69.7
94;74;2021-07-08;45016;42143;53054.0;84.8;79.4
94;79;2021-07-08;28435;26992;34793.0;81.7;77.6
94;80;2021-07-08;48540;45613;65511.0;74.1;69.6
947;64;2021-07-08;0;1;;;
95;04;2021-07-08;56;13;91209.0;0.1;0.0
95;09;2021-07-08;24;3;93856.0;0.0;0.0
95;11;2021-07-08;38;6;35857.0;0.1;0.0
95;17;2021-07-08;17824;3167;103633.0;17.2;3.1
95;24;2021-07-08;51546;26383;107945.0;47.8;24.4
95;29;2021-07-08;38062;20942;76531.0;49.7;27.4
95;39;2021-07-08;90886;54399;175116.0;51.9;31.1
95;49;2021-07-08;106697;71340;167938.0;63.5;42.5
95;59;2021-07-08;113081;89680;155011.0;73.0;57.9
95;64;2021-07-08;50380;43531;65805.0;76.6;66.2
95;69;2021-07-08;42962;38268;55323.0;77.7;69.2
95;74;2021-07-08;41079;37861;45137.0;91.0;83.9
95;79;2021-07-08;26014;24426;26895.0;96.7;90.8
95;80;2021-07-08;40464;37639;48098.0;84.1;78.3
970;59;2021-07-08;1;0;;;
970;74;2021-07-08;1;0;;;
970;79;2021-07-08;1;0;;;
971;04;2021-07-08;10;4;18024.0;0.1;0.0
971;09;2021-07-08;5;2;22110.0;0.0;0.0
971;11;2021-07-08;9;3;9848.0;0.1;0.0
971;17;2021-07-08;968;132;31305.0;3.1;0.4
971;24;2021-07-08;2374;1308;27093.0;8.8;4.8
971;29;2021-07-08;2085;1387;16795.0;12.4;8.3
971;39;2021-07-08;5786;4180;37149.0;15.6;11.3
971;49;2021-07-08;8997;6853;48928.0;18.4;14.0
971;59;2021-07-08;12960;9992;60524.0;21.4;16.5
971;64;2021-07-08;7089;5522;27495.0;25.8;20.1
971;69;2021-07-08;7458;5693;23618.0;31.6;24.1
971;74;2021-07-08;6708;5226;19823.0;33.8;26.4
971;79;2021-07-08;4699;3777;13239.0;35.5;28.5
971;80;2021-07-08;4599;3705;20928.0;22.0;17.7
972;04;2021-07-08;9;0;15550.0;0.1;0.0
972;09;2021-07-08;2;1;18441.0;0.0;0.0
972;11;2021-07-08;8;0;8430.0;0.1;0.0
972;17;2021-07-08;885;123;26182.0;3.4;0.5
972;24;2021-07-08;2214;1343;24337.0;9.1;5.5
972;29;2021-07-08;2116;1583;15561.0;13.6;10.2
972;39;2021-07-08;5960;4744;34280.0;17.4;13.8
972;49;2021-07-08;8221;6786;42967.0;19.1;15.8
972;59;2021-07-08;11602;9768;62671.0;18.5;15.6
972;64;2021-07-08;6458;5445;28516.0;22.6;19.1
972;69;2021-07-08;6854;5674;24040.0;28.5;23.6
972;74;2021-07-08;6195;5243;19607.0;31.6;26.7
972;79;2021-07-08;4243;3737;13902.0;30.5;26.9
972;80;2021-07-08;4473;3826;24265.0;18.4;15.8
973;04;2021-07-08;23;10;32085.0;0.1;0.0
973;09;2021-07-08;11;5;29958.0;0.0;0.0
973;11;2021-07-08;9;4;12235.0;0.1;0.0
973;17;2021-07-08;2121;926;35925.0;5.9;2.6
973;24;2021-07-08;4058;2593;30954.0;13.1;8.4
973;29;2021-07-08;4189;3034;19945.0;21.0;15.2
973;39;2021-07-08;10311;7924;39602.0;26.0;20.0
973;49;2021-07-08;10672;8449;34757.0;30.7;24.3
973;59;2021-07-08;10408;8618;27026.0;38.5;31.9
973;64;2021-07-08;3794;3154;10200.0;37.2;30.9
973;69;2021-07-08;2636;2230;7246.0;36.4;30.8
973;74;2021-07-08;1717;1460;4665.0;36.8;31.3
973;79;2021-07-08;983;857;2703.0;36.4;31.7
973;80;2021-07-08;867;759;3390.0;25.6;22.4
974;04;2021-07-08;19;4;57908.0;0.0;0.0
974;09;2021-07-08;10;2;63783.0;0.0;0.0
974;11;2021-07-08;14;1;27281.0;0.1;0.0
974;17;2021-07-08;4298;498;82143.0;5.2;0.6
974;24;2021-07-08;15541;9373;74456.0;20.9;12.6
974;29;2021-07-08;11127;7853;48787.0;22.8;16.1
974;39;2021-07-08;30965;22815;104568.0;29.6;21.8
974;49;2021-07-08;42869;32739;113615.0;37.7;28.8
974;59;2021-07-08;57844;47734;125597.0;46.1;38.0
974;64;2021-07-08;26911;23493;49376.0;54.5;47.6
974;69;2021-07-08;23687;20974;40475.0;58.5;51.8
974;74;2021-07-08;17520;15793;27194.0;64.4;58.1
974;79;2021-07-08;12015;11086;19499.0;61.6;56.9
974;80;2021-07-08;13540;12335;25277.0;53.6;48.8
975;59;2021-07-08;3;2;978.2;0.3;0.2
976;04;2021-07-08;26;13;43940.0;0.1;0.0
976;09;2021-07-08;3;2;41023.0;0.0;0.0
976;11;2021-07-08;13;1;15296.0;0.1;0.0
976;17;2021-07-08;1654;576;41197.0;4.0;1.4
976;24;2021-07-08;4272;2300;26827.0;15.9;8.6
976;29;2021-07-08;4673;3102;18625.0;25.1;16.7
976;39;2021-07-08;11863;8075;37697.0;31.5;21.4
976;49;2021-07-08;12879;9601;28132.0;45.8;34.1
976;59;2021-07-08;9196;7379;14768.0;62.3;50.0
976;64;2021-07-08;2966;2448;4594.0;64.6;53.3
976;69;2021-07-08;1892;1573;3152.0;60.0;49.9
976;74;2021-07-08;1036;818;1775.0;58.4;46.1
976;79;2021-07-08;558;440;1259.0;44.3;34.9
976;80;2021-07-08;486;360;1186.0;41.0;30.4
977;11;2021-07-08;1;0;183.0;0.5;0.0
977;17;2021-07-08;35;7;540.0;6.5;1.3
977;24;2021-07-08;428;331;757.0;56.5;43.7
977;29;2021-07-08;532;456;960.0;55.4;47.5
977;39;2021-07-08;1073;924;1752.0;61.2;52.7
977;49;2021-07-08;1160;1008;1808.0;64.2;55.8
977;59;2021-07-08;1154;1057;1548.0;74.5;68.3
977;64;2021-07-08;343;321;433.0;79.2;74.1
977;69;2021-07-08;254;241;309.0;82.2;78.0
977;74;2021-07-08;165;154;251.0;65.7;61.4
977;79;2021-07-08;103;107;170.0;60.6;62.9
977;80;2021-07-08;91;76;216.0;42.1;35.2
978;04;2021-07-08;7;2;2722.2;0.3;0.1
978;09;2021-07-08;3;2;2990.8;0.1;0.1
978;11;2021-07-08;1;0;1223.3;0.1;0.0
978;17;2021-07-08;179;17;3969.8;4.5;0.4
978;24;2021-07-08;457;249;2459.1;18.6;10.1
978;29;2021-07-08;482;277;2086.3;23.1;13.3
978;39;2021-07-08;1426;897;4598.4;31.0;19.5
978;49;2021-07-08;1730;1243;5612.0;30.8;22.1
978;59;2021-07-08;2142;1590;5042.5;42.5;31.5
978;64;2021-07-08;869;693;1727.8;50.3;40.1
978;69;2021-07-08;656;526;1332.2;49.2;39.5
978;74;2021-07-08;477;399;766.5;62.2;52.1
978;79;2021-07-08;290;255;386.4;75.0;66.0
978;80;2021-07-08;197;164;416.7;47.3;39.4
98;29;2021-07-08;13;12;;;
98;39;2021-07-08;11;10;;;
98;49;2021-07-08;4;4;;;
98;59;2021-07-08;5;3;;;
98;64;2021-07-08;2;1;;;
98;69;2021-07-08;1;0;;;
98;74;2021-07-08;2;1;;;
98;79;2021-07-08;1;0;;;
98;80;2021-07-08;1;1;;;
99;17;2021-07-08;24;0;;;
99;24;2021-07-08;112;35;;;
99;29;2021-07-08;82;18;;;
99;39;2021-07-08;145;31;;;
99;49;2021-07-08;147;44;;;
99;59;2021-07-08;127;32;;;
99;64;2021-07-08;42;15;;;
99;69;2021-07-08;36;15;;;
99;74;2021-07-08;39;9;;;
99;79;2021-07-08;9;2;;;
99;80;2021-07-08;7;5;;;
01;0;2021-07-08;289806;219744;656955.0;44.1;33.4
02;0;2021-07-08;261325;193700;526050.0;49.7;36.8
03;0;2021-07-08;203647;167739;331315.0;61.5;50.6
04;0;2021-07-08;77550;59603;165197.0;46.9;36.1
05;0;2021-07-08;72097;57000;141756.0;50.9;40.2
06;0;2021-07-08;603081;482754;1079396.0;55.9;44.7
07;0;2021-07-08;166265;134749;326875.0;50.9;41.2
08;0;2021-07-08;149675;114888;265531.0;56.4;43.3
09;0;2021-07-08;90813;71296;152398.0;59.6;46.8
10;0;2021-07-08;166349;133918;309907.0;53.7;43.2
11;0;2021-07-08;188534;149375;372705.0;50.6;40.1
12;0;2021-07-08;156583;124598;278360.0;56.3;44.8
13;0;2021-07-08;964566;780655;2034469.0;47.4;38.4
14;0;2021-07-08;412630;292614;691453.0;59.7;42.3
15;0;2021-07-08;85489;67439;142811.0;59.9;47.2
16;0;2021-07-08;200637;142975;348180.0;57.6;41.1
17;0;2021-07-08;384612;282053;647080.0;59.4;43.6
18;0;2021-07-08;167771;123611;296404.0;56.6;41.7
19;0;2021-07-08;139268;104913;240336.0;57.9;43.7
21;0;2021-07-08;290817;206728;532886.0;54.6;38.8
22;0;2021-07-08;370564;279782;596186.0;62.2;46.9
23;0;2021-07-08;68241;55436;116270.0;58.7;47.7
24;0;2021-07-08;222349;169972;408393.0;54.4;41.6
25;0;2021-07-08;269049;208772;539449.0;49.9;38.7
26;0;2021-07-08;282535;226124;520560.0;54.3;43.4
27;0;2021-07-08;305002;220372;600687.0;50.8;36.7
28;0;2021-07-08;230493;166120;429425.0;53.7;38.7
29;0;2021-07-08;556170;382616;906554.0;61.3;42.2
2A;0;2021-07-08;82572;73610;162421.0;50.8;45.3
2B;0;2021-07-08;85697;75834;182258.0;47.0;41.6
30;0;2021-07-08;375704;284340;748468.0;50.2;38.0
31;0;2021-07-08;679400;472349;1400935.0;48.5;33.7
32;0;2021-07-08;116136;90471;190040.0;61.1;47.6
33;0;2021-07-08;921466;644363;1633440.0;56.4;39.4
34;0;2021-07-08;619787;483828;1176145.0;52.7;41.1
35;0;2021-07-08;599084;392052;1082073.0;55.4;36.2
36;0;2021-07-08;125931;93787;217139.0;58.0;43.2
37;0;2021-07-08;344586;240427;605380.0;56.9;39.7
38;0;2021-07-08;651642;503604;1264979.0;51.5;39.8
39;0;2021-07-08;136049;103206;257849.0;52.8;40.0
40;0;2021-07-08;244908;178445;411979.0;59.4;43.3
41;0;2021-07-08;182530;136339;327835.0;55.7;41.6
42;0;2021-07-08;423867;329864;764737.0;55.4;43.1
43;0;2021-07-08;114663;92410;226901.0;50.5;40.7
44;0;2021-07-08;782976;521651;1437137.0;54.5;36.3
45;0;2021-07-08;350494;248262;682890.0;51.3;36.4
46;0;2021-07-08;104159;81897;173166.0;60.1;47.3
47;0;2021-07-08;183041;138142;330336.0;55.4;41.8
48;0;2021-07-08;36637;28231;76286.0;48.0;37.0
49;0;2021-07-08;477964;342897;815881.0;58.6;42.0
50;0;2021-07-08;306168;213052;490669.0;62.4;43.4
51;0;2021-07-08;301762;227027;563823.0;53.5;40.3
52;0;2021-07-08;92204;75150;169250.0;54.5;44.4
53;0;2021-07-08;174757;115135;305365.0;57.2;37.7
54;0;2021-07-08;382769;285892;730398.0;52.4;39.1
55;0;2021-07-08;93859;73411;181641.0;51.7;40.4
56;0;2021-07-08;451579;314245;755566.0;59.8;41.6
57;0;2021-07-08;549935;418325;1035866.0;53.1;40.4
58;0;2021-07-08;116777;87328;199596.0;58.5;43.8
59;0;2021-07-08;1375346;1048853;2588988.0;53.1;40.5
60;0;2021-07-08;391394;292944;825077.0;47.4;35.5
61;0;2021-07-08;169535;127209;276903.0;61.2;45.9
62;0;2021-07-08;790626;613217;1452778.0;54.4;42.2
63;0;2021-07-08;355484;274674;660240.0;53.8;41.6
64;0;2021-07-08;429846;320372;683169.0;62.9;46.9
65;0;2021-07-08;142871;114590;226839.0;63.0;50.5
66;0;2021-07-08;268980;215692;479000.0;56.2;45.0
67;0;2021-07-08;634707;453705;1132607.0;56.0;40.1
68;0;2021-07-08;381518;288849;763204.0;50.0;37.8
69;0;2021-07-08;987051;712047;1876051.0;52.6;38.0
70;0;2021-07-08;123036;93180;233194.0;52.8;40.0
71;0;2021-07-08;317976;229805;547824.0;58.0;41.9
72;0;2021-07-08;294227;218148;560227.0;52.5;38.9
73;0;2021-07-08;224503;168678;432548.0;51.9;39.0
74;0;2021-07-08;407353;294499;828405.0;49.2;35.6
75;0;2021-07-08;1414893;1063265;2148271.0;65.9;49.5
76;0;2021-07-08;721903;518407;1243788.0;58.0;41.7
77;0;2021-07-08;634024;464117;1423607.0;44.5;32.6
78;0;2021-07-08;681168;514464;1448625.0;47.0;35.5
79;0;2021-07-08;217581;149313;372627.0;58.4;40.1
80;0;2021-07-08;310244;227951;569769.0;54.5;40.0
81;0;2021-07-08;208914;164594;387898.0;53.9;42.4
82;0;2021-07-08;142888;103033;262618.0;54.4;39.2
83;0;2021-07-08;535420;439513;1073836.0;49.9;40.9
84;0;2021-07-08;275521;209135;560997.0;49.1;37.3
85;0;2021-07-08;407742;298351;683187.0;59.7;43.7
86;0;2021-07-08;244580;191642;437398.0;55.9;43.8
87;0;2021-07-08;217360;164120;370774.0;58.6;44.3
88;0;2021-07-08;204707;158624;359520.0;56.9;44.1
89;0;2021-07-08;173600;130261;332096.0;52.3;39.2
90;0;2021-07-08;71799;56772;140145.0;51.2;40.5
91;0;2021-07-08;598017;438679;1319401.0;45.3;33.2
92;0;2021-07-08;844189;651716;1613762.0;52.3;40.4
93;0;2021-07-08;800935;567625;1670149.0;48.0;34.0
94;0;2021-07-08;739957;550592;1406041.0;52.6;39.2
95;0;2021-07-08;619113;447658;1248354.0;49.6;35.9
971;0;2021-07-08;63747;47784;376879.0;16.9;12.7
972;0;2021-07-08;59240;48273;358749.0;16.5;13.5
973;0;2021-07-08;51799;40023;290691.0;17.8;13.8
974;0;2021-07-08;256360;204700;859959.0;29.8;23.8
975;0;2021-07-08;3;2;5997.0;0.1;0.0
976;0;2021-07-08;51517;36688;279471.0;18.4;13.1
977;0;2021-07-08;5339;4682;9961.0;53.6;47.0
978;0;2021-07-08;8916;6314;35334.0;25.2;17.9
