dep;clage_vacsi;jour;n_tot_dose1;n_tot_complet;n_tot_rappel;pop;couv_tot_dose1;couv_tot_complet;couv_tot_rappel
01;04;2021-10-28;43;26;0;38356.0;0.1;0.1;0.0
01;11;2021-10-28;153;139;0;18151.0;0.8;0.8;0.0
01;17;2021-10-28;33860;31903;14;52102.0;65.0;61.2;0.0
01;24;2021-10-28;35796;33583;33;45088.0;79.4;74.5;0.1
01;29;2021-10-28;22221;20756;43;34820.0;63.8;59.6;0.1
01;39;2021-10-28;55753;52957;160;85588.0;65.1;61.9;0.2
01;49;2021-10-28;64752;61858;318;89678.0;72.2;69.0;0.4
01;59;2021-10-28;68339;67017;1067;89791.0;76.1;74.6;1.2
01;09;2021-10-28;17;4;0;44645.0;0.0;0.0;0.0
01;64;2021-10-28;31863;31324;819;38384.0;83.0;81.6;2.1
01;69;2021-10-28;29398;28966;1540;35116.0;83.7;82.5;4.4
01;74;2021-10-28;28128;27657;2556;30953.0;90.9;89.4;8.3
01;79;2021-10-28;18339;17946;5534;20058.0;91.4;89.5;27.6
01;80;2021-10-28;28722;27873;9703;34225.0;83.9;81.4;28.4
02;04;2021-10-28;14;5;0;28189.0;0.0;0.0;0.0
02;11;2021-10-28;108;93;0;14179.0;0.8;0.7;0.0
02;17;2021-10-28;33292;31817;14;41103.0;81.0;77.4;0.0
02;24;2021-10-28;36585;35228;46;37469.0;97.6;94.0;0.1
02;29;2021-10-28;21170;20395;43;26232.0;80.7;77.7;0.2
02;39;2021-10-28;50128;48801;171;62599.0;80.1;78.0;0.3
02;49;2021-10-28;54959;53935;384;64812.0;84.8;83.2;0.6
02;59;2021-10-28;60710;59839;1471;70352.0;86.3;85.1;2.1
02;09;2021-10-28;7;0;0;34123.0;0.0;0.0;0.0
02;64;2021-10-28;30149;29752;1305;34901.0;86.4;85.2;3.7
02;69;2021-10-28;29394;29043;2383;34176.0;86.0;85.0;7.0
02;74;2021-10-28;27936;27594;3545;28969.0;96.4;95.3;12.2
02;79;2021-10-28;15693;15471;4667;16402.0;95.7;94.3;28.5
02;80;2021-10-28;26944;26215;8953;32544.0;82.8;80.6;27.5
03;04;2021-10-28;15;7;0;14190.0;0.1;0.0;0.0
03;11;2021-10-28;128;109;3;7080.0;1.8;1.5;0.0
03;17;2021-10-28;20071;18788;6;22000.0;91.2;85.4;0.0
03;24;2021-10-28;23409;22129;20;20427.0;99.0;99.0;0.1
03;29;2021-10-28;13938;13236;25;14422.0;96.6;91.8;0.2
03;39;2021-10-28;31032;29842;151;33349.0;93.1;89.5;0.5
03;49;2021-10-28;38267;37213;276;39464.0;97.0;94.3;0.7
03;59;2021-10-28;44471;43829;863;45840.0;97.0;95.6;1.9
03;09;2021-10-28;9;1;0;16681.0;0.1;0.0;0.0
03;64;2021-10-28;22866;22674;759;23776.0;96.2;95.4;3.2
03;69;2021-10-28;23329;23107;1551;25182.0;92.6;91.8;6.2
03;74;2021-10-28;23148;22985;2702;23121.0;99.0;99.0;11.7
03;79;2021-10-28;15227;15112;5425;15099.0;99.0;99.0;35.9
03;80;2021-10-28;27025;26560;10266;30684.0;88.1;86.6;33.5
04;04;2021-10-28;9;4;1;7352.0;0.1;0.1;0.0
04;11;2021-10-28;34;26;0;3721.0;0.9;0.7;0.0
04;17;2021-10-28;6910;6363;3;11153.0;62.0;57.1;0.0
04;24;2021-10-28;7653;7166;22;9366.0;81.7;76.5;0.2
04;29;2021-10-28;4779;4558;20;7090.0;67.4;64.3;0.3
04;39;2021-10-28;11770;11296;55;17545.0;67.1;64.4;0.3
04;49;2021-10-28;14653;14207;88;19525.0;75.0;72.8;0.5
04;59;2021-10-28;19439;18910;364;23898.0;81.3;79.1;1.5
04;09;2021-10-28;4;1;0;8868.0;0.0;0.0;0.0
04;64;2021-10-28;10578;10386;362;12510.0;84.6;83.0;2.9
04;69;2021-10-28;10609;10431;735;11975.0;88.6;87.1;6.1
04;74;2021-10-28;10750;10638;1358;11196.0;96.0;95.0;12.1
04;79;2021-10-28;7761;7652;2451;7612.0;99.0;99.0;32.2
04;80;2021-10-28;11484;11191;3883;13386.0;85.8;83.6;29.0
05;04;2021-10-28;5;3;0;6561.0;0.1;0.0;0.0
05;11;2021-10-28;29;25;0;3350.0;0.9;0.7;0.0
05;17;2021-10-28;8181;7607;3;9735.0;84.0;78.1;0.0
05;24;2021-10-28;8581;8568;10;8030.0;99.0;99.0;0.1
05;29;2021-10-28;5327;5182;19;6298.0;84.6;82.3;0.3
05;39;2021-10-28;12881;12616;52;16000.0;80.5;78.8;0.3
05;49;2021-10-28;15010;14906;82;17800.0;84.3;83.7;0.5
05;59;2021-10-28;17747;17663;351;20029.0;88.6;88.2;1.8
05;09;2021-10-28;5;2;0;8021.0;0.1;0.0;0.0
05;64;2021-10-28;9265;9220;260;10157.0;91.2;90.8;2.6
05;69;2021-10-28;9364;9270;503;10059.0;93.1;92.2;5.0
05;74;2021-10-28;9066;8995;955;8831.0;99.0;99.0;10.8
05;79;2021-10-28;6034;5975;2021;5786.0;99.0;99.0;34.9
05;80;2021-10-28;9463;9288;3394;11099.0;85.3;83.7;30.6
06;04;2021-10-28;434;239;4;53718.0;0.8;0.4;0.0
06;11;2021-10-28;269;233;0;23848.0;1.1;1.0;0.0
06;17;2021-10-28;49381;46009;39;69129.0;71.4;66.6;0.1
06;24;2021-10-28;77530;73058;212;75754.0;99.0;96.4;0.3
06;29;2021-10-28;55925;52331;272;53360.0;99.0;98.1;0.5
06;39;2021-10-28;126812;119136;681;126997.0;99.0;93.8;0.5
06;49;2021-10-28;139146;132014;1010;136067.0;99.0;97.0;0.7
06;59;2021-10-28;152540;146562;2467;146182.0;99.0;99.0;1.7
06;09;2021-10-28;43;25;0;56870.0;0.1;0.0;0.0
06;64;2021-10-28;67349;65378;2191;67948.0;99.0;96.2;3.2
06;69;2021-10-28;63073;61565;6839;65935.0;95.7;93.4;10.4
06;74;2021-10-28;65065;63601;11880;64545.0;99.0;98.5;18.4
06;79;2021-10-28;49230;48330;18425;49474.0;99.0;97.7;37.2
06;80;2021-10-28;79499;76979;28541;89569.0;88.8;85.9;31.9
07;04;2021-10-28;15;10;1;15100.0;0.1;0.1;0.0
07;11;2021-10-28;103;86;1;7531.0;1.4;1.1;0.0
07;17;2021-10-28;17073;15735;11;23408.0;72.9;67.2;0.0
07;24;2021-10-28;19027;18125;30;18892.0;99.0;95.9;0.2
07;29;2021-10-28;10863;10322;28;13765.0;78.9;75.0;0.2
07;39;2021-10-28;26494;25312;101;34837.0;76.1;72.7;0.3
07;49;2021-10-28;32939;32071;180;41497.0;79.4;77.3;0.4
07;59;2021-10-28;39972;39246;554;46663.0;85.7;84.1;1.2
07;09;2021-10-28;6;2;0;18154.0;0.0;0.0;0.0
07;64;2021-10-28;20569;20337;537;23577.0;87.2;86.3;2.3
07;69;2021-10-28;20839;20733;1129;23453.0;88.9;88.4;4.8
07;74;2021-10-28;20602;20522;2000;21460.0;96.0;95.6;9.3
07;79;2021-10-28;13240;13043;3805;13721.0;96.5;95.1;27.7
07;80;2021-10-28;21372;20858;6829;24817.0;86.1;84.0;27.5
08;04;2021-10-28;10;5;0;13099.0;0.1;0.0;0.0
08;11;2021-10-28;63;54;0;6551.0;1.0;0.8;0.0
08;17;2021-10-28;17220;16418;6;19588.0;87.9;83.8;0.0
08;24;2021-10-28;18128;17519;22;18037.0;99.0;97.1;0.1
08;29;2021-10-28;11040;10675;29;13085.0;84.4;81.6;0.2
08;39;2021-10-28;25913;25248;153;30561.0;84.8;82.6;0.5
08;49;2021-10-28;29128;28594;224;32888.0;88.6;86.9;0.7
08;59;2021-10-28;34505;34060;848;37571.0;91.8;90.7;2.3
08;09;2021-10-28;4;0;0;15286.0;0.0;0.0;0.0
08;64;2021-10-28;17202;16977;646;18636.0;92.3;91.1;3.5
08;69;2021-10-28;16543;16321;1210;17922.0;92.3;91.1;6.8
08;74;2021-10-28;15419;15249;1911;15463.0;99.0;98.6;12.4
08;79;2021-10-28;8507;8399;2971;8669.0;98.1;96.9;34.3
08;80;2021-10-28;15197;14858;5747;18175.0;83.6;81.7;31.6
09;04;2021-10-28;8;4;0;6587.0;0.1;0.1;0.0
09;11;2021-10-28;57;48;0;3388.0;1.7;1.4;0.0
09;17;2021-10-28;8541;7933;3;10191.0;83.8;77.8;0.0
09;24;2021-10-28;10032;9516;7;9110.0;99.0;99.0;0.1
09;29;2021-10-28;6087;5790;17;6679.0;91.1;86.7;0.3
09;39;2021-10-28;14844;14301;70;15798.0;94.0;90.5;0.4
09;49;2021-10-28;18862;18280;136;18797.0;99.0;97.2;0.7
09;59;2021-10-28;20509;20311;422;21635.0;94.8;93.9;2.0
09;09;2021-10-28;4;0;0;7745.0;0.1;0.0;0.0
09;64;2021-10-28;10486;10408;302;11336.0;92.5;91.8;2.7
09;69;2021-10-28;10924;10864;604;11303.0;96.6;96.1;5.3
09;74;2021-10-28;10798;10742;1044;10028.0;99.0;99.0;10.4
09;79;2021-10-28;7025;6943;1888;6375.0;99.0;99.0;29.6
09;80;2021-10-28;11704;11465;3510;13426.0;87.2;85.4;26.1
10;04;2021-10-28;8;3;0;16179.0;0.0;0.0;0.0
10;11;2021-10-28;52;43;0;8186.0;0.6;0.5;0.0
10;17;2021-10-28;18086;17301;5;23738.0;76.2;72.9;0.0
10;24;2021-10-28;22382;21511;25;24096.0;92.9;89.3;0.1
10;29;2021-10-28;13425;13003;24;16549.0;81.1;78.6;0.1
10;39;2021-10-28;29022;28309;82;36584.0;79.3;77.4;0.2
10;49;2021-10-28;33049;32443;170;38394.0;86.1;84.5;0.4
10;59;2021-10-28;36636;36286;616;39551.0;92.6;91.7;1.6
10;09;2021-10-28;4;2;0;18930.0;0.0;0.0;0.0
10;64;2021-10-28;18064;17833;570;19401.0;93.1;91.9;2.9
10;69;2021-10-28;17878;17738;1142;19343.0;92.4;91.7;5.9
10;74;2021-10-28;17997;17897;1974;17592.0;99.0;99.0;11.2
10;79;2021-10-28;10814;10676;3530;10554.0;99.0;99.0;33.4
10;80;2021-10-28;18553;18123;6437;20810.0;89.2;87.1;30.9
11;04;2021-10-28;23;16;0;16558.0;0.1;0.1;0.0
11;11;2021-10-28;67;53;0;8794.0;0.8;0.6;0.0
11;17;2021-10-28;19225;18321;7;25657.0;74.9;71.4;0.0
11;24;2021-10-28;20852;20465;30;22902.0;91.0;89.4;0.1
11;29;2021-10-28;12249;11894;32;15409.0;79.5;77.2;0.2
11;39;2021-10-28;28459;27986;110;39384.0;72.3;71.1;0.3
11;49;2021-10-28;36055;35723;198;45681.0;78.9;78.2;0.4
11;59;2021-10-28;43552;43334;810;51248.0;85.0;84.6;1.6
11;09;2021-10-28;10;0;0;20110.0;0.0;0.0;0.0
11;64;2021-10-28;22475;22392;782;26525.0;84.7;84.4;2.9
11;69;2021-10-28;24010;23888;1467;27686.0;86.7;86.3;5.3
11;74;2021-10-28;24383;24347;2581;25828.0;94.4;94.3;10.0
11;79;2021-10-28;15881;16098;4738;16823.0;94.4;95.7;28.2
11;80;2021-10-28;24345;24279;7637;30100.0;80.9;80.7;25.4
12;04;2021-10-28;11;5;0;11791.0;0.1;0.0;0.0
12;11;2021-10-28;68;67;0;6137.0;1.1;1.1;0.0
12;17;2021-10-28;15034;14166;6;18532.0;81.1;76.4;0.0
12;24;2021-10-28;16382;15780;11;16356.0;99.0;96.5;0.1
12;29;2021-10-28;9258;8986;29;11329.0;81.7;79.3;0.3
12;39;2021-10-28;22285;21710;64;28724.0;77.6;75.6;0.2
12;49;2021-10-28;28157;27700;133;33377.0;84.4;83.0;0.4
12;59;2021-10-28;34755;34254;568;39683.0;87.6;86.3;1.4
12;09;2021-10-28;2;1;0;14098.0;0.0;0.0;0.0
12;64;2021-10-28;18323;18158;451;20219.0;90.6;89.8;2.2
12;69;2021-10-28;18790;18639;838;20502.0;91.6;90.9;4.1
12;74;2021-10-28;18889;18716;1482;18733.0;99.0;99.0;7.9
12;79;2021-10-28;12152;12019;3578;12213.0;99.0;98.4;29.3
12;80;2021-10-28;23165;22714;7941;26666.0;86.9;85.2;29.8
13;04;2021-10-28;142;65;1;115829.0;0.1;0.1;0.0
13;11;2021-10-28;337;275;0;48590.0;0.7;0.6;0.0
13;17;2021-10-28;80796;75836;45;143381.0;56.4;52.9;0.0
13;24;2021-10-28;129863;123278;257;166869.0;77.8;73.9;0.2
13;29;2021-10-28;91019;86649;359;113164.0;80.4;76.6;0.3
13;39;2021-10-28;200283;192340;991;254362.0;78.7;75.6;0.4
13;49;2021-10-28;221174;215390;1642;256640.0;86.2;83.9;0.6
13;59;2021-10-28;238925;234369;4528;265649.0;89.9;88.2;1.7
13;09;2021-10-28;81;32;0;122467.0;0.1;0.0;0.0
13;64;2021-10-28;108980;107356;4005;120563.0;90.4;89.0;3.3
13;69;2021-10-28;100260;98839;7990;115967.0;86.5;85.2;6.9
13;74;2021-10-28;97785;96413;12911;105855.0;92.4;91.1;12.2
13;79;2021-10-28;70133;68832;20201;76830.0;91.3;89.6;26.3
13;80;2021-10-28;106530;103322;32129;128303.0;83.0;80.5;25.0
14;04;2021-10-28;26;12;0;32713.0;0.1;0.0;0.0
14;11;2021-10-28;157;131;0;16901.0;0.9;0.8;0.0
14;17;2021-10-28;46696;44188;7;52063.0;89.7;84.9;0.0
14;24;2021-10-28;57618;55683;66;60987.0;94.5;91.3;0.1
14;29;2021-10-28;34734;33482;104;34960.0;99.0;95.8;0.3
14;39;2021-10-28;73683;71967;308;78671.0;93.7;91.5;0.4
14;49;2021-10-28;81283;80098;538;84964.0;95.7;94.3;0.6
14;59;2021-10-28;87527;86593;2123;89285.0;98.0;97.0;2.4
14;09;2021-10-28;8;4;0;39456.0;0.0;0.0;0.0
14;64;2021-10-28;44011;43604;1565;45437.0;96.9;96.0;3.4
14;69;2021-10-28;44532;44165;2531;45564.0;97.7;96.9;5.6
14;74;2021-10-28;42643;42286;4031;39971.0;99.0;99.0;10.1
14;79;2021-10-28;24993;24733;8295;23384.0;99.0;99.0;35.5
14;80;2021-10-28;42921;42030;15744;47097.0;91.1;89.2;33.4
15;04;2021-10-28;6;5;0;5285.0;0.1;0.1;0.0
15;11;2021-10-28;42;39;0;2969.0;1.4;1.3;0.0
15;17;2021-10-28;8571;8049;0;9080.0;94.4;88.6;0.0
15;24;2021-10-28;8905;8671;16;8091.0;99.0;99.0;0.2
15;29;2021-10-28;5196;5015;11;5406.0;96.1;92.8;0.2
15;39;2021-10-28;12406;12177;60;14131.0;87.8;86.2;0.4
15;49;2021-10-28;15622;15431;118;17202.0;90.8;89.7;0.7
15;59;2021-10-28;19167;19011;425;21195.0;90.4;89.7;2.0
15;09;2021-10-28;4;0;0;6563.0;0.1;0.0;0.0
15;64;2021-10-28;10429;10344;335;11135.0;93.7;92.9;3.0
15;69;2021-10-28;10635;10567;551;11435.0;93.0;92.4;4.8
15;74;2021-10-28;10337;10268;899;10127.0;99.0;99.0;8.9
15;79;2021-10-28;6287;6219;1906;6453.0;97.4;96.4;29.5
15;80;2021-10-28;11862;11671;3881;13739.0;86.3;84.9;28.2
16;04;2021-10-28;12;5;0;15081.0;0.1;0.0;0.0
16;11;2021-10-28;59;47;0;7841.0;0.8;0.6;0.0
16;17;2021-10-28;19484;19055;5;23113.0;84.3;82.4;0.0
16;24;2021-10-28;20614;20313;27;22805.0;90.4;89.1;0.1
16;29;2021-10-28;13188;13026;44;16488.0;80.0;79.0;0.3
16;39;2021-10-28;30392;30026;143;37221.0;81.7;80.7;0.4
16;49;2021-10-28;36293;36076;232;42419.0;85.6;85.0;0.5
16;59;2021-10-28;45164;44699;1104;48767.0;92.6;91.7;2.3
16;09;2021-10-28;8;0;0;18130.0;0.0;0.0;0.0
16;64;2021-10-28;24105;23778;872;25626.0;94.1;92.8;3.4
16;69;2021-10-28;24357;24105;1345;25227.0;96.6;95.6;5.3
16;74;2021-10-28;23273;23043;2079;22007.0;99.0;99.0;9.4
16;79;2021-10-28;14716;14556;4694;14324.0;99.0;99.0;32.8
16;80;2021-10-28;26352;25834;9896;29131.0;90.5;88.7;34.0
17;04;2021-10-28;34;12;0;26217.0;0.1;0.0;0.0
17;11;2021-10-28;101;86;1;14224.0;0.7;0.6;0.0
17;17;2021-10-28;41734;39725;10;43133.0;96.8;92.1;0.0
17;24;2021-10-28;45497;45088;46;41888.0;99.0;99.0;0.1
17;29;2021-10-28;25310;24960;48;25772.0;98.2;96.8;0.2
17;39;2021-10-28;59599;59203;189;66631.0;89.4;88.9;0.3
17;49;2021-10-28;72005;71931;428;78405.0;91.8;91.7;0.5
17;59;2021-10-28;82473;82470;2018;85909.0;96.0;96.0;2.3
17;09;2021-10-28;19;2;0;32589.0;0.1;0.0;0.0
17;64;2021-10-28;45272;45372;1596;47547.0;95.2;95.4;3.4
17;69;2021-10-28;50440;50564;2922;51529.0;97.9;98.1;5.7
17;74;2021-10-28;51182;51192;5071;47920.0;99.0;99.0;10.6
17;79;2021-10-28;31540;31344;11213;30024.0;99.0;99.0;37.3
17;80;2021-10-28;50266;49393;18754;55292.0;90.9;89.3;33.9
18;04;2021-10-28;14;10;1;13630.0;0.1;0.1;0.0
18;11;2021-10-28;84;85;0;6832.0;1.2;1.2;0.0
18;17;2021-10-28;16521;15839;3;19484.0;84.8;81.3;0.0
18;24;2021-10-28;18347;17743;16;18426.0;99.0;96.3;0.1
18;29;2021-10-28;10909;10563;15;13223.0;82.5;79.9;0.1
18;39;2021-10-28;25238;24510;96;31552.0;80.0;77.7;0.3
18;49;2021-10-28;30355;29756;183;35301.0;86.0;84.3;0.5
18;59;2021-10-28;37362;36960;879;41611.0;89.8;88.8;2.1
18;09;2021-10-28;8;1;0;15979.0;0.1;0.0;0.0
18;64;2021-10-28;19463;19264;734;21471.0;90.6;89.7;3.4
18;69;2021-10-28;19222;19045;1201;21413.0;89.8;88.9;5.6
18;74;2021-10-28;19536;19310;2208;20101.0;97.2;96.1;11.0
18;79;2021-10-28;12755;11968;4199;12438.0;99.0;96.2;33.8
18;80;2021-10-28;22116;20789;7981;24943.0;88.7;83.3;32.0
19;04;2021-10-28;5;1;0;9787.0;0.1;0.0;0.0
19;11;2021-10-28;89;80;0;5142.0;1.7;1.6;0.0
19;17;2021-10-28;13891;13276;3;15894.0;87.4;83.5;0.0
19;24;2021-10-28;15037;14653;15;15462.0;97.3;94.8;0.1
19;29;2021-10-28;9025;8769;32;10380.0;86.9;84.5;0.3
19;39;2021-10-28;21124;20785;83;24486.0;86.3;84.9;0.3
19;49;2021-10-28;25620;25374;169;29167.0;87.8;87.0;0.6
19;59;2021-10-28;30205;30003;685;33019.0;91.5;90.9;2.1
19;09;2021-10-28;5;1;0;12051.0;0.0;0.0;0.0
19;64;2021-10-28;15590;15476;595;17701.0;88.1;87.4;3.4
19;69;2021-10-28;16084;15927;1144;18195.0;88.4;87.5;6.3
19;74;2021-10-28;16377;16114;1769;16310.0;99.0;98.8;10.8
19;79;2021-10-28;10557;10377;2987;10544.0;99.0;98.4;28.3
19;80;2021-10-28;19884;19274;6504;22198.0;89.6;86.8;29.3
21;04;2021-10-28;30;14;0;25826.0;0.1;0.1;0.0
21;11;2021-10-28;148;136;0;12159.0;1.2;1.1;0.0
21;17;2021-10-28;29313;27719;12;38757.0;75.6;71.5;0.0
21;24;2021-10-28;42552;40137;126;51370.0;82.8;78.1;0.2
21;29;2021-10-28;25827;24680;105;29584.0;87.3;83.4;0.4
21;39;2021-10-28;52558;50848;348;62868.0;83.6;80.9;0.6
21;49;2021-10-28;57020;55667;512;65826.0;86.6;84.6;0.8
21;59;2021-10-28;62300;61237;1725;68688.0;90.7;89.2;2.5
21;09;2021-10-28;16;8;0;29383.0;0.1;0.0;0.0
21;64;2021-10-28;29836;29509;1223;33480.0;89.1;88.1;3.7
21;69;2021-10-28;28688;28369;2076;32324.0;88.8;87.8;6.4
21;74;2021-10-28;28949;28577;3135;29647.0;97.6;96.4;10.6
21;79;2021-10-28;18084;17944;6075;18184.0;99.0;98.7;33.4
21;80;2021-10-28;31181;30643;10991;34790.0;89.6;88.1;31.6
22;04;2021-10-28;27;8;0;27035.0;0.1;0.0;0.0
22;11;2021-10-28;106;80;0;14357.0;0.7;0.6;0.0
22;17;2021-10-28;42834;39332;6;43994.0;97.4;89.4;0.0
22;24;2021-10-28;42967;40226;40;36952.0;99.0;99.0;0.1
22;29;2021-10-28;23720;22209;36;23678.0;99.0;93.8;0.2
22;39;2021-10-28;55897;53228;180;60806.0;91.9;87.5;0.3
22;49;2021-10-28;68080;65697;394;72804.0;93.5;90.2;0.5
22;59;2021-10-28;77415;75794;1775;80453.0;96.2;94.2;2.2
22;09;2021-10-28;11;5;0;33070.0;0.0;0.0;0.0
22;64;2021-10-28;41792;41211;1388;43408.0;96.3;94.9;3.2
22;69;2021-10-28;43626;43089;2888;44297.0;98.5;97.3;6.5
22;74;2021-10-28;45480;44853;4596;40776.0;99.0;99.0;11.3
22;79;2021-10-28;25977;25599;8409;24257.0;99.0;99.0;34.7
22;80;2021-10-28;46532;45319;16915;50299.0;92.5;90.1;33.6
23;04;2021-10-28;5;2;0;4191.0;0.1;0.0;0.0
23;11;2021-10-28;35;29;0;2304.0;1.5;1.3;0.0
23;17;2021-10-28;6005;5430;1;7037.0;85.3;77.2;0.0
23;24;2021-10-28;6732;6187;13;6260.0;99.0;98.8;0.2
23;29;2021-10-28;4085;3713;15;4492.0;90.9;82.7;0.3
23;39;2021-10-28;9088;8539;39;10711.0;84.8;79.7;0.4
23;49;2021-10-28;11518;11005;88;13371.0;86.1;82.3;0.7
23;59;2021-10-28;15350;14860;397;17031.0;90.1;87.3;2.3
23;09;2021-10-28;4;0;0;5159.0;0.1;0.0;0.0
23;64;2021-10-28;8806;8686;332;9821.0;89.7;88.4;3.4
23;69;2021-10-28;8934;8841;604;9849.0;90.7;89.8;6.1
23;74;2021-10-28;8786;8692;1060;8970.0;97.9;96.9;11.8
23;79;2021-10-28;5322;5248;1646;5131.0;99.0;99.0;32.1
23;80;2021-10-28;10350;10088;3789;11943.0;86.7;84.5;31.7
24;04;2021-10-28;37;16;0;15506.0;0.2;0.1;0.0
24;11;2021-10-28;67;53;0;8549.0;0.8;0.6;0.0
24;17;2021-10-28;21246;20056;6;25834.0;82.2;77.6;0.0
24;24;2021-10-28;22409;21553;28;22541.0;99.0;95.6;0.1
24;29;2021-10-28;13353;12887;30;15932.0;83.8;80.9;0.2
24;39;2021-10-28;31830;31147;124;39189.0;81.2;79.5;0.3
24;49;2021-10-28;39855;39254;221;48292.0;82.5;81.3;0.5
24;59;2021-10-28;50099;49707;1070;59110.0;84.8;84.1;1.8
24;09;2021-10-28;10;5;0;19080.0;0.1;0.0;0.0
24;64;2021-10-28;28042;27765;923;32291.0;86.8;86.0;2.9
24;69;2021-10-28;29094;28866;1557;33389.0;87.1;86.5;4.7
24;74;2021-10-28;29973;29727;2473;30858.0;97.1;96.3;8.0
24;79;2021-10-28;18433;18195;4511;19184.0;96.1;94.8;23.5
24;80;2021-10-28;32082;31293;9286;38638.0;83.0;81.0;24.0
25;04;2021-10-28;31;13;0;29568.0;0.1;0.0;0.0
25;11;2021-10-28;144;123;0;13811.0;1.0;0.9;0.0
25;17;2021-10-28;30045;28683;11;41084.0;73.1;69.8;0.0
25;24;2021-10-28;39042;37538;53;47429.0;82.3;79.1;0.1
25;29;2021-10-28;23831;22866;48;30431.0;78.3;75.1;0.2
25;39;2021-10-28;51288;49619;149;67253.0;76.3;73.8;0.2
25;49;2021-10-28;57806;56521;274;67339.0;85.8;83.9;0.4
25;59;2021-10-28;59865;59121;1009;67781.0;88.3;87.2;1.5
25;09;2021-10-28;16;7;0;33510.0;0.0;0.0;0.0
25;64;2021-10-28;27724;27400;768;31706.0;87.4;86.4;2.4
25;69;2021-10-28;26060;25786;1415;30203.0;86.3;85.4;4.7
25;74;2021-10-28;26331;25996;2744;28593.0;92.1;90.9;9.6
25;79;2021-10-28;17182;16934;5706;17681.0;97.2;95.8;32.3
25;80;2021-10-28;28695;28069;10153;33060.0;86.8;84.9;30.7
26;04;2021-10-28;29;12;0;27732.0;0.1;0.0;0.0
26;11;2021-10-28;105;88;0;13808.0;0.8;0.6;0.0
26;17;2021-10-28;29910;28565;13;39847.0;75.1;71.7;0.0
26;24;2021-10-28;36053;34730;37;34548.0;99.0;99.0;0.1
26;29;2021-10-28;22105;21120;45;24822.0;89.1;85.1;0.2
26;39;2021-10-28;52467;50816;153;62462.0;84.0;81.4;0.2
26;49;2021-10-28;59694;58487;246;65055.0;91.8;89.9;0.4
26;59;2021-10-28;66750;65964;914;69283.0;96.3;95.2;1.3
26;09;2021-10-28;15;0;0;32309.0;0.0;0.0;0.0
26;64;2021-10-28;30947;30689;743;33560.0;92.2;91.4;2.2
26;69;2021-10-28;30038;29740;1684;32308.0;93.0;92.1;5.2
26;74;2021-10-28;29528;29191;3029;29997.0;98.4;97.3;10.1
26;79;2021-10-28;20622;20342;6476;19941.0;99.0;99.0;32.5
26;80;2021-10-28;30991;30229;10330;34888.0;88.8;86.6;29.6
27;04;2021-10-28;16;4;0;33179.0;0.0;0.0;0.0
27;11;2021-10-28;169;151;0;16746.0;1.0;0.9;0.0
27;17;2021-10-28;38094;36255;12;48374.0;78.7;74.9;0.0
27;24;2021-10-28;38171;36407;33;40670.0;93.9;89.5;0.1
27;29;2021-10-28;22800;21680;57;28567.0;79.8;75.9;0.2
27;39;2021-10-28;56208;54179;208;73301.0;76.7;73.9;0.3
27;49;2021-10-28;65375;63803;366;80019.0;81.7;79.7;0.5
27;59;2021-10-28;72139;71134;1627;80762.0;89.3;88.1;2.0
27;09;2021-10-28;15;2;0;39766.0;0.0;0.0;0.0
27;64;2021-10-28;34749;34442;1313;38454.0;90.4;89.6;3.4
27;69;2021-10-28;33190;32870;2232;36662.0;90.5;89.7;6.1
27;74;2021-10-28;30843;30585;3869;31470.0;98.0;97.2;12.3
27;79;2021-10-28;19324;18984;5966;18731.0;99.0;99.0;31.9
27;80;2021-10-28;30066;29277;10631;33986.0;88.5;86.1;31.3
28;04;2021-10-28;13;4;0;24097.0;0.1;0.0;0.0
28;11;2021-10-28;81;64;0;11613.0;0.7;0.6;0.0
28;17;2021-10-28;29330;27825;12;33676.0;87.1;82.6;0.0
28;24;2021-10-28;28672;27539;54;27514.0;99.0;99.0;0.2
28;29;2021-10-28;17051;16403;67;20894.0;81.6;78.5;0.3
28;39;2021-10-28;41434;40227;203;51269.0;80.8;78.5;0.4
28;49;2021-10-28;48044;47413;417;55770.0;86.1;85.0;0.7
28;59;2021-10-28;51178;50682;1318;57755.0;88.6;87.8;2.3
28;09;2021-10-28;6;2;0;27820.0;0.0;0.0;0.0
28;64;2021-10-28;24192;23893;906;27002.0;89.6;88.5;3.4
28;69;2021-10-28;23521;23272;1237;26418.0;89.0;88.1;4.7
28;74;2021-10-28;23042;22766;2053;23002.0;99.0;99.0;8.9
28;79;2021-10-28;13829;13693;4634;13878.0;99.0;98.7;33.4
28;80;2021-10-28;24410;23781;9009;28717.0;85.0;82.8;31.4
29;04;2021-10-28;43;15;0;41580.0;0.1;0.0;0.0
29;11;2021-10-28;200;174;0;21519.0;0.9;0.8;0.0
29;17;2021-10-28;61831;59774;11;65991.0;93.7;90.6;0.0
29;24;2021-10-28;69326;68402;78;70022.0;99.0;97.7;0.1
29;29;2021-10-28;39536;38744;89;42569.0;92.9;91.0;0.2
29;39;2021-10-28;90486;89563;308;99828.0;90.6;89.7;0.3
29;49;2021-10-28;105167;104580;583;113799.0;92.4;91.9;0.5
29;59;2021-10-28;116777;116525;3964;123509.0;94.5;94.3;3.2
29;09;2021-10-28;26;6;0;49680.0;0.1;0.0;0.0
29;64;2021-10-28;60529;60405;2516;63508.0;95.3;95.1;4.0
29;69;2021-10-28;58411;58256;3095;60999.0;95.8;95.5;5.1
29;74;2021-10-28;56656;56436;4677;54208.0;99.0;99.0;8.6
29;79;2021-10-28;33130;32811;9856;32298.0;99.0;99.0;30.5
29;80;2021-10-28;61364;60284;20843;67044.0;91.5;89.9;31.1
2A;04;2021-10-28;17;13;0;7413.0;0.2;0.2;0.0
2A;11;2021-10-28;53;43;2;3518.0;1.5;1.2;0.1
2A;17;2021-10-28;7641;7057;12;9322.0;82.0;75.7;0.1
2A;24;2021-10-28;10574;10137;23;9206.0;99.0;99.0;0.2
2A;29;2021-10-28;7579;7048;27;7844.0;96.6;89.9;0.3
2A;39;2021-10-28;16280;15398;71;20657.0;78.8;74.5;0.3
2A;49;2021-10-28;18602;17887;129;22044.0;84.4;81.1;0.6
2A;59;2021-10-28;21506;21047;391;23268.0;92.4;90.5;1.7
2A;09;2021-10-28;5;1;0;8580.0;0.1;0.0;0.0
2A;64;2021-10-28;9793;9854;452;10671.0;91.8;92.3;4.2
2A;69;2021-10-28;9454;9531;1197;10602.0;89.2;89.9;11.3
2A;74;2021-10-28;8602;8680;1716;9731.0;88.4;89.2;17.6
2A;79;2021-10-28;5904;5866;2249;7933.0;74.4;73.9;28.3
2A;80;2021-10-28;8853;8635;3205;11632.0;76.1;74.2;27.6
2B;04;2021-10-28;19;10;0;8250.0;0.2;0.1;0.0
2B;11;2021-10-28;21;22;0;4048.0;0.5;0.5;0.0
2B;17;2021-10-28;6232;6038;2;11185.0;55.7;54.0;0.0
2B;24;2021-10-28;9019;8591;14;13486.0;66.9;63.7;0.1
2B;29;2021-10-28;6457;6164;30;9563.0;67.5;64.5;0.3
2B;39;2021-10-28;15333;14741;87;22967.0;66.8;64.2;0.4
2B;49;2021-10-28;18097;17634;155;23161.0;78.1;76.1;0.7
2B;59;2021-10-28;21502;21145;393;24702.0;87.0;85.6;1.6
2B;09;2021-10-28;4;0;0;9501.0;0.0;0.0;0.0
2B;64;2021-10-28;10629;10585;395;11790.0;90.2;89.8;3.4
2B;69;2021-10-28;10398;10428;956;12032.0;86.4;86.7;7.9
2B;74;2021-10-28;9839;9867;1712;10849.0;90.7;90.9;15.8
2B;79;2021-10-28;6838;6776;2479;8172.0;83.7;82.9;30.3
2B;80;2021-10-28;10358;10147;4124;12552.0;82.5;80.8;32.9
30;04;2021-10-28;41;24;1;37678.0;0.1;0.1;0.0
30;11;2021-10-28;206;178;0;18277.0;1.1;1.0;0.0
30;17;2021-10-28;38181;36387;21;54361.0;70.2;66.9;0.0
30;24;2021-10-28;45586;44410;103;52820.0;86.3;84.1;0.2
30;29;2021-10-28;26315;25600;123;34641.0;76.0;73.9;0.4
30;39;2021-10-28;62860;61769;409;84369.0;74.5;73.2;0.5
30;49;2021-10-28;75451;74557;691;91908.0;82.1;81.1;0.8
30;59;2021-10-28;89428;88434;2026;103521.0;86.4;85.4;2.0
30;09;2021-10-28;15;7;0;42949.0;0.0;0.0;0.0
30;64;2021-10-28;45199;44722;1490;50969.0;88.7;87.7;2.9
30;69;2021-10-28;44841;44400;2639;50457.0;88.9;88.0;5.2
30;74;2021-10-28;46448;45840;4769;45688.0;99.0;99.0;10.4
30;79;2021-10-28;30709;30163;8917;30153.0;99.0;99.0;29.6
30;80;2021-10-28;45273;43893;14267;50677.0;89.3;86.6;28.2
31;04;2021-10-28;41;24;1;78558.0;0.1;0.0;0.0
31;11;2021-10-28;153;140;0;33314.0;0.5;0.4;0.0
31;17;2021-10-28;73002;69715;25;99355.0;73.5;70.2;0.0
31;24;2021-10-28;108174;105673;211;147618.0;73.3;71.6;0.1
31;29;2021-10-28;76865;75327;232;96416.0;79.7;78.1;0.2
31;39;2021-10-28;150180;148112;605;194920.0;77.0;76.0;0.3
31;49;2021-10-28;151207;150254;881;184340.0;82.0;81.5;0.5
31;59;2021-10-28;152245;150588;3188;174175.0;87.4;86.5;1.8
31;09;2021-10-28;24;1;0;84158.0;0.0;0.0;0.0
31;64;2021-10-28;66034;65255;2116;72167.0;91.5;90.4;2.9
31;69;2021-10-28;57867;57197;3153;65865.0;87.9;86.8;4.8
31;74;2021-10-28;55763;55195;4806;59889.0;93.1;92.2;8.0
31;79;2021-10-28;37391;37178;10074;39232.0;95.3;94.8;25.7
31;80;2021-10-28;61926;60888;18234;70928.0;87.3;85.8;25.7
32;04;2021-10-28;10;4;0;7650.0;0.1;0.1;0.0
32;11;2021-10-28;44;43;0;4295.0;1.0;1.0;0.0
32;17;2021-10-28;10331;9351;2;12530.0;82.5;74.6;0.0
32;24;2021-10-28;12253;10918;19;10079.0;99.0;99.0;0.2
32;29;2021-10-28;7301;6459;33;7305.0;99.0;88.4;0.5
32;39;2021-10-28;17533;15821;92;18813.0;93.2;84.1;0.5
32;49;2021-10-28;21784;20422;145;23258.0;93.7;87.8;0.6
32;59;2021-10-28;24844;24174;530;27973.0;88.8;86.4;1.9
32;09;2021-10-28;9;3;0;9623.0;0.1;0.0;0.0
32;64;2021-10-28;12884;12669;390;14418.0;89.4;87.9;2.7
32;69;2021-10-28;12596;12490;665;14445.0;87.2;86.5;4.6
32;74;2021-10-28;12208;12098;1027;13008.0;93.8;93.0;7.9
32;79;2021-10-28;8021;7852;2375;8613.0;93.1;91.2;27.6
32;80;2021-10-28;14936;14535;4752;18030.0;82.8;80.6;26.4
33;04;2021-10-28;82;39;0;83937.0;0.1;0.0;0.0
33;11;2021-10-28;391;327;0;39240.0;1.0;0.8;0.0
33;17;2021-10-28;97547;94133;41;117160.0;83.3;80.3;0.0
33;24;2021-10-28;128349;125999;245;152227.0;84.3;82.8;0.2
33;29;2021-10-28;87057;85550;340;96491.0;90.2;88.7;0.4
33;39;2021-10-28;185084;182699;800;211536.0;87.5;86.4;0.4
33;49;2021-10-28;200856;199153;1367;220133.0;91.2;90.5;0.6
33;59;2021-10-28;199540;197503;5132;205186.0;97.2;96.3;2.5
33;09;2021-10-28;56;14;0;94854.0;0.1;0.0;0.0
33;64;2021-10-28;90444;89547;3190;94195.0;96.0;95.1;3.4
33;69;2021-10-28;87402;86581;5370;91164.0;95.9;95.0;5.9
33;74;2021-10-28;86348;85649;8688;82221.0;99.0;99.0;10.6
33;79;2021-10-28;53289;52501;16744;51472.0;99.0;99.0;32.5
33;80;2021-10-28;87433;85456;28098;93624.0;93.4;91.3;30.0
34;04;2021-10-28;60;24;2;60240.0;0.1;0.0;0.0
34;11;2021-10-28;259;219;0;27418.0;0.9;0.8;0.0
34;17;2021-10-28;58679;55787;19;81939.0;71.6;68.1;0.0
34;24;2021-10-28;88367;85298;142;109686.0;80.6;77.8;0.1
34;29;2021-10-28;56626;54651;183;65836.0;86.0;83.0;0.3
34;39;2021-10-28;118022;115386;552;142491.0;82.8;81.0;0.4
34;49;2021-10-28;131320;129657;1001;145553.0;90.2;89.1;0.7
34;59;2021-10-28;140084;138519;3238;147241.0;95.1;94.1;2.2
34;09;2021-10-28;29;9;0;66947.0;0.0;0.0;0.0
34;64;2021-10-28;65323;65188;2373;69781.0;93.6;93.4;3.4
34;69;2021-10-28;64836;64819;4198;71456.0;90.7;90.7;5.9
34;74;2021-10-28;65727;65506;7830;67486.0;97.4;97.1;11.6
34;79;2021-10-28;45099;44552;14700;44508.0;99.0;99.0;33.0
34;80;2021-10-28;66545;65093;21341;75563.0;88.1;86.1;28.2
35;04;2021-10-28;40;22;0;59204.0;0.1;0.0;0.0
35;11;2021-10-28;168;147;0;28654.0;0.6;0.5;0.0
35;17;2021-10-28;74305;73711;19;85764.0;86.6;85.9;0.0
35;24;2021-10-28;87814;88293;131;104190.0;84.3;84.7;0.1
35;29;2021-10-28;56682;56841;146;61845.0;91.7;91.9;0.2
35;39;2021-10-28;118733;119229;439;136675.0;86.9;87.2;0.3
35;49;2021-10-28;127733;128105;732;143253.0;89.2;89.4;0.5
35;59;2021-10-28;128323;128137;3546;135357.0;94.8;94.7;2.6
35;09;2021-10-28;23;6;0;68790.0;0.0;0.0;0.0
35;64;2021-10-28;58449;58215;1867;59016.0;99.0;98.6;3.2
35;69;2021-10-28;54310;53969;2715;55998.0;97.0;96.4;4.8
35;74;2021-10-28;52467;52116;4054;50609.0;99.0;99.0;8.0
35;79;2021-10-28;31918;31679;9447;30280.0;99.0;99.0;31.2
35;80;2021-10-28;59216;58069;19583;62438.0;94.8;93.0;31.4
36;04;2021-10-28;6;3;0;8766.0;0.1;0.0;0.0
36;11;2021-10-28;63;56;0;4647.0;1.4;1.2;0.0
36;17;2021-10-28;12147;11629;5;14285.0;85.0;81.4;0.0
36;24;2021-10-28;12481;12184;10;13347.0;93.5;91.3;0.1
36;29;2021-10-28;7293;7139;21;8959.0;81.4;79.7;0.2
36;39;2021-10-28;16908;16577;67;20646.0;81.9;80.3;0.3
36;49;2021-10-28;21206;21039;122;25665.0;82.6;82.0;0.5
36;59;2021-10-28;27765;27495;647;30627.0;90.7;89.8;2.1
36;09;2021-10-28;6;1;0;10807.0;0.1;0.0;0.0
36;64;2021-10-28;15259;15115;497;16697.0;91.4;90.5;3.0
36;69;2021-10-28;15590;15478;827;16845.0;92.5;91.9;4.9
36;74;2021-10-28;15636;15532;1376;15444.0;99.0;99.0;8.9
36;79;2021-10-28;10251;10117;3388;9912.0;99.0;99.0;34.2
36;80;2021-10-28;18691;18256;6964;20492.0;91.2;89.1;34.0
37;04;2021-10-28;15;6;1;30767.0;0.0;0.0;0.0
37;11;2021-10-28;103;88;0;14523.0;0.7;0.6;0.0
37;17;2021-10-28;35917;34657;10;44602.0;80.5;77.7;0.0
37;24;2021-10-28;47868;47128;83;51128.0;93.6;92.2;0.2
37;29;2021-10-28;28593;28126;92;30771.0;92.9;91.4;0.3
37;39;2021-10-28;62340;61446;261;71384.0;87.3;86.1;0.4
37;49;2021-10-28;67327;66752;452;75823.0;88.8;88.0;0.6
37;59;2021-10-28;72531;71994;2265;77908.0;93.1;92.4;2.9
37;09;2021-10-28;13;0;0;35521.0;0.0;0.0;0.0
37;64;2021-10-28;34787;34472;1319;38120.0;91.3;90.4;3.5
37;69;2021-10-28;34121;33828;1712;37052.0;92.1;91.3;4.6
37;74;2021-10-28;33328;33044;2398;33451.0;99.0;98.8;7.2
37;79;2021-10-28;21207;20984;5716;21199.0;99.0;99.0;27.0
37;80;2021-10-28;37990;37194;11041;43131.0;88.1;86.2;25.6
38;04;2021-10-28;55;24;1;70823.0;0.1;0.0;0.0
38;11;2021-10-28;529;474;1;33580.0;1.6;1.4;0.0
38;17;2021-10-28;71473;67917;32;99889.0;71.6;68.0;0.0
38;24;2021-10-28;93587;89987;178;108965.0;85.9;82.6;0.2
38;29;2021-10-28;58861;56631;163;67727.0;86.9;83.6;0.2
38;39;2021-10-28;126631;123105;459;156507.0;80.9;78.7;0.3
38;49;2021-10-28;138386;135980;694;166838.0;82.9;81.5;0.4
38;59;2021-10-28;144595;142902;2637;165540.0;87.3;86.3;1.6
38;09;2021-10-28;20;5;0;81216.0;0.0;0.0;0.0
38;64;2021-10-28;65689;64943;1862;73262.0;89.7;88.6;2.5
38;69;2021-10-28;60102;59415;3045;68087.0;88.3;87.3;4.5
38;74;2021-10-28;57735;57070;5663;60493.0;95.4;94.3;9.4
38;79;2021-10-28;38961;38581;12629;41745.0;93.3;92.4;30.3
38;80;2021-10-28;60861;59680;21157;70307.0;86.6;84.9;30.1
39;04;2021-10-28;9;1;0;12428.0;0.1;0.0;0.0
39;11;2021-10-28;80;70;0;6231.0;1.3;1.1;0.0
39;17;2021-10-28;15792;14707;5;19130.0;82.6;76.9;0.0
39;24;2021-10-28;16773;16083;20;16259.0;99.0;98.9;0.1
39;29;2021-10-28;9710;9291;32;11639.0;83.4;79.8;0.3
39;39;2021-10-28;22824;21856;91;28552.0;79.9;76.5;0.3
39;49;2021-10-28;27205;26476;221;32094.0;84.8;82.5;0.7
39;59;2021-10-28;32711;32122;632;36427.0;89.8;88.2;1.7
39;09;2021-10-28;2;1;0;14464.0;0.0;0.0;0.0
39;64;2021-10-28;16168;15999;501;17732.0;91.2;90.2;2.8
39;69;2021-10-28;15968;15767;912;17001.0;93.9;92.7;5.4
39;74;2021-10-28;16016;15848;1574;15842.0;99.0;99.0;9.9
39;79;2021-10-28;10783;10707;3587;10318.0;99.0;99.0;34.8
39;80;2021-10-28;17547;17163;6177;19732.0;88.9;87.0;31.3
40;04;2021-10-28;20;9;0;18009.0;0.1;0.0;0.0
40;11;2021-10-28;112;94;0;9505.0;1.2;1.0;0.0
40;17;2021-10-28;29362;27618;7;27786.0;99.0;99.0;0.0
40;24;2021-10-28;28997;29321;30;23141.0;99.0;99.0;0.1
40;29;2021-10-28;17416;17064;50;17313.0;99.0;98.6;0.3
40;39;2021-10-28;39725;39169;145;45849.0;86.6;85.4;0.3
40;49;2021-10-28;47351;47207;299;54129.0;87.5;87.2;0.6
40;59;2021-10-28;52277;52078;1078;58062.0;90.0;89.7;1.9
40;09;2021-10-28;15;2;0;22036.0;0.1;0.0;0.0
40;64;2021-10-28;27024;27041;878;29228.0;92.5;92.5;3.0
40;69;2021-10-28;28019;28095;1753;30256.0;92.6;92.9;5.8
40;74;2021-10-28;27855;27852;3065;27412.0;99.0;99.0;11.2
40;79;2021-10-28;17113;16987;5951;17201.0;99.0;98.8;34.6
40;80;2021-10-28;28594;28063;10464;32052.0;89.2;87.6;32.6
41;04;2021-10-28;11;5;0;15114.0;0.1;0.0;0.0
41;11;2021-10-28;33;25;0;7960.0;0.4;0.3;0.0
41;17;2021-10-28;18291;17915;5;24327.0;75.2;73.6;0.0
41;24;2021-10-28;19353;19162;27;20436.0;94.7;93.8;0.1
41;29;2021-10-28;11633;11424;33;14376.0;80.9;79.5;0.2
41;39;2021-10-28;27359;27091;143;34921.0;78.3;77.6;0.4
41;49;2021-10-28;34165;33807;209;40911.0;83.5;82.6;0.5
41;59;2021-10-28;40959;40598;968;45162.0;90.7;89.9;2.1
41;09;2021-10-28;4;0;0;18722.0;0.0;0.0;0.0
41;64;2021-10-28;21066;20954;663;22728.0;92.7;92.2;2.9
41;69;2021-10-28;20817;20638;997;22685.0;91.8;91.0;4.4
41;74;2021-10-28;20750;20632;1623;20510.0;99.0;99.0;7.9
41;79;2021-10-28;13269;13127;3777;12424.0;99.0;99.0;30.4
41;80;2021-10-28;24981;24463;8303;27559.0;90.6;88.8;30.1
42;04;2021-10-28;29;18;0;41994.0;0.1;0.0;0.0
42;11;2021-10-28;196;179;1;19354.0;1.0;0.9;0.0
42;17;2021-10-28;46169;43512;18;57810.0;79.9;75.3;0.0
42;24;2021-10-28;59139;56128;78;61452.0;96.2;91.3;0.1
42;29;2021-10-28;34728;32897;90;38460.0;90.3;85.5;0.2
42;39;2021-10-28;77813;74652;288;87478.0;89.0;85.3;0.3
42;49;2021-10-28;88740;85994;451;93717.0;94.7;91.8;0.5
42;59;2021-10-28;93820;92515;1518;96985.0;96.7;95.4;1.6
42;09;2021-10-28;14;0;0;47476.0;0.0;0.0;0.0
42;64;2021-10-28;44287;43753;1157;45737.0;96.8;95.7;2.5
42;69;2021-10-28;43220;42699;2197;46317.0;93.3;92.2;4.7
42;74;2021-10-28;43442;42891;3729;44186.0;98.3;97.1;8.4
42;79;2021-10-28;28285;27940;8100;28220.0;99.0;99.0;28.7
42;80;2021-10-28;49060;48087;15763;55551.0;88.3;86.6;28.4
43;04;2021-10-28;5;4;1;10473.0;0.0;0.0;0.0
43;11;2021-10-28;45;39;0;5400.0;0.8;0.7;0.0
43;17;2021-10-28;12858;12032;8;16790.0;76.6;71.7;0.0
43;24;2021-10-28;13946;13529;14;13944.0;99.0;97.0;0.1
43;29;2021-10-28;7669;7381;28;9892.0;77.5;74.6;0.3
43;39;2021-10-28;17877;17401;82;24155.0;74.0;72.0;0.3
43;49;2021-10-28;22417;22057;148;28786.0;77.9;76.6;0.5
43;59;2021-10-28;27026;26841;471;32117.0;84.1;83.6;1.5
43;09;2021-10-28;3;1;0;12253.0;0.0;0.0;0.0
43;64;2021-10-28;14249;14245;458;16538.0;86.2;86.1;2.8
43;69;2021-10-28;14530;14501;972;15751.0;92.2;92.1;6.2
43;74;2021-10-28;15198;15078;1868;14568.0;99.0;99.0;12.8
43;79;2021-10-28;9023;8935;3059;8692.0;99.0;99.0;35.2
43;80;2021-10-28;15769;15466;5827;17542.0;89.9;88.2;33.2
44;04;2021-10-28;79;42;0;82679.0;0.1;0.1;0.0
44;11;2021-10-28;317;281;0;37893.0;0.8;0.7;0.0
44;17;2021-10-28;96000;95015;24;112366.0;85.4;84.6;0.0
44;24;2021-10-28;110721;111314;129;121915.0;90.8;91.3;0.1
44;29;2021-10-28;74304;74496;195;83347.0;89.2;89.4;0.2
44;39;2021-10-28;165660;165749;513;190072.0;87.2;87.2;0.3
44;49;2021-10-28;172979;173723;902;190724.0;90.7;91.1;0.5
44;59;2021-10-28;168181;167844;3694;177335.0;94.8;94.6;2.1
44;09;2021-10-28;44;15;0;93073.0;0.0;0.0;0.0
44;64;2021-10-28;76215;75815;2490;80388.0;94.8;94.3;3.1
44;69;2021-10-28;72662;72346;3698;78183.0;92.9;92.5;4.7
44;74;2021-10-28;70854;70560;5663;68887.0;99.0;99.0;8.2
44;79;2021-10-28;42268;41954;11654;41100.0;99.0;99.0;28.4
44;80;2021-10-28;73061;71703;23198;79175.0;92.3;90.6;29.3
45;04;2021-10-28;24;13;1;38709.0;0.1;0.0;0.0
45;11;2021-10-28;190;163;0;18265.0;1.0;0.9;0.0
45;17;2021-10-28;42376;39953;22;53977.0;78.5;74.0;0.0
45;24;2021-10-28;47068;45494;64;53473.0;88.0;85.1;0.1
45;29;2021-10-28;29816;28963;71;36199.0;82.4;80.0;0.2
45;39;2021-10-28;66191;64661;207;82596.0;80.1;78.3;0.3
45;49;2021-10-28;72949;72089;344;87117.0;83.7;82.7;0.4
45;59;2021-10-28;75636;75002;1676;87500.0;86.4;85.7;1.9
45;09;2021-10-28;14;5;0;44474.0;0.0;0.0;0.0
45;64;2021-10-28;35347;35020;1145;40935.0;86.3;85.6;2.8
45;69;2021-10-28;33727;33463;1765;39320.0;85.8;85.1;4.5
45;74;2021-10-28;34504;34142;3250;35729.0;96.6;95.6;9.1
45;79;2021-10-28;21663;21522;7009;21933.0;98.8;98.1;32.0
45;80;2021-10-28;37292;36590;13320;42663.0;87.4;85.8;31.2
46;04;2021-10-28;14;5;0;6514.0;0.2;0.1;0.0
46;11;2021-10-28;36;31;0;3497.0;1.0;0.9;0.0
46;17;2021-10-28;9832;9173;0;10797.0;91.1;85.0;0.0
46;24;2021-10-28;10530;10194;7;9162.0;99.0;99.0;0.1
46;29;2021-10-28;6311;6098;14;6807.0;92.7;89.6;0.2
46;39;2021-10-28;14253;14073;24;16429.0;86.8;85.7;0.1
46;49;2021-10-28;18061;17762;89;19814.0;91.2;89.6;0.4
46;59;2021-10-28;23682;23424;342;24719.0;95.8;94.8;1.4
46;09;2021-10-28;8;2;0;8020.0;0.1;0.0;0.0
46;64;2021-10-28;13829;13684;318;14220.0;97.3;96.2;2.2
46;69;2021-10-28;14426;14289;639;14062.0;99.0;99.0;4.5
46;74;2021-10-28;14208;14168;1212;13341.0;99.0;99.0;9.1
46;79;2021-10-28;8941;8924;2537;8404.0;99.0;99.0;30.2
46;80;2021-10-28;15465;15226;5128;17380.0;89.0;87.6;29.5
47;04;2021-10-28;15;9;0;15055.0;0.1;0.1;0.0
47;11;2021-10-28;47;39;0;7711.0;0.6;0.5;0.0
47;17;2021-10-28;18679;17580;2;22695.0;82.3;77.5;0.0
47;24;2021-10-28;21461;20322;20;20332.0;99.0;99.0;0.1
47;29;2021-10-28;12721;12086;14;14531.0;87.5;83.2;0.1
47;39;2021-10-28;29628;28741;101;35714.0;83.0;80.5;0.3
47;49;2021-10-28;35281;34312;193;38760.0;91.0;88.5;0.5
47;59;2021-10-28;41866;41181;654;45512.0;92.0;90.5;1.4
47;09;2021-10-28;5;1;0;18101.0;0.0;0.0;0.0
47;64;2021-10-28;21047;20810;548;23318.0;90.3;89.2;2.4
47;69;2021-10-28;21115;20895;996;23718.0;89.0;88.1;4.2
47;74;2021-10-28;20802;20571;1679;21876.0;95.1;94.0;7.7
47;79;2021-10-28;14249;14016;3419;14687.0;97.0;95.4;23.3
47;80;2021-10-28;24647;24064;6610;28326.0;87.0;85.0;23.3
48;04;2021-10-28;2;0;0;3154.0;0.1;0.0;0.0
48;11;2021-10-28;12;14;0;1721.0;0.7;0.8;0.0
48;17;2021-10-28;3851;3622;3;5215.0;73.8;69.5;0.1
48;24;2021-10-28;3934;3913;4;5269.0;74.7;74.3;0.1
48;29;2021-10-28;2287;2261;11;3397.0;67.3;66.6;0.3
48;39;2021-10-28;5645;5600;40;7892.0;71.5;71.0;0.5
48;49;2021-10-28;7260;7206;79;9437.0;76.9;76.4;0.8
48;59;2021-10-28;8894;8860;267;10818.0;82.2;81.9;2.5
48;09;2021-10-28;1;0;0;3829.0;0.0;0.0;0.0
48;64;2021-10-28;4675;4682;200;5523.0;84.6;84.8;3.6
48;69;2021-10-28;4610;4631;411;5546.0;83.1;83.5;7.4
48;74;2021-10-28;4612;4638;730;4893.0;94.3;94.8;14.9
48;79;2021-10-28;2909;2923;1088;3046.0;95.5;96.0;35.7
48;80;2021-10-28;5372;5322;2103;6546.0;82.1;81.3;32.1
49;04;2021-10-28;31;16;0;41422.0;0.1;0.0;0.0
49;11;2021-10-28;241;213;0;21944.0;1.1;1.0;0.0
49;17;2021-10-28;57598;55165;7;66804.0;86.2;82.6;0.0
49;24;2021-10-28;70752;67107;64;73580.0;96.2;91.2;0.1
49;29;2021-10-28;40007;38221;98;40160.0;99.0;95.2;0.2
49;39;2021-10-28;87284;84124;245;95013.0;91.9;88.5;0.3
49;49;2021-10-28;98315;95734;497;102005.0;96.4;93.9;0.5
49;59;2021-10-28;101509;99947;2141;102416.0;99.0;97.6;2.1
49;09;2021-10-28;19;2;0;49839.0;0.0;0.0;0.0
49;64;2021-10-28;48547;48038;1329;49545.0;98.0;97.0;2.7
49;69;2021-10-28;46280;45757;1809;47115.0;98.2;97.1;3.8
49;74;2021-10-28;42944;42652;3100;41943.0;99.0;99.0;7.4
49;79;2021-10-28;26070;25835;6931;26000.0;99.0;99.0;26.7
49;80;2021-10-28;49332;48536;15819;58095.0;84.9;83.5;27.2
50;04;2021-10-28;14;8;0;22546.0;0.1;0.0;0.0
50;11;2021-10-28;126;107;1;11475.0;1.1;0.9;0.0
50;17;2021-10-28;34665;33111;7;34806.0;99.0;95.1;0.0
50;24;2021-10-28;35341;34994;34;30917.0;99.0;99.0;0.1
50;29;2021-10-28;22175;21698;67;22751.0;97.5;95.4;0.3
50;39;2021-10-28;48836;48097;224;52724.0;92.6;91.2;0.4
50;49;2021-10-28;54695;54123;363;58061.0;94.2;93.2;0.6
50;59;2021-10-28;65424;64910;1514;68673.0;95.3;94.5;2.2
50;09;2021-10-28;10;0;0;26622.0;0.0;0.0;0.0
50;64;2021-10-28;34063;33846;1113;35084.0;97.1;96.5;3.2
50;69;2021-10-28;33116;32960;1896;34247.0;96.7;96.2;5.5
50;74;2021-10-28;32937;32707;3020;31790.0;99.0;99.0;9.5
50;79;2021-10-28;19162;18985;6032;18769.0;99.0;99.0;32.1
50;80;2021-10-28;37626;36730;12744;42204.0;89.2;87.0;30.2
51;04;2021-10-28;17;8;0;30191.0;0.1;0.0;0.0
51;11;2021-10-28;86;71;0;13604.0;0.6;0.5;0.0
51;17;2021-10-28;34791;33151;4;41912.0;83.0;79.1;0.0
51;24;2021-10-28;43194;42206;55;53016.0;81.5;79.6;0.1
51;29;2021-10-28;26972;26282;81;31606.0;85.3;83.2;0.3
51;39;2021-10-28;57283;56333;232;69338.0;82.6;81.2;0.3
51;49;2021-10-28;61758;61188;375;70406.0;87.7;86.9;0.5
51;59;2021-10-28;66819;66258;1700;72009.0;92.8;92.0;2.4
51;09;2021-10-28;14;4;0;34561.0;0.0;0.0;0.0
51;64;2021-10-28;31389;31081;1212;34031.0;92.2;91.3;3.6
51;69;2021-10-28;30098;29795;1889;32988.0;91.2;90.3;5.7
51;74;2021-10-28;29837;29506;2995;29996.0;99.0;98.4;10.0
51;79;2021-10-28;17230;17068;5598;17033.0;99.0;99.0;32.9
51;80;2021-10-28;29435;28839;10521;33132.0;88.8;87.0;31.8
52;04;2021-10-28;6;3;0;7524.0;0.1;0.0;0.0
52;11;2021-10-28;31;23;0;3779.0;0.8;0.6;0.0
52;17;2021-10-28;9692;9368;3;11324.0;85.6;82.7;0.0
52;24;2021-10-28;10367;10017;9;10948.0;94.7;91.5;0.1
52;29;2021-10-28;6276;5981;10;8345.0;75.2;71.7;0.1
52;39;2021-10-28;15005;14591;39;17980.0;83.5;81.2;0.2
52;49;2021-10-28;17060;16832;96;19980.0;85.4;84.2;0.5
52;59;2021-10-28;21234;21067;412;24288.0;87.4;86.7;1.7
52;09;2021-10-28;5;1;0;9030.0;0.1;0.0;0.0
52;64;2021-10-28;10958;10883;317;12592.0;87.0;86.4;2.5
52;69;2021-10-28;10908;10826;516;12380.0;88.1;87.4;4.2
52;74;2021-10-28;10650;10611;824;11009.0;96.7;96.4;7.5
52;79;2021-10-28;6525;6527;1548;6500.0;99.0;99.0;23.8
52;80;2021-10-28;11833;11673;3378;13571.0;87.2;86.0;24.9
53;04;2021-10-28;2;1;0;15655.0;0.0;0.0;0.0
53;11;2021-10-28;62;54;0;8102.0;0.8;0.7;0.0
53;17;2021-10-28;22445;21476;6;24567.0;91.4;87.4;0.0
53;24;2021-10-28;23574;22667;22;21795.0;99.0;99.0;0.1
53;29;2021-10-28;13435;12926;22;13770.0;97.6;93.9;0.2
53;39;2021-10-28;30138;29101;115;33591.0;89.7;86.6;0.3
53;49;2021-10-28;35649;34701;258;38239.0;93.2;90.7;0.7
53;59;2021-10-28;36576;36336;895;40380.0;90.6;90.0;2.2
53;09;2021-10-28;11;1;0;19227.0;0.1;0.0;0.0
53;64;2021-10-28;17213;17063;697;19825.0;86.8;86.1;3.5
53;69;2021-10-28;16664;16566;973;18906.0;88.1;87.6;5.1
53;74;2021-10-28;17511;17258;1741;16974.0;99.0;99.0;10.3
53;79;2021-10-28;9848;9747;3290;10260.0;96.0;95.0;32.1
53;80;2021-10-28;20978;20594;8147;24074.0;87.1;85.5;33.8
54;04;2021-10-28;47;13;0;36751.0;0.1;0.0;0.0
54;11;2021-10-28;195;175;0;17248.0;1.1;1.0;0.0
54;17;2021-10-28;41340;39412;12;52300.0;79.0;75.4;0.0
54;24;2021-10-28;56537;54496;120;73381.0;77.0;74.3;0.2
54;29;2021-10-28;34197;33021;168;42716.0;80.1;77.3;0.4
54;39;2021-10-28;73466;71697;463;91468.0;80.3;78.4;0.5
54;49;2021-10-28;78128;76915;736;89778.0;87.0;85.7;0.8
54;59;2021-10-28;83944;82916;2398;92748.0;90.5;89.4;2.6
54;09;2021-10-28;24;8;0;42458.0;0.1;0.0;0.0
54;64;2021-10-28;40613;40102;1622;45058.0;90.1;89.0;3.6
54;69;2021-10-28;38146;37745;3047;42708.0;89.3;88.4;7.1
54;74;2021-10-28;35414;35128;4549;37042.0;95.6;94.8;12.3
54;79;2021-10-28;20898;20571;7340;21736.0;96.1;94.6;33.8
54;80;2021-10-28;38084;37240;13993;45006.0;84.6;82.7;31.1
55;04;2021-10-28;6;3;0;8589.0;0.1;0.0;0.0
55;11;2021-10-28;60;55;0;4233.0;1.4;1.3;0.0
55;17;2021-10-28;9656;9062;1;13183.0;73.2;68.7;0.0
55;24;2021-10-28;10731;10186;15;12250.0;87.6;83.2;0.1
55;29;2021-10-28;6297;5967;18;8717.0;72.2;68.5;0.2
55;39;2021-10-28;15205;14716;68;20573.0;73.9;71.5;0.3
55;49;2021-10-28;17158;16772;121;22189.0;77.3;75.6;0.5
55;59;2021-10-28;21113;20884;521;25507.0;82.8;81.9;2.0
55;09;2021-10-28;4;3;0;10471.0;0.0;0.0;0.0
55;64;2021-10-28;11796;11702;400;13096.0;90.1;89.4;3.1
55;69;2021-10-28;11782;11694;634;12914.0;91.2;90.6;4.9
55;74;2021-10-28;11145;11077;897;10888.0;99.0;99.0;8.2
55;79;2021-10-28;5760;5708;1618;6009.0;95.9;95.0;26.9
55;80;2021-10-28;10851;10614;3435;13022.0;83.3;81.5;26.4
56;04;2021-10-28;30;15;0;34639.0;0.1;0.0;0.0
56;11;2021-10-28;99;98;0;18241.0;0.5;0.5;0.0
56;17;2021-10-28;53118;50319;13;55069.0;96.5;91.4;0.0
56;24;2021-10-28;53514;52329;41;49375.0;99.0;99.0;0.1
56;29;2021-10-28;29883;29156;52;31552.0;94.7;92.4;0.2
56;39;2021-10-28;70600;69542;217;80891.0;87.3;86.0;0.3
56;49;2021-10-28;85793;84819;437;94257.0;91.0;90.0;0.5
56;59;2021-10-28;98365;97228;2284;103556.0;95.0;93.9;2.2
56;09;2021-10-28;10;3;0;42173.0;0.0;0.0;0.0
56;64;2021-10-28;53620;53263;1572;55073.0;97.4;96.7;2.9
56;69;2021-10-28;53312;53086;2252;54410.0;98.0;97.6;4.1
56;74;2021-10-28;53562;53240;3458;49802.0;99.0;99.0;6.9
56;79;2021-10-28;30575;30372;8689;28672.0;99.0;99.0;30.3
56;80;2021-10-28;53393;52388;16425;57856.0;92.3;90.5;28.4
57;04;2021-10-28;50;28;1;52229.0;0.1;0.1;0.0
57;11;2021-10-28;314;284;0;24087.0;1.3;1.2;0.0
57;17;2021-10-28;54403;51327;19;71097.0;76.5;72.2;0.0
57;24;2021-10-28;69760;66953;139;76564.0;91.1;87.4;0.2
57;29;2021-10-28;46560;44829;169;57735.0;80.6;77.6;0.3
57;39;2021-10-28;104355;100914;571;132378.0;78.8;76.2;0.4
57;49;2021-10-28;110650;108027;928;131505.0;84.1;82.1;0.7
57;59;2021-10-28;127049;125094;2783;147461.0;86.2;84.8;1.9
57;09;2021-10-28;14;1;0;59116.0;0.0;0.0;0.0
57;64;2021-10-28;61461;60874;2598;71227.0;86.3;85.5;3.6
57;69;2021-10-28;56888;56238;5535;64651.0;88.0;87.0;8.6
57;74;2021-10-28;51055;50375;7823;50986.0;99.0;98.8;15.3
57;79;2021-10-28;31323;31043;10702;34126.0;91.8;91.0;31.4
57;80;2021-10-28;54769;53674;20490;62704.0;87.3;85.6;32.7
58;04;2021-10-28;4;2;0;7980.0;0.1;0.0;0.0
58;11;2021-10-28;41;37;0;4033.0;1.0;0.9;0.0
58;17;2021-10-28;11531;10886;2;12790.0;90.2;85.1;0.0
58;24;2021-10-28;11304;11024;16;11645.0;97.1;94.7;0.1
58;29;2021-10-28;6998;6801;18;7782.0;89.9;87.4;0.2
58;39;2021-10-28;16121;15883;79;18995.0;84.9;83.6;0.4
58;49;2021-10-28;19633;19484;136;22646.0;86.7;86.0;0.6
58;59;2021-10-28;25583;25354;782;27780.0;92.1;91.3;2.8
58;09;2021-10-28;1;0;0;9450.0;0.0;0.0;0.0
58;64;2021-10-28;15135;14961;690;15906.0;95.2;94.1;4.3
58;69;2021-10-28;15972;15803;1200;16731.0;95.5;94.5;7.2
58;74;2021-10-28;16374;16259;1760;15108.0;99.0;99.0;11.6
58;79;2021-10-28;10078;9942;3658;9264.0;99.0;99.0;39.5
58;80;2021-10-28;18211;17795;7164;19486.0;93.5;91.3;36.8
59;04;2021-10-28;89;38;1;153673.0;0.1;0.0;0.0
59;11;2021-10-28;583;515;2;68748.0;0.8;0.7;0.0
59;17;2021-10-28;164555;156950;98;206385.0;79.7;76.0;0.0
59;24;2021-10-28;219918;211481;518;248677.0;88.4;85.0;0.2
59;29;2021-10-28;136450;132033;524;155795.0;87.6;84.7;0.3
59;39;2021-10-28;292306;284335;1588;335101.0;87.2;84.9;0.5
59;49;2021-10-28;300628;294693;2429;326530.0;92.1;90.2;0.7
59;59;2021-10-28;300337;296003;8201;320261.0;93.8;92.4;2.6
59;09;2021-10-28;53;14;2;172144.0;0.0;0.0;0.0
59;64;2021-10-28;137109;135360;6265;148581.0;92.3;91.1;4.2
59;69;2021-10-28;126437;124741;11101;137139.0;92.2;91.0;8.1
59;74;2021-10-28;118868;117463;17662;119660.0;99.0;98.2;14.8
59;79;2021-10-28;64753;64016;22778;64728.0;99.0;98.9;35.2
59;80;2021-10-28;111031;108460;39733;131566.0;84.4;82.4;30.2
60;04;2021-10-28;44;15;0;48983.0;0.1;0.0;0.0
60;11;2021-10-28;144;126;0;23150.0;0.6;0.5;0.0
60;17;2021-10-28;45268;42947;13;66888.0;67.7;64.2;0.0
60;24;2021-10-28;53641;50477;52;62002.0;86.5;81.4;0.1
60;29;2021-10-28;32851;30993;74;44676.0;73.5;69.4;0.2
60;39;2021-10-28;78083;74596;320;106081.0;73.6;70.3;0.3
60;49;2021-10-28;87334;84718;486;111306.0;78.5;76.1;0.4
60;59;2021-10-28;93501;92378;1707;110477.0;84.6;83.6;1.5
60;09;2021-10-28;15;3;0;56022.0;0.0;0.0;0.0
60;64;2021-10-28;42479;42043;1406;49312.0;86.1;85.3;2.9
60;69;2021-10-28;39552;39143;3004;46165.0;85.7;84.8;6.5
60;74;2021-10-28;37679;37273;4739;38888.0;96.9;95.8;12.2
60;79;2021-10-28;21587;21405;6276;21958.0;98.3;97.5;28.6
60;80;2021-10-28;34045;33336;11175;39169.0;86.9;85.1;28.5
61;04;2021-10-28;10;6;0;12269.0;0.1;0.0;0.0
61;11;2021-10-28;68;58;1;6511.0;1.0;0.9;0.0
61;17;2021-10-28;18168;16958;4;19890.0;91.3;85.3;0.0
61;24;2021-10-28;19260;18735;12;18051.0;99.0;99.0;0.1
61;29;2021-10-28;11060;10732;16;11845.0;93.4;90.6;0.1
61;39;2021-10-28;25300;24636;101;27860.0;90.8;88.4;0.4
61;49;2021-10-28;30073;29618;200;32672.0;92.0;90.7;0.6
61;59;2021-10-28;36314;36011;729;38069.0;95.4;94.6;1.9
61;09;2021-10-28;8;1;0;15185.0;0.1;0.0;0.0
61;64;2021-10-28;19733;19570;595;20092.0;98.2;97.4;3.0
61;69;2021-10-28;19623;19432;1032;20194.0;97.2;96.2;5.1
61;74;2021-10-28;19720;19450;1818;18393.0;99.0;99.0;9.9
61;79;2021-10-28;12164;11839;3521;11048.0;99.0;99.0;31.9
61;80;2021-10-28;23279;22561;7907;24824.0;93.8;90.9;31.9
62;04;2021-10-28;52;20;0;79806.0;0.1;0.0;0.0
62;11;2021-10-28;348;301;0;39314.0;0.9;0.8;0.0
62;17;2021-10-28;104212;100580;36;116038.0;89.8;86.7;0.0
62;24;2021-10-28;111726;109204;134;115190.0;97.0;94.8;0.1
62;29;2021-10-28;66205;64448;173;76661.0;86.4;84.1;0.2
62;39;2021-10-28;155622;152503;673;181223.0;85.9;84.2;0.4
62;49;2021-10-28;166850;165135;1163;185396.0;90.0;89.1;0.6
62;59;2021-10-28;173947;172784;4596;188804.0;92.1;91.5;2.4
62;09;2021-10-28;29;9;0;95271.0;0.0;0.0;0.0
62;64;2021-10-28;84516;83803;4018;92654.0;91.2;90.4;4.3
62;69;2021-10-28;80717;80021;7923;88487.0;91.2;90.4;9.0
62;74;2021-10-28;75550;74769;11170;74647.0;99.0;99.0;15.0
62;79;2021-10-28;39793;39207;12575;39304.0;99.0;99.0;32.0
62;80;2021-10-28;69013;67025;22124;79983.0;86.3;83.8;27.7
63;04;2021-10-28;25;14;0;32258.0;0.1;0.0;0.0
63;11;2021-10-28;133;118;0;14867.0;0.9;0.8;0.0
63;17;2021-10-28;37494;35474;7;46773.0;80.2;75.8;0.0
63;24;2021-10-28;50038;48611;59;57859.0;86.5;84.0;0.1
63;29;2021-10-28;30383;29506;95;34784.0;87.3;84.8;0.3
63;39;2021-10-28;65035;63737;231;77930.0;83.5;81.8;0.3
63;49;2021-10-28;72028;71410;434;83111.0;86.7;85.9;0.5
63;59;2021-10-28;77548;76803;1893;86381.0;89.8;88.9;2.2
63;09;2021-10-28;10;2;0;36231.0;0.0;0.0;0.0
63;64;2021-10-28;37707;37370;1251;42614.0;88.5;87.7;2.9
63;69;2021-10-28;36487;36221;2226;41854.0;87.2;86.5;5.3
63;74;2021-10-28;36552;36272;3549;37974.0;96.3;95.5;9.3
63;79;2021-10-28;22424;22477;7044;23482.0;95.5;95.7;30.0
63;80;2021-10-28;37044;36574;12617;44122.0;84.0;82.9;28.6
64;04;2021-10-28;50;27;0;31084.0;0.2;0.1;0.0
64;11;2021-10-28;223;188;1;15499.0;1.4;1.2;0.0
64;17;2021-10-28;42106;40695;11;46826.0;89.9;86.9;0.0
64;24;2021-10-28;48918;48459;78;47008.0;99.0;99.0;0.2
64;29;2021-10-28;30378;29970;90;31664.0;95.9;94.7;0.3
64;39;2021-10-28;70106;69536;284;78556.0;89.2;88.5;0.4
64;49;2021-10-28;80970;80601;458;87908.0;92.1;91.7;0.5
64;59;2021-10-28;91950;91334;1688;94942.0;96.8;96.2;1.8
64;09;2021-10-28;19;4;0;36218.0;0.1;0.0;0.0
64;64;2021-10-28;45088;44926;1235;45492.0;99.0;98.8;2.7
64;69;2021-10-28;44188;44025;2401;44637.0;99.0;98.6;5.4
64;74;2021-10-28;43345;43128;4316;40739.0;99.0;99.0;10.6
64;79;2021-10-28;29032;28746;9062;27526.0;99.0;99.0;32.9
64;80;2021-10-28;50371;49406;17363;55070.0;91.5;89.7;31.5
65;04;2021-10-28;17;8;0;9175.0;0.2;0.1;0.0
65;11;2021-10-28;57;51;0;4592.0;1.2;1.1;0.0
65;17;2021-10-28;13011;12177;5;14905.0;87.3;81.7;0.0
65;24;2021-10-28;15552;14819;21;15160.0;99.0;97.8;0.1
65;29;2021-10-28;8953;8510;15;9487.0;94.4;89.7;0.2
65;39;2021-10-28;21141;20402;59;22948.0;92.1;88.9;0.3
65;49;2021-10-28;26337;25677;112;26998.0;97.6;95.1;0.4
65;59;2021-10-28;32201;31763;504;32331.0;99.0;98.2;1.6
65;09;2021-10-28;5;1;0;10945.0;0.0;0.0;0.0
65;64;2021-10-28;16571;16378;537;17205.0;96.3;95.2;3.1
65;69;2021-10-28;16732;16510;1151;17101.0;97.8;96.5;6.7
65;74;2021-10-28;16675;16462;1826;15217.0;99.0;99.0;12.0
65;79;2021-10-28;10617;10429;3088;10138.0;99.0;99.0;30.5
65;80;2021-10-28;19057;18516;5670;20637.0;92.3;89.7;27.5
66;04;2021-10-28;23;13;0;22439.0;0.1;0.1;0.0
66;11;2021-10-28;132;119;0;10907.0;1.2;1.1;0.0
66;17;2021-10-28;26427;25058;7;32183.0;82.1;77.9;0.0
66;24;2021-10-28;30689;30097;55;31663.0;96.9;95.1;0.2
66;29;2021-10-28;18365;17824;65;21408.0;85.8;83.3;0.3
66;39;2021-10-28;42944;42321;187;51091.0;84.1;82.8;0.4
66;49;2021-10-28;52546;52030;376;57577.0;91.3;90.4;0.7
66;59;2021-10-28;61020;60651;1212;63924.0;95.5;94.9;1.9
66;09;2021-10-28;12;3;0;26444.0;0.0;0.0;0.0
66;64;2021-10-28;32053;32088;922;32657.0;98.2;98.3;2.8
66;69;2021-10-28;32956;33097;1805;33729.0;97.7;98.1;5.4
66;74;2021-10-28;34129;34143;3322;33285.0;99.0;99.0;10.0
66;79;2021-10-28;22514;22304;6894;22201.0;99.0;99.0;31.1
66;80;2021-10-28;34155;33568;10470;39492.0;86.5;85.0;26.5
67;04;2021-10-28;64;36;3;58954.0;0.1;0.1;0.0
67;11;2021-10-28;280;259;0;26200.0;1.1;1.0;0.0
67;17;2021-10-28;62174;59415;20;78708.0;79.0;75.5;0.0
67;24;2021-10-28;87930;86072;156;103470.0;85.0;83.2;0.2
67;29;2021-10-28;59482;58377;206;68258.0;87.1;85.5;0.3
67;39;2021-10-28;122787;120696;569;143902.0;85.3;83.9;0.4
67;49;2021-10-28;128430;126802;775;144948.0;88.6;87.5;0.5
67;59;2021-10-28;143647;142077;2887;155713.0;92.3;91.2;1.9
67;09;2021-10-28;26;9;0;64003.0;0.0;0.0;0.0
67;64;2021-10-28;66467;65883;2129;71470.0;93.0;92.2;3.0
67;69;2021-10-28;60715;60219;3581;65531.0;92.7;91.9;5.5
67;74;2021-10-28;53865;53400;5059;51149.0;99.0;99.0;9.9
67;79;2021-10-28;33741;33369;8851;36563.0;92.3;91.3;24.2
67;80;2021-10-28;56338;55317;17119;63738.0;88.4;86.8;26.9
68;04;2021-10-28;17;5;0;40363.0;0.0;0.0;0.0
68;11;2021-10-28;219;192;1;18718.0;1.2;1.0;0.0
68;17;2021-10-28;37163;35233;14;54806.0;67.8;64.3;0.0
68;24;2021-10-28;46459;44600;55;53910.0;86.2;82.7;0.1
68;29;2021-10-28;30240;28951;53;40567.0;74.5;71.4;0.1
68;39;2021-10-28;70087;67869;198;94190.0;74.4;72.1;0.2
68;49;2021-10-28;80499;78816;352;100879.0;79.8;78.1;0.3
68;59;2021-10-28;92891;91619;1305;108273.0;85.8;84.6;1.2
68;09;2021-10-28;15;1;0;45549.0;0.0;0.0;0.0
68;64;2021-10-28;43835;43298;1246;50002.0;87.7;86.6;2.5
68;69;2021-10-28;41409;40987;2573;46609.0;88.8;87.9;5.5
68;74;2021-10-28;36988;36587;3907;37574.0;98.4;97.4;10.4
68;79;2021-10-28;24037;23761;5726;26401.0;91.0;90.0;21.7
68;80;2021-10-28;39732;38926;11356;45363.0;87.6;85.8;25.0
69;04;2021-10-28;110;65;1;117240.0;0.1;0.1;0.0
69;11;2021-10-28;540;501;0;46948.0;1.2;1.1;0.0
69;17;2021-10-28;106425;103517;83;139571.0;76.3;74.2;0.1
69;24;2021-10-28;170158;166582;420;193707.0;87.8;86.0;0.2
69;29;2021-10-28;129272;127836;487;128544.0;99.0;99.0;0.4
69;39;2021-10-28;250836;248477;1112;255779.0;98.1;97.1;0.4
69;49;2021-10-28;227654;226359;1563;235508.0;96.7;96.1;0.7
69;59;2021-10-28;219649;217319;4894;220390.0;99.0;98.6;2.2
69;09;2021-10-28;67;43;0;119514.0;0.1;0.0;0.0
69;64;2021-10-28;88466;87601;2985;92849.0;95.3;94.3;3.2
69;69;2021-10-28;77540;76726;4742;86477.0;89.7;88.7;5.5
69;74;2021-10-28;78226;77425;8438;80551.0;97.1;96.1;10.5
69;79;2021-10-28;56457;55910;17996;56229.0;99.0;99.0;32.0
69;80;2021-10-28;90949;89205;30433;102744.0;88.5;86.8;29.6
70;04;2021-10-28;8;4;0;10911.0;0.1;0.0;0.0
70;11;2021-10-28;53;47;0;5605.0;0.9;0.8;0.0
70;17;2021-10-28;14827;13991;4;17545.0;84.5;79.7;0.0
70;24;2021-10-28;14400;13751;11;14595.0;98.7;94.2;0.1
70;29;2021-10-28;8395;8008;22;9950.0;84.4;80.5;0.2
70;39;2021-10-28;19759;19009;56;25822.0;76.5;73.6;0.2
70;49;2021-10-28;24467;23848;150;29753.0;82.2;80.2;0.5
70;59;2021-10-28;28501;28155;538;33090.0;86.1;85.1;1.6
70;09;2021-10-28;6;2;0;13309.0;0.0;0.0;0.0
70;64;2021-10-28;14585;14465;434;16609.0;87.8;87.1;2.6
70;69;2021-10-28;14497;14347;807;16317.0;88.8;87.9;4.9
70;74;2021-10-28;14509;14426;1447;14717.0;98.6;98.0;9.8
70;79;2021-10-28;8584;8457;2613;8819.0;97.3;95.9;29.6
70;80;2021-10-28;14068;13663;4646;16152.0;87.1;84.6;28.8
71;04;2021-10-28;17;5;0;25011.0;0.1;0.0;0.0
71;11;2021-10-28;162;142;0;12680.0;1.3;1.1;0.0
71;17;2021-10-28;34029;32658;8;38040.0;89.5;85.9;0.0
71;24;2021-10-28;33949;34032;44;33329.0;99.0;99.0;0.1
71;29;2021-10-28;20032;19935;81;23851.0;84.0;83.6;0.3
71;39;2021-10-28;49304;49128;211;58219.0;84.7;84.4;0.4
71;49;2021-10-28;57985;58169;424;65377.0;88.7;89.0;0.6
71;59;2021-10-28;70433;70257;1750;76338.0;92.3;92.0;2.3
71;09;2021-10-28;8;2;0;30465.0;0.0;0.0;0.0
71;64;2021-10-28;36591;36453;1401;38652.0;94.7;94.3;3.6
71;69;2021-10-28;37606;37415;2524;39372.0;95.5;95.0;6.4
71;74;2021-10-28;37396;37120;3976;36506.0;99.0;99.0;10.9
71;79;2021-10-28;23800;23383;7665;23611.0;99.0;99.0;32.5
71;80;2021-10-28;41654;40564;14389;46373.0;89.8;87.5;31.0
72;04;2021-10-28;24;7;0;28994.0;0.1;0.0;0.0
72;11;2021-10-28;103;84;0;14437.0;0.7;0.6;0.0
72;17;2021-10-28;38290;36401;8;43686.0;87.6;83.3;0.0
72;24;2021-10-28;41198;39294;37;42293.0;97.4;92.9;0.1
72;29;2021-10-28;24161;23130;54;26871.0;89.9;86.1;0.2
72;39;2021-10-28;53272;51602;154;61693.0;86.4;83.6;0.2
72;49;2021-10-28;61898;60560;294;69750.0;88.7;86.8;0.4
72;59;2021-10-28;67205;66401;1487;73282.0;91.7;90.6;2.0
72;09;2021-10-28;7;0;0;34608.0;0.0;0.0;0.0
72;64;2021-10-28;32111;31857;1093;36635.0;87.7;87.0;3.0
72;69;2021-10-28;31120;30954;1774;35483.0;87.7;87.2;5.0
72;74;2021-10-28;29543;29369;2816;31469.0;93.9;93.3;8.9
72;79;2021-10-28;18185;18177;5544;19674.0;92.4;92.4;28.2
72;80;2021-10-28;35229;34685;11388;41352.0;85.2;83.9;27.5
73;04;2021-10-28;19;12;0;22025.0;0.1;0.1;0.0
73;11;2021-10-28;40;34;0;10258.0;0.4;0.3;0.0
73;17;2021-10-28;26172;24779;14;30899.0;84.7;80.2;0.0
73;24;2021-10-28;30161;29549;37;32141.0;93.8;91.9;0.1
73;29;2021-10-28;19637;19222;59;21474.0;91.4;89.5;0.3
73;39;2021-10-28;44453;43816;166;52325.0;85.0;83.7;0.3
73;49;2021-10-28;48504;48283;254;57492.0;84.4;84.0;0.4
73;59;2021-10-28;53992;53317;815;59925.0;90.1;89.0;1.4
73;09;2021-10-28;10;4;0;25237.0;0.0;0.0;0.0
73;64;2021-10-28;24600;24352;628;27935.0;88.1;87.2;2.2
73;69;2021-10-28;23244;22979;1129;25927.0;89.7;88.6;4.4
73;74;2021-10-28;22136;21934;2121;22860.0;96.8;95.9;9.3
73;79;2021-10-28;16027;15683;5186;15657.0;99.0;99.0;33.1
73;80;2021-10-28;24653;23944;8947;28393.0;86.8;84.3;31.5
74;04;2021-10-28;65;43;0;50236.0;0.1;0.1;0.0
74;11;2021-10-28;244;221;0;21745.0;1.1;1.0;0.0
74;17;2021-10-28;48535;46251;35;60852.0;79.8;76.0;0.1
74;24;2021-10-28;57367;56014;100;54544.0;99.0;99.0;0.2
74;29;2021-10-28;44003;42879;161;50048.0;87.9;85.7;0.3
74;39;2021-10-28;98651;96348;363;121243.0;81.4;79.5;0.3
74;49;2021-10-28;101166;99314;504;117006.0;86.5;84.9;0.4
74;59;2021-10-28;98163;96955;1422;110349.0;89.0;87.9;1.3
74;09;2021-10-28;23;10;0;54646.0;0.0;0.0;0.0
74;64;2021-10-28;40979;40333;955;44341.0;92.4;91.0;2.2
74;69;2021-10-28;36851;36386;1939;41045.0;89.8;88.6;4.7
74;74;2021-10-28;36626;36076;3698;37053.0;98.8;97.4;10.0
74;79;2021-10-28;25014;24682;7264;24722.0;99.0;99.0;29.4
74;80;2021-10-28;35432;34626;11313;40575.0;87.3;85.3;27.9
75;04;2021-10-28;425;268;6;104958.0;0.4;0.3;0.0
75;11;2021-10-28;510;447;1;38206.0;1.3;1.2;0.0
75;17;2021-10-28;95577;88898;208;118562.0;80.6;75.0;0.2
75;24;2021-10-28;242944;236955;1498;222205.0;99.0;99.0;0.7
75;29;2021-10-28;235893;235531;1853;215331.0;99.0;99.0;0.9
75;39;2021-10-28;367344;361345;3036;332595.0;99.0;99.0;0.9
75;49;2021-10-28;302948;295945;3265;277369.0;99.0;99.0;1.2
75;59;2021-10-28;309044;298140;7588;259307.0;99.0;99.0;2.9
75;09;2021-10-28;90;37;0;93620.0;0.1;0.0;0.0
75;64;2021-10-28;121224;117534;5500;110883.0;99.0;99.0;5.0
75;69;2021-10-28;94140;91258;9760;102872.0;91.5;88.7;9.5
75;74;2021-10-28;89630;86893;16301;98223.0;91.3;88.5;16.6
75;79;2021-10-28;59705;58015;23103;64896.0;92.0;89.4;35.6
75;80;2021-10-28;90769;87443;35059;109244.0;83.1;80.0;32.1
76;04;2021-10-28;33;21;0;68897.0;0.0;0.0;0.0
76;11;2021-10-28;207;181;0;31122.0;0.7;0.6;0.0
76;17;2021-10-28;85089;81822;32;93775.0;90.7;87.3;0.0
76;24;2021-10-28;104098;101893;239;106184.0;98.0;96.0;0.2
76;29;2021-10-28;65610;64202;347;69080.0;95.0;92.9;0.5
76;39;2021-10-28;143287;140885;959;152559.0;93.9;92.3;0.6
76;49;2021-10-28;146840;145232;1404;151379.0;97.0;95.9;0.9
76;59;2021-10-28;156049;154856;4606;159079.0;98.1;97.3;2.9
76;09;2021-10-28;19;11;0;76958.0;0.0;0.0;0.0
76;64;2021-10-28;74554;73869;2972;77692.0;96.0;95.1;3.8
76;69;2021-10-28;70845;70192;4347;75020.0;94.4;93.6;5.8
76;74;2021-10-28;68280;67527;7364;65404.0;99.0;99.0;11.3
76;79;2021-10-28;41149;40794;13443;39775.0;99.0;99.0;33.8
76;80;2021-10-28;69800;68420;24428;76864.0;90.8;89.0;31.8
77;04;2021-10-28;89;33;0;91756.0;0.1;0.0;0.0
77;11;2021-10-28;312;267;0;41595.0;0.8;0.6;0.0
77;17;2021-10-28;82800;76572;40;118899.0;69.6;64.4;0.0
77;24;2021-10-28;100345;93992;105;119700.0;83.8;78.5;0.1
77;29;2021-10-28;64467;60304;137;83196.0;77.5;72.5;0.2
77;39;2021-10-28;147215;140222;421;192425.0;76.5;72.9;0.2
77;49;2021-10-28;157571;152922;679;196727.0;80.1;77.7;0.3
77;59;2021-10-28;150580;148628;2466;185341.0;81.2;80.2;1.3
77;09;2021-10-28;59;14;2;102206.0;0.1;0.0;0.0
77;64;2021-10-28;60215;59625;1872;76699.0;78.5;77.7;2.4
77;69;2021-10-28;52632;52073;3446;66623.0;79.0;78.2;5.2
77;74;2021-10-28;50126;49505;6367;56446.0;88.8;87.7;11.3
77;79;2021-10-28;31746;31403;10435;34428.0;92.2;91.2;30.3
77;80;2021-10-28;49002;47858;17991;57566.0;85.1;83.1;31.3
78;04;2021-10-28;52;27;0;90846.0;0.1;0.0;0.0
78;11;2021-10-28;191;165;0;40259.0;0.5;0.4;0.0
78;17;2021-10-28;72565;69891;63;119154.0;60.9;58.7;0.1
78;24;2021-10-28;88341;85049;186;114179.0;77.4;74.5;0.2
78;29;2021-10-28;59401;57070;203;79205.0;75.0;72.1;0.3
78;39;2021-10-28;134289;130597;498;184091.0;72.9;70.9;0.3
78;49;2021-10-28;153310;151239;838;202141.0;75.8;74.8;0.4
78;59;2021-10-28;150775;149640;3104;192045.0;78.5;77.9;1.6
78;09;2021-10-28;24;2;0;99774.0;0.0;0.0;0.0
78;64;2021-10-28;64866;63626;2039;78301.0;82.8;81.3;2.6
78;69;2021-10-28;53086;52088;4222;68519.0;77.5;76.0;6.2
78;74;2021-10-28;51748;50942;8348;62672.0;82.6;81.3;13.3
78;79;2021-10-28;32477;31966;13907;42980.0;75.6;74.4;32.4
78;80;2021-10-28;55943;54650;24153;74459.0;75.1;73.4;32.4
79;04;2021-10-28;13;6;0;17785.0;0.1;0.0;0.0
79;11;2021-10-28;76;68;0;9640.0;0.8;0.7;0.0
79;17;2021-10-28;26400;25549;4;28163.0;93.7;90.7;0.0
79;24;2021-10-28;25058;24655;26;23587.0;99.0;99.0;0.1
79;29;2021-10-28;14658;14415;29;16506.0;88.8;87.3;0.2
79;39;2021-10-28;35543;35206;110;41182.0;86.3;85.5;0.3
79;49;2021-10-28;43122;43001;282;47239.0;91.3;91.0;0.6
79;59;2021-10-28;46820;46634;1175;51600.0;90.7;90.4;2.3
79;09;2021-10-28;7;1;0;21847.0;0.0;0.0;0.0
79;64;2021-10-28;23001;22873;781;25727.0;89.4;88.9;3.0
79;69;2021-10-28;22225;22079;1104;24538.0;90.6;90.0;4.5
79;74;2021-10-28;22464;22261;1779;21802.0;99.0;99.0;8.2
79;79;2021-10-28;13747;13661;3942;13843.0;99.0;98.7;28.5
79;80;2021-10-28;26401;25919;8831;29168.0;90.5;88.9;30.3
80;04;2021-10-28;18;6;0;29286.0;0.1;0.0;0.0
80;11;2021-10-28;104;81;0;13838.0;0.8;0.6;0.0
80;17;2021-10-28;37491;35219;8;44095.0;85.0;79.9;0.0
80;24;2021-10-28;46422;44624;75;53274.0;87.1;83.8;0.1
80;29;2021-10-28;27380;26407;103;30964.0;88.4;85.3;0.3
80;39;2021-10-28;58713;57107;288;67453.0;87.0;84.7;0.4
80;49;2021-10-28;64638;63458;497;71182.0;90.8;89.1;0.7
80;59;2021-10-28;69599;68777;1953;73570.0;94.6;93.5;2.7
80;09;2021-10-28;9;1;0;34254.0;0.0;0.0;0.0
80;64;2021-10-28;32976;32702;1452;35831.0;92.0;91.3;4.1
80;69;2021-10-28;31722;31419;2366;34903.0;90.9;90.0;6.8
80;74;2021-10-28;30279;29947;3741;30000.0;99.0;99.0;12.5
80;79;2021-10-28;17824;17621;5977;17445.0;99.0;99.0;34.3
80;80;2021-10-28;28925;28242;10515;33674.0;85.9;83.9;31.2
81;04;2021-10-28;6;2;0;17508.0;0.0;0.0;0.0
81;11;2021-10-28;55;44;0;9398.0;0.6;0.5;0.0
81;17;2021-10-28;21460;20190;9;27718.0;77.4;72.8;0.0
81;24;2021-10-28;24822;23764;23;25382.0;97.8;93.6;0.1
81;29;2021-10-28;14087;13462;53;16270.0;86.6;82.7;0.3
81;39;2021-10-28;33337;32311;147;41434.0;80.5;78.0;0.4
81;49;2021-10-28;42109;41151;260;48581.0;86.7;84.7;0.5
81;59;2021-10-28;47606;47149;936;53768.0;88.5;87.7;1.7
81;09;2021-10-28;4;1;0;21674.0;0.0;0.0;0.0
81;64;2021-10-28;23587;23424;687;26784.0;88.1;87.5;2.6
81;69;2021-10-28;24174;23996;1222;26379.0;91.6;91.0;4.6
81;74;2021-10-28;23895;23774;2113;24116.0;99.0;98.6;8.8
81;79;2021-10-28;15540;15386;4198;15421.0;99.0;99.0;27.2
81;80;2021-10-28;29319;28594;8815;33465.0;87.6;85.4;26.3
82;04;2021-10-28;10;7;0;13660.0;0.1;0.1;0.0
82;11;2021-10-28;62;57;0;7130.0;0.9;0.8;0.0
82;17;2021-10-28;13771;13389;12;20730.0;66.4;64.6;0.1
82;24;2021-10-28;14785;14247;24;16792.0;88.0;84.8;0.1
82;29;2021-10-28;8961;8656;23;11727.0;76.4;73.8;0.2
82;39;2021-10-28;23226;22550;81;30052.0;77.3;75.0;0.3
82;49;2021-10-28;30414;29595;168;35032.0;86.8;84.5;0.5
82;59;2021-10-28;33153;32709;652;35322.0;93.9;92.6;1.8
82;09;2021-10-28;2;0;0;16491.0;0.0;0.0;0.0
82;64;2021-10-28;15544;15450;481;16858.0;92.2;91.6;2.9
82;69;2021-10-28;15743;15585;809;16693.0;94.3;93.4;4.8
82;74;2021-10-28;15289;15081;1339;14495.0;99.0;99.0;9.2
82;79;2021-10-28;10164;10026;2872;9336.0;99.0;99.0;30.8
82;80;2021-10-28;16997;16560;5289;18300.0;92.9;90.5;28.9
83;04;2021-10-28;54;31;1;50696.0;0.1;0.1;0.0
83;11;2021-10-28;186;157;0;23642.0;0.8;0.7;0.0
83;17;2021-10-28;47257;46031;20;69695.0;67.8;66.0;0.0
83;24;2021-10-28;61320;60348;84;69501.0;88.2;86.8;0.1
83;29;2021-10-28;39029;37693;125;48220.0;80.9;78.2;0.3
83;39;2021-10-28;89714;87740;422;120276.0;74.6;72.9;0.4
83;49;2021-10-28;105757;104513;812;131324.0;80.5;79.6;0.6
83;59;2021-10-28;128105;126926;2362;145518.0;88.0;87.2;1.6
83;09;2021-10-28;18;5;0;57547.0;0.0;0.0;0.0
83;64;2021-10-28;64946;64879;2025;72726.0;89.3;89.2;2.8
83;69;2021-10-28;66310;66511;4200;73312.0;90.4;90.7;5.7
83;74;2021-10-28;69613;69560;7417;72201.0;96.4;96.3;10.3
83;79;2021-10-28;50585;50155;13550;53309.0;94.9;94.1;25.4
83;80;2021-10-28;74466;73048;20032;85869.0;86.7;85.1;23.3
84;04;2021-10-28;51;30;1;29982.0;0.2;0.1;0.0
84;11;2021-10-28;144;120;1;14320.0;1.0;0.8;0.0
84;17;2021-10-28;28786;27442;18;41523.0;69.3;66.1;0.0
84;24;2021-10-28;34753;33723;45;39477.0;88.0;85.4;0.1
84;29;2021-10-28;21820;21203;59;27578.0;79.1;76.9;0.2
84;39;2021-10-28;52636;51571;168;63922.0;82.3;80.7;0.3
84;49;2021-10-28;61987;61289;352;70030.0;88.5;87.5;0.5
84;59;2021-10-28;71322;70411;1271;77217.0;92.4;91.2;1.6
84;09;2021-10-28;17;2;0;34016.0;0.0;0.0;0.0
84;64;2021-10-28;33890;33498;1080;36344.0;93.2;92.2;3.0
84;69;2021-10-28;32214;31844;1922;35290.0;91.3;90.2;5.4
84;74;2021-10-28;31611;31240;2986;31933.0;99.0;97.8;9.4
84;79;2021-10-28;22885;22654;6592;21947.0;99.0;99.0;30.0
84;80;2021-10-28;33095;32329;9815;37418.0;88.4;86.4;26.2
85;04;2021-10-28;19;7;0;31989.0;0.1;0.0;0.0
85;11;2021-10-28;147;133;0;17488.0;0.8;0.8;0.0
85;17;2021-10-28;49554;48433;8;51584.0;96.1;93.9;0.0
85;24;2021-10-28;48251;48118;51;41969.0;99.0;99.0;0.1
85;29;2021-10-28;27484;27015;68;29084.0;94.5;92.9;0.2
85;39;2021-10-28;66885;66433;239;75720.0;88.3;87.7;0.3
85;49;2021-10-28;81286;80851;460;86574.0;93.9;93.4;0.5
85;59;2021-10-28;85069;84746;1942;89803.0;94.7;94.4;2.2
85;09;2021-10-28;9;1;0;40008.0;0.0;0.0;0.0
85;64;2021-10-28;45862;46015;1336;47935.0;95.7;96.0;2.8
85;69;2021-10-28;48694;48836;1939;49126.0;99.0;99.0;3.9
85;74;2021-10-28;49209;49240;3143;45117.0;99.0;99.0;7.0
85;79;2021-10-28;28277;28141;7944;26284.0;99.0;99.0;30.2
85;80;2021-10-28;48131;47323;16552;50506.0;95.3;93.7;32.8
86;04;2021-10-28;19;12;0;20954.0;0.1;0.1;0.0
86;11;2021-10-28;74;60;0;10342.0;0.7;0.6;0.0
86;17;2021-10-28;26209;25099;5;32563.0;80.5;77.1;0.0
86;24;2021-10-28;34459;33162;48;42794.0;80.5;77.5;0.1
86;29;2021-10-28;19603;18823;88;21569.0;90.9;87.3;0.4
86;39;2021-10-28;42264;41187;212;48717.0;86.8;84.5;0.4
86;49;2021-10-28;48070;47199;367;52927.0;90.8;89.2;0.7
86;59;2021-10-28;52841;52178;1447;55357.0;95.5;94.3;2.6
86;09;2021-10-28;8;1;0;24599.0;0.0;0.0;0.0
86;64;2021-10-28;26571;26321;1023;28304.0;93.9;93.0;3.6
86;69;2021-10-28;26271;26048;1456;27405.0;95.9;95.0;5.3
86;74;2021-10-28;24826;24647;2323;23771.0;99.0;99.0;9.8
86;79;2021-10-28;16066;15912;5178;15115.0;99.0;99.0;34.3
86;80;2021-10-28;29683;29071;10564;32981.0;90.0;88.1;32.0
87;04;2021-10-28;27;10;0;16882.0;0.2;0.1;0.0
87;11;2021-10-28;84;69;0;8204.0;1.0;0.8;0.0
87;17;2021-10-28;21114;20003;0;24978.0;84.5;80.1;0.0
87;24;2021-10-28;26124;25486;39;30878.0;84.6;82.5;0.1
87;29;2021-10-28;15564;15132;56;17124.0;90.9;88.4;0.3
87;39;2021-10-28;34314;33653;185;39312.0;87.3;85.6;0.5
87;49;2021-10-28;40178;39757;331;44763.0;89.8;88.8;0.7
87;59;2021-10-28;46322;45890;1398;49746.0;93.1;92.2;2.8
87;09;2021-10-28;15;1;0;19243.0;0.1;0.0;0.0
87;64;2021-10-28;23698;23448;985;25026.0;94.7;93.7;3.9
87;69;2021-10-28;23857;23655;1505;25500.0;93.6;92.8;5.9
87;74;2021-10-28;23830;23582;2284;23660.0;99.0;99.0;9.7
87;79;2021-10-28;14673;14541;4401;14787.0;99.0;98.3;29.8
87;80;2021-10-28;26485;25958;8955;30671.0;86.4;84.6;29.2
88;04;2021-10-28;8;7;0;16128.0;0.0;0.0;0.0
88;11;2021-10-28;68;60;1;8337.0;0.8;0.7;0.0
88;17;2021-10-28;22030;21219;6;25662.0;85.8;82.7;0.0
88;24;2021-10-28;24618;23751;37;23721.0;99.0;99.0;0.2
88;29;2021-10-28;14301;13745;43;15975.0;89.5;86.0;0.3
88;39;2021-10-28;32861;31716;120;38540.0;85.3;82.3;0.3
88;49;2021-10-28;39462;38522;237;43251.0;91.2;89.1;0.5
88;59;2021-10-28;47453;47000;910;51489.0;92.2;91.3;1.8
88;09;2021-10-28;8;3;0;18953.0;0.0;0.0;0.0
88;64;2021-10-28;24575;24367;758;26457.0;92.9;92.1;2.9
88;69;2021-10-28;24528;24321;1556;25999.0;94.3;93.5;6.0
88;74;2021-10-28;24140;23951;2557;23464.0;99.0;99.0;10.9
88;79;2021-10-28;13311;13193;4064;13069.0;99.0;99.0;31.1
88;80;2021-10-28;24403;23971;8559;28475.0;85.7;84.2;30.1
89;04;2021-10-28;7;5;0;16094.0;0.0;0.0;0.0
89;11;2021-10-28;115;101;0;8299.0;1.4;1.2;0.0
89;17;2021-10-28;19159;18142;10;23927.0;80.1;75.8;0.0
89;24;2021-10-28;19287;18563;28;20050.0;96.2;92.6;0.1
89;29;2021-10-28;11878;11487;51;14639.0;81.1;78.5;0.3
89;39;2021-10-28;29088;28250;145;36906.0;78.8;76.5;0.4
89;49;2021-10-28;33575;32963;273;40908.0;82.1;80.6;0.7
89;59;2021-10-28;40333;39881;907;45251.0;89.1;88.1;2.0
89;09;2021-10-28;6;0;0;19051.0;0.0;0.0;0.0
89;64;2021-10-28;20972;20798;715;23463.0;89.4;88.6;3.0
89;69;2021-10-28;21461;21279;1353;24006.0;89.4;88.6;5.6
89;74;2021-10-28;21394;21223;2109;21497.0;99.0;98.7;9.8
89;79;2021-10-28;12618;12518;3849;12690.0;99.0;98.6;30.3
89;80;2021-10-28;22405;21903;7785;25315.0;88.5;86.5;30.8
90;04;2021-10-28;9;4;1;7363.0;0.1;0.1;0.0
90;11;2021-10-28;48;42;1;3397.0;1.4;1.2;0.0
90;17;2021-10-28;7872;7407;3;10624.0;74.1;69.7;0.0
90;24;2021-10-28;9589;9300;3;11142.0;86.1;83.5;0.0
90;29;2021-10-28;5551;5473;10;8158.0;68.0;67.1;0.1
90;39;2021-10-28;12530;12337;27;16796.0;74.6;73.5;0.2
90;49;2021-10-28;14434;14502;78;17954.0;80.4;80.8;0.4
90;59;2021-10-28;17001;16881;304;18412.0;92.3;91.7;1.7
90;09;2021-10-28;9;3;1;8239.0;0.1;0.0;0.0
90;64;2021-10-28;8070;7989;322;8988.0;89.8;88.9;3.6
90;69;2021-10-28;7651;7619;550;8307.0;92.1;91.7;6.6
90;74;2021-10-28;7685;7606;890;7344.0;99.0;99.0;12.1
90;79;2021-10-28;4482;4420;1436;4601.0;97.4;96.1;31.2
90;80;2021-10-28;7767;7588;2777;8820.0;88.1;86.0;31.5
91;04;2021-10-28;87;42;0;89697.0;0.1;0.0;0.0
91;11;2021-10-28;331;294;1;37022.0;0.9;0.8;0.0
91;17;2021-10-28;71628;68216;41;106495.0;67.3;64.1;0.0
91;24;2021-10-28;92006;88308;157;117572.0;78.3;75.1;0.1
91;29;2021-10-28;61162;59014;150;81175.0;75.3;72.7;0.2
91;39;2021-10-28;134321;130220;431;174980.0;76.8;74.4;0.2
91;49;2021-10-28;144211;141936;659;179847.0;80.2;78.9;0.4
91;59;2021-10-28;141818;140321;2275;169548.0;83.6;82.8;1.3
91;09;2021-10-28;46;12;0;92270.0;0.0;0.0;0.0
91;64;2021-10-28;57126;56450;1786;68442.0;83.5;82.5;2.6
91;69;2021-10-28;46073;45368;3095;57526.0;80.1;78.9;5.4
91;74;2021-10-28;44780;44211;5841;50951.0;87.9;86.8;11.5
91;79;2021-10-28;30734;30639;10842;33960.0;90.5;90.2;31.9
91;80;2021-10-28;51470;50588;19159;59916.0;85.9;84.4;32.0
92;04;2021-10-28;143;75;2;101696.0;0.1;0.1;0.0
92;11;2021-10-28;295;261;0;39309.0;0.8;0.7;0.0
92;17;2021-10-28;81262;75490;95;114545.0;70.9;65.9;0.1
92;24;2021-10-28;125973;119913;531;139712.0;90.2;85.8;0.4
92;29;2021-10-28;106891;104089;587;114932.0;93.0;90.6;0.5
92;39;2021-10-28;208652;204031;1107;241384.0;86.4;84.5;0.5
92;49;2021-10-28;203604;200048;1423;227139.0;89.6;88.1;0.6
92;59;2021-10-28;180292;178408;3922;201643.0;89.4;88.5;1.9
92;09;2021-10-28;52;21;0;99977.0;0.1;0.0;0.0
92;64;2021-10-28;67376;66573;2729;79326.0;84.9;83.9;3.4
92;69;2021-10-28;52918;51960;5174;69102.0;76.6;75.2;7.5
92;74;2021-10-28;51093;50285;9409;62608.0;81.6;80.3;15.0
92;79;2021-10-28;33734;33496;14572;42778.0;78.9;78.3;34.1
92;80;2021-10-28;61593;60451;26720;79611.0;77.4;75.9;33.6
93;04;2021-10-28;218;107;1;130803.0;0.2;0.1;0.0
93;11;2021-10-28;557;496;1;47943.0;1.2;1.0;0.0
93;17;2021-10-28;82926;74934;48;135048.0;61.4;55.5;0.0
93;24;2021-10-28;153171;136143;202;149422.0;99.0;91.1;0.1
93;29;2021-10-28;135010;120507;297;116400.0;99.0;99.0;0.3
93;39;2021-10-28;273243;249416;622;256009.0;99.0;97.4;0.2
93;49;2021-10-28;242129;226362;832;231000.0;99.0;98.0;0.4
93;59;2021-10-28;199038;190797;2234;197192.0;99.0;96.8;1.1
93;09;2021-10-28;82;42;0;127706.0;0.1;0.0;0.0
93;64;2021-10-28;76511;73840;1806;78405.0;97.6;94.2;2.3
93;69;2021-10-28;59260;57303;3331;65255.0;90.8;87.8;5.1
93;74;2021-10-28;47011;45736;5032;51275.0;91.7;89.2;9.8
93;79;2021-10-28;30798;30106;6798;31866.0;96.6;94.5;21.3
93;80;2021-10-28;46063;44486;12372;51825.0;88.9;85.8;23.9
94;04;2021-10-28;96;42;1;92725.0;0.1;0.0;0.0
94;11;2021-10-28;307;272;2;35689.0;0.9;0.8;0.0
94;17;2021-10-28;69883;66087;54;103275.0;67.7;64.0;0.1
94;24;2021-10-28;115170;109941;218;128757.0;89.4;85.4;0.2
94;29;2021-10-28;95715;92040;289;96273.0;99.0;95.6;0.3
94;39;2021-10-28;190236;184679;642;201248.0;94.5;91.8;0.3
94;49;2021-10-28;179122;175841;938;189650.0;94.4;92.7;0.5
94;59;2021-10-28;168995;166966;2764;178549.0;94.6;93.5;1.5
94;09;2021-10-28;47;18;1;91757.0;0.1;0.0;0.0
94;64;2021-10-28;66755;65916;2151;73435.0;90.9;89.8;2.9
94;69;2021-10-28;53517;52901;4447;61325.0;87.3;86.3;7.3
94;74;2021-10-28;49173;48645;7420;53054.0;92.7;91.7;14.0
94;79;2021-10-28;30602;30364;10491;34793.0;88.0;87.3;30.2
94;80;2021-10-28;52537;51790;19155;65511.0;80.2;79.1;29.2
95;04;2021-10-28;105;51;0;91209.0;0.1;0.1;0.0
95;11;2021-10-28;239;196;0;35857.0;0.7;0.5;0.0
95;17;2021-10-28;70749;67439;42;103633.0;68.3;65.1;0.0
95;24;2021-10-28;98301;91940;167;107945.0;91.1;85.2;0.2
95;29;2021-10-28;71648;66480;203;76531.0;93.6;86.9;0.3
95;39;2021-10-28;160045;151811;487;175116.0;91.4;86.7;0.3
95;49;2021-10-28;159154;154058;731;167938.0;94.8;91.7;0.4
95;59;2021-10-28;145760;142779;2282;155011.0;94.0;92.1;1.5
95;09;2021-10-28;40;11;0;93856.0;0.0;0.0;0.0
95;64;2021-10-28;59926;58666;1739;65805.0;91.1;89.2;2.6
95;69;2021-10-28;48818;47881;3284;55323.0;88.2;86.5;5.9
95;74;2021-10-28;44844;43957;5988;45137.0;99.0;97.4;13.3
95;79;2021-10-28;27901;27442;8537;26895.0;99.0;99.0;31.7
95;80;2021-10-28;43707;42503;14753;48098.0;90.9;88.4;30.7
971;04;2021-10-28;17;8;0;18024.0;0.1;0.0;0.0
971;11;2021-10-28;46;32;0;9848.0;0.5;0.3;0.0
971;17;2021-10-28;6440;5693;0;31305.0;20.6;18.2;0.0
971;24;2021-10-28;8994;7538;17;27093.0;33.2;27.8;0.1
971;29;2021-10-28;5625;4954;44;16795.0;33.5;29.5;0.3
971;39;2021-10-28;14300;12836;91;37149.0;38.5;34.6;0.2
971;49;2021-10-28;19245;17724;124;48928.0;39.3;36.2;0.3
971;59;2021-10-28;25659;23811;294;60524.0;42.4;39.3;0.5
971;09;2021-10-28;6;2;0;22110.0;0.0;0.0;0.0
971;64;2021-10-28;12548;11733;316;27495.0;45.6;42.7;1.1
971;69;2021-10-28;12152;11396;676;23618.0;51.5;48.3;2.9
971;74;2021-10-28;10596;9901;701;19823.0;53.5;49.9;3.5
971;79;2021-10-28;7439;6932;704;13239.0;56.2;52.4;5.3
971;80;2021-10-28;7915;7139;708;20928.0;37.8;34.1;3.4
972;04;2021-10-28;12;0;0;15550.0;0.1;0.0;0.0
972;11;2021-10-28;48;37;0;8430.0;0.6;0.4;0.0
972;17;2021-10-28;6206;5311;1;26182.0;23.7;20.3;0.0
972;24;2021-10-28;8365;6889;19;24337.0;34.4;28.3;0.1
972;29;2021-10-28;5593;4855;52;15561.0;35.9;31.2;0.3
972;39;2021-10-28;14554;13024;97;34280.0;42.5;38.0;0.3
972;49;2021-10-28;17865;16319;143;42967.0;41.6;38.0;0.3
972;59;2021-10-28;25529;23480;403;62671.0;40.7;37.5;0.6
972;09;2021-10-28;2;1;0;18441.0;0.0;0.0;0.0
972;64;2021-10-28;13112;12193;352;28516.0;46.0;42.8;1.2
972;69;2021-10-28;12392;11653;654;24040.0;51.5;48.5;2.7
972;74;2021-10-28;10655;10029;780;19607.0;54.3;51.2;4.0
972;79;2021-10-28;7273;6864;743;13902.0;52.3;49.4;5.3
972;80;2021-10-28;8903;8209;862;24265.0;36.7;33.8;3.6
973;04;2021-10-28;36;16;0;32085.0;0.1;0.0;0.0
973;11;2021-10-28;28;21;0;12235.0;0.2;0.2;0.0
973;17;2021-10-28;6537;5202;0;35925.0;18.2;14.5;0.0
973;24;2021-10-28;9375;7466;3;30954.0;30.3;24.1;0.0
973;29;2021-10-28;7650;6475;19;19945.0;38.4;32.5;0.1
973;39;2021-10-28;16989;14630;77;39602.0;42.9;36.9;0.2
973;49;2021-10-28;16161;14191;84;34757.0;46.5;40.8;0.2
973;59;2021-10-28;14203;12659;190;27026.0;52.6;46.8;0.7
973;09;2021-10-28;16;7;0;29958.0;0.1;0.0;0.0
973;64;2021-10-28;5080;4584;156;10200.0;49.8;44.9;1.5
973;69;2021-10-28;3446;3116;226;7246.0;47.6;43.0;3.1
973;74;2021-10-28;2265;2060;163;4665.0;48.6;44.2;3.5
973;79;2021-10-28;1253;1164;119;2703.0;46.4;43.1;4.4
973;80;2021-10-28;1107;1001;121;3390.0;32.7;29.5;3.6
974;04;2021-10-28;36;10;0;57908.0;0.1;0.0;0.0
974;11;2021-10-28;142;108;1;27281.0;0.5;0.4;0.0
974;17;2021-10-28;42001;37094;15;82143.0;51.1;45.2;0.0
974;24;2021-10-28;51917;47757;38;74456.0;69.7;64.1;0.1
974;29;2021-10-28;32605;30344;79;48787.0;66.8;62.2;0.2
974;39;2021-10-28;76536;72407;238;104568.0;73.2;69.2;0.2
974;49;2021-10-28;85573;82380;346;113615.0;75.3;72.5;0.3
974;59;2021-10-28;95069;92355;1028;125597.0;75.7;73.5;0.8
974;09;2021-10-28;20;6;0;63783.0;0.0;0.0;0.0
974;64;2021-10-28;38839;37907;874;49376.0;78.7;76.8;1.8
974;69;2021-10-28;32443;31718;1646;40475.0;80.2;78.4;4.1
974;74;2021-10-28;22945;22411;1682;27194.0;84.4;82.4;6.2
974;79;2021-10-28;15164;14819;1798;19499.0;77.8;76.0;9.2
974;80;2021-10-28;17428;16817;2386;25277.0;68.9;66.5;9.4
976;04;2021-10-28;86;33;0;43940.0;0.2;0.1;0.0
976;11;2021-10-28;176;76;0;15296.0;1.2;0.5;0.0
976;17;2021-10-28;22270;13027;0;41197.0;54.1;31.6;0.0
976;24;2021-10-28;22964;16126;10;26827.0;85.6;60.1;0.0
976;29;2021-10-28;16453;12429;9;18625.0;88.3;66.7;0.0
976;39;2021-10-28;32398;25842;30;37697.0;85.9;68.6;0.1
976;49;2021-10-28;26420;22377;22;28132.0;93.9;79.5;0.1
976;59;2021-10-28;15373;13357;67;14768.0;99.0;90.4;0.5
976;09;2021-10-28;11;6;0;41023.0;0.0;0.0;0.0
976;64;2021-10-28;4634;4091;53;4594.0;99.0;89.1;1.2
976;69;2021-10-28;2862;2519;70;3152.0;90.8;79.9;2.2
976;74;2021-10-28;1652;1387;26;1775.0;93.1;78.1;1.5
976;79;2021-10-28;855;691;11;1259.0;67.9;54.9;0.9
976;80;2021-10-28;732;551;11;1186.0;61.7;46.5;0.9
977;04;2021-10-28;0;1;0;517.0;0.0;0.2;0.0
977;11;2021-10-28;2;1;0;183.0;1.1;0.5;0.0
977;17;2021-10-28;164;152;1;540.0;30.4;28.1;0.2
977;24;2021-10-28;621;560;4;757.0;82.0;74.0;0.5
977;29;2021-10-28;740;679;3;960.0;77.1;70.7;0.3
977;39;2021-10-28;1388;1290;5;1752.0;79.2;73.6;0.3
977;49;2021-10-28;1396;1303;11;1808.0;77.2;72.1;0.6
977;59;2021-10-28;1380;1335;30;1548.0;89.1;86.2;1.9
977;64;2021-10-28;412;400;11;433.0;95.2;92.4;2.5
977;69;2021-10-28;301;294;34;309.0;97.4;95.1;11.0
977;74;2021-10-28;185;181;34;251.0;73.7;72.1;13.5
977;79;2021-10-28;121;129;23;170.0;71.2;75.9;13.5
977;80;2021-10-28;106;95;12;216.0;49.1;44.0;5.6
978;04;2021-10-28;10;4;0;2722.2;0.4;0.1;0.0
978;11;2021-10-28;2;1;0;1223.3;0.2;0.1;0.0
978;17;2021-10-28;662;534;0;3969.8;16.7;13.5;0.0
978;24;2021-10-28;939;803;1;2459.1;38.2;32.7;0.0
978;29;2021-10-28;836;719;3;2086.3;40.1;34.5;0.1
978;39;2021-10-28;2174;1898;10;4598.4;47.3;41.3;0.2
978;49;2021-10-28;2385;2174;16;5612.0;42.5;38.7;0.3
978;59;2021-10-28;2886;2643;24;5042.5;57.2;52.4;0.5
978;09;2021-10-28;3;2;0;2990.8;0.1;0.1;0.0
978;64;2021-10-28;1133;1059;26;1727.8;65.6;61.3;1.5
978;69;2021-10-28;840;782;52;1332.2;63.1;58.7;3.9
978;74;2021-10-28;568;544;53;766.5;74.1;71.0;6.9
978;79;2021-10-28;342;322;36;386.4;88.5;83.3;9.3
978;80;2021-10-28;245;226;25;416.7;58.8;54.2;6.0
01;0;2021-10-28;417384;402009;21787;656955.0;63.5;61.2;3.3
02;0;2021-10-28;387089;378188;22982;526050.0;73.6;71.9;4.4
03;0;2021-10-28;282935;275592;22047;331315.0;85.4;83.2;6.7
04;0;2021-10-28;116433;112829;9342;165197.0;70.5;68.3;5.7
05;0;2021-10-28;110958;109320;7650;141756.0;78.3;77.1;5.4
06;0;2021-10-28;926296;885460;72561;1079396.0;85.8;82.0;6.7
07;0;2021-10-28;243114;236402;15206;326875.0;74.4;72.3;4.7
08;0;2021-10-28;208879;204377;13767;265531.0;78.7;77.0;5.2
09;0;2021-10-28;129881;126605;8003;152398.0;85.2;83.1;5.3
10;0;2021-10-28;235970;231168;14575;309907.0;76.1;74.6;4.7
11;0;2021-10-28;271586;268796;18392;372705.0;72.9;72.1;4.9
12;0;2021-10-28;217271;212915;15101;278360.0;78.1;76.5;5.4
13;0;2021-10-28;1446308;1402996;85059;2034469.0;71.1;69.0;4.2
14;0;2021-10-28;580832;568976;35312;691453.0;84.0;82.3;5.1
15;0;2021-10-28;119469;117467;8202;142811.0;83.7;82.3;5.7
16;0;2021-10-28;278017;274563;20441;348180.0;79.8;78.9;5.9
17;0;2021-10-28;555473;551343;42296;647080.0;85.8;85.2;6.5
18;0;2021-10-28;231930;225843;17516;296404.0;78.2;76.2;5.9
19;0;2021-10-28;193493;190110;13986;240336.0;80.5;79.1;5.8
21;0;2021-10-28;406502;395488;26328;532886.0;76.3;74.2;4.9
22;0;2021-10-28;514464;496650;36627;596186.0;86.3;83.3;6.1
23;0;2021-10-28;95020;91320;7984;116270.0;81.7;78.5;6.9
24;0;2021-10-28;316530;310524;20229;408393.0;77.5;76.0;5.0
25;0;2021-10-28;388060;378676;22330;539449.0;71.9;70.2;4.1
26;0;2021-10-28;409254;399973;23670;520560.0;78.6;76.8;4.5
27;0;2021-10-28;441159;429773;26314;600687.0;73.4;71.5;4.4
28;0;2021-10-28;324803;317564;19910;429425.0;75.6;74.0;4.6
29;0;2021-10-28;753482;745975;46020;906554.0;83.1;82.3;5.1
2A;0;2021-10-28;124863;121197;9474;162421.0;76.9;74.6;5.8
2B;0;2021-10-28;124746;122148;10347;182258.0;68.4;67.0;5.7
30;0;2021-10-28;550553;540384;35456;748468.0;73.6;72.2;4.7
31;0;2021-10-28;990872;975547;43526;1400935.0;70.7;69.6;3.1
32;0;2021-10-28;154776;146861;10044;190040.0;81.4;77.3;5.3
33;0;2021-10-28;1303878;1285151;70015;1633440.0;79.8;78.7;4.3
34;0;2021-10-28;900976;884708;55579;1176145.0;76.6;75.2;4.7
35;0;2021-10-28;850181;848539;42679;1082073.0;78.6;78.4;3.9
36;0;2021-10-28;173302;170621;13924;217139.0;79.8;78.6;6.4
37;0;2021-10-28;476140;469719;25350;605380.0;78.7;77.6;4.2
38;0;2021-10-28;917485;896714;48521;1264979.0;72.5;70.9;3.8
39;0;2021-10-28;201588;196091;13752;257849.0;78.2;76.0;5.3
40;0;2021-10-28;343880;340600;23720;411979.0;83.5;82.7;5.8
41;0;2021-10-28;252691;249841;16748;327835.0;77.1;76.2;5.1
42;0;2021-10-28;608942;591265;33390;764737.0;79.6;77.3;4.4
43;0;2021-10-28;170615;167510;12936;226901.0;75.2;73.8;5.7
44;0;2021-10-28;1123345;1120857;52160;1437137.0;78.2;78.0;3.6
45;0;2021-10-28;496797;487080;28874;682890.0;72.7;71.3;4.2
46;0;2021-10-28;149596;147053;10310;173166.0;86.4;84.9;6.0
47;0;2021-10-28;261563;254627;14236;330336.0;79.2;77.1;4.3
48;0;2021-10-28;54064;53672;4936;76286.0;70.9;70.4;6.5
49;0;2021-10-28;668929;651347;32040;815881.0;82.0;79.8;3.9
50;0;2021-10-28;418190;412276;27015;490669.0;85.2;84.0;5.5
51;0;2021-10-28;428923;421790;24662;563823.0;76.1;74.8;4.4
52;0;2021-10-28;130550;128403;7152;169250.0;77.1;75.9;4.2
53;0;2021-10-28;244106;238491;16166;305365.0;79.9;78.1;5.3
54;0;2021-10-28;541033;529439;34448;730398.0;74.1;72.5;4.7
55;0;2021-10-28;131564;128443;7728;181641.0;72.4;70.7;4.3
56;0;2021-10-28;635874;625858;35440;755566.0;84.2;82.8;4.7
57;0;2021-10-28;768651;749661;51758;1035866.0;74.2;72.4;5.0
58;0;2021-10-28;166986;164231;15505;199596.0;83.7;82.3;7.8
59;0;2021-10-28;1973117;1926102;110902;2588988.0;76.2;74.4;4.3
60;0;2021-10-28;566223;549453;29252;825077.0;68.6;66.6;3.5
61;0;2021-10-28;234780;229607;15936;276903.0;84.8;82.9;5.8
62;0;2021-10-28;1128580;1109809;64585;1452778.0;77.7;76.4;4.4
63;0;2021-10-28;502908;494589;29406;660240.0;76.2;74.9;4.5
64;0;2021-10-28;576744;571045;36987;683169.0;84.4;83.6;5.4
65;0;2021-10-28;196926;191703;12988;226839.0;86.8;84.5;5.7
66;0;2021-10-28;387965;383316;25315;479000.0;81.0;80.0;5.3
67;0;2021-10-28;875949;861933;41356;1132607.0;77.3;76.1;3.7
68;0;2021-10-28;543591;530845;26786;763204.0;71.2;69.6;3.5
69;0;2021-10-28;1496349;1477566;73154;1876051.0;79.8;78.8;3.9
70;0;2021-10-28;176659;172173;10728;233194.0;75.8;73.8;4.6
71;0;2021-10-28;442966;439263;32473;547824.0;80.9;80.2;5.9
72;0;2021-10-28;432346;422521;24649;560227.0;77.2;75.4;4.4
73;0;2021-10-28;333648;327908;19356;432548.0;77.1;75.8;4.5
74;0;2021-10-28;623119;610138;27754;828405.0;75.2;73.7;3.4
75;0;2021-10-28;2010243;1958709;107178;2148271.0;93.6;91.2;5.0
76;0;2021-10-28;1025860;1009905;60141;1243788.0;82.5;81.2;4.8
77;0;2021-10-28;947159;913418;43961;1423607.0;66.5;64.2;3.1
78;0;2021-10-28;917068;896952;57561;1448625.0;63.3;61.9;4.0
79;0;2021-10-28;299535;296328;18063;372627.0;80.4;79.5;4.8
80;0;2021-10-28;446100;435611;26975;569769.0;78.3;76.5;4.7
81;0;2021-10-28;300001;293248;18463;387898.0;77.3;75.6;4.8
82;0;2021-10-28;198121;193912;11750;262618.0;75.4;73.8;4.5
83;0;2021-10-28;797360;787597;51050;1073836.0;74.3;73.3;4.8
84;0;2021-10-28;425211;417356;24310;560997.0;75.8;74.4;4.3
85;0;2021-10-28;578877;575292;33682;683187.0;84.7;84.2;4.9
86;0;2021-10-28;346964;339720;22711;437398.0;79.3;77.7;5.2
87;0;2021-10-28;296285;291185;20139;370774.0;79.9;78.5;5.4
88;0;2021-10-28;291766;285826;18848;359520.0;81.2;79.5;5.2
89;0;2021-10-28;252298;247113;17225;332096.0;76.0;74.4;5.2
90;0;2021-10-28;102698;101171;6403;140145.0;73.3;72.2;4.6
91;0;2021-10-28;875793;855619;44437;1319401.0;66.4;64.8;3.4
92;0;2021-10-28;1173878;1145101;66271;1613762.0;72.7;71.0;4.1
93;0;2021-10-28;1346017;1250275;33576;1670149.0;80.6;74.9;2.0
94;0;2021-10-28;1072155;1045502;48573;1406041.0;76.3;74.4;3.5
95;0;2021-10-28;931237;895214;38213;1248354.0;74.6;71.7;3.1
971;0;2021-10-28;130982;119699;3675;376879.0;34.8;31.8;1.0
972;0;2021-10-28;130509;118864;4106;358749.0;36.4;33.1;1.1
973;0;2021-10-28;84146;72592;1158;290691.0;28.9;25.0;0.4
974;0;2021-10-28;510718;486133;10131;859959.0;59.4;56.5;1.2
976;0;2021-10-28;146886;112512;309;279471.0;52.6;40.3;0.1
977;0;2021-10-28;6816;6420;168;9961.0;68.4;64.5;1.7
978;0;2021-10-28;13025;11711;246;35334.0;36.9;33.1;0.7
