VaccinationDate,age_group,first_dose,second_dose,third_dose
2020-12-20,20-29,392,0,0
2020-12-20,0-19,21,0,0
2020-12-20,80-89,94,0,0
2020-12-20,60-69,1517,0,0
2020-12-20,50-59,1788,0,0
2020-12-20,40-49,1868,0,0
2020-12-20,90+,<15,0,0
2020-12-20,70-79,495,0,0
2020-12-20,30-39,1199,0,0
2020-12-21,20-29,1067,0,0
2020-12-21,0-19,67,0,0
2020-12-21,80-89,1165,0,0
2020-12-21,40-49,3789,0,0
2020-12-21,60-69,7283,0,0
2020-12-21,90+,167,0,0
2020-12-21,30-39,2785,0,0
2020-12-21,70-79,4889,0,0
2020-12-21,50-59,3692,0,0
2020-12-22,90+,456,0,0
2020-12-22,20-29,1575,0,0
2020-12-22,50-59,4663,0,0
2020-12-22,80-89,3498,0,0
2020-12-22,0-19,99,0,0
2020-12-22,70-79,11763,0,0
2020-12-22,60-69,14433,0,0
2020-12-22,40-49,4536,0,0
2020-12-22,30-39,3603,0,0
2020-12-23,20-29,2124,0,0
2020-12-23,0-19,160,0,0
2020-12-23,80-89,5680,0,0
2020-12-23,50-59,5340,0,0
2020-12-23,90+,1026,0,0
2020-12-23,70-79,18012,0,0
2020-12-23,30-39,3865,0,0
2020-12-23,40-49,5041,0,0
2020-12-23,60-69,21617,0,0
2020-12-24,80-89,7678,0,0
2020-12-24,60-69,25645,0,0
2020-12-24,70-79,21762,0,0
2020-12-24,30-39,3793,0,0
2020-12-24,40-49,5213,0,0
2020-12-24,90+,1349,0,0
2020-12-24,0-19,202,0,0
2020-12-24,20-29,2072,0,0
2020-12-24,50-59,5666,0,0
2020-12-25,80-89,4531,0,0
2020-12-25,90+,764,0,0
2020-12-25,70-79,12284,0,0
2020-12-25,30-39,1391,0,0
2020-12-25,40-49,2250,0,0
2020-12-25,60-69,13405,0,0
2020-12-25,0-19,126,0,0
2020-12-25,20-29,756,0,0
2020-12-25,50-59,2969,0,0
2020-12-26,40-49,1688,0,0
2020-12-26,50-59,2407,0,0
2020-12-26,60-69,11902,0,0
2020-12-26,20-29,485,0,0
2020-12-26,30-39,981,0,0
2020-12-26,90+,690,0,0
2020-12-26,70-79,10605,0,0
2020-12-26,0-19,92,0,0
2020-12-26,80-89,3750,0,0
2020-12-27,50-59,10056,0,0
2020-12-27,80-89,11874,0,0
2020-12-27,20-29,3584,0,0
2020-12-27,0-19,490,0,0
2020-12-27,30-39,6071,0,0
2020-12-27,40-49,8476,0,0
2020-12-27,60-69,32948,0,0
2020-12-27,90+,2388,0,0
2020-12-27,70-79,28546,0,0
2020-12-28,20-29,6674,0,0
2020-12-28,0-19,1264,0,0
2020-12-28,40-49,13430,0,0
2020-12-28,60-69,40013,0,0
2020-12-28,70-79,32875,0,0
2020-12-28,30-39,9558,0,0
2020-12-28,50-59,14798,0,0
2020-12-28,90+,2611,0,0
2020-12-28,80-89,13675,0,0
2020-12-29,80-89,16458,0,0
2020-12-29,0-19,1443,0,0
2020-12-29,60-69,43984,0,0
2020-12-29,70-79,35907,0,0
2020-12-29,90+,4363,0,0
2020-12-29,20-29,7559,0,0
2020-12-29,30-39,11563,0,0
2020-12-29,50-59,18577,0,0
2020-12-29,40-49,16277,0,0
2020-12-30,80-89,15460,0,0
2020-12-30,0-19,1450,0,0
2020-12-30,70-79,32963,0,0
2020-12-30,90+,3896,0,0
2020-12-30,20-29,8223,0,0
2020-12-30,40-49,16186,0,0
2020-12-30,30-39,11677,0,0
2020-12-30,60-69,42063,0,0
2020-12-30,50-59,21054,0,0
2020-12-31,20-29,9669,0,0
2020-12-31,0-19,1800,0,0
2020-12-31,50-59,26960,0,0
2020-12-31,30-39,13816,0,0
2020-12-31,70-79,29632,0,0
2020-12-31,40-49,19366,0,0
2020-12-31,60-69,38857,0,0
2020-12-31,80-89,14533,0,0
2020-12-31,90+,3766,0,0
2021-01-01,20-29,3330,0,0
2021-01-01,80-89,6123,0,0
2021-01-01,0-19,821,0,0
2021-01-01,50-59,14374,0,0
2021-01-01,60-69,17557,0,0
2021-01-01,40-49,9392,0,0
2021-01-01,90+,1478,0,0
2021-01-01,30-39,5778,0,0
2021-01-01,70-79,12482,0,0
2021-01-02,20-29,3344,0,0
2021-01-02,60-69,14323,0,0
2021-01-02,30-39,5588,0,0
2021-01-02,70-79,10362,0,0
2021-01-02,90+,1629,0,0
2021-01-02,40-49,11788,0,0
2021-01-02,80-89,5430,0,0
2021-01-02,0-19,859,0,0
2021-01-02,50-59,18341,0,0
2021-01-03,80-89,12986,0,0
2021-01-03,90+,2965,0,0
2021-01-03,0-19,2144,0,0
2021-01-03,20-29,9817,0,0
2021-01-03,50-59,28679,0,0
2021-01-03,60-69,35346,0,0
2021-01-03,40-49,19307,0,0
2021-01-03,30-39,12672,0,0
2021-01-03,70-79,25691,0,0
2021-01-04,20-29,11309,0,0
2021-01-04,80-89,12096,0,0
2021-01-04,0-19,2268,0,0
2021-01-04,30-39,14150,0,0
2021-01-04,70-79,23449,0,0
2021-01-04,90+,2667,0,0
2021-01-04,60-69,32212,0,0
2021-01-04,40-49,22919,0,0
2021-01-04,50-59,30976,0,0
2021-01-05,90+,2288,0,0
2021-01-05,20-29,8670,0,0
2021-01-05,40-49,17422,0,0
2021-01-05,30-39,11086,0,0
2021-01-05,70-79,20587,0,0
2021-01-05,0-19,1831,0,0
2021-01-05,80-89,10419,0,0
2021-01-05,50-59,23787,0,0
2021-01-05,60-69,28962,0,0
2021-01-06,90+,2116,0,0
2021-01-06,80-89,8827,0,0
2021-01-06,30-39,9113,0,0
2021-01-06,70-79,16452,0,0
2021-01-06,40-49,13763,0,0
2021-01-06,60-69,24568,0,0
2021-01-06,20-29,7922,0,0
2021-01-06,50-59,18784,0,0
2021-01-06,0-19,1682,0,0
2021-01-07,40-49,19153,0,0
2021-01-07,70-79,15389,0,0
2021-01-07,30-39,11959,0,0
2021-01-07,60-69,23639,0,0
2021-01-07,90+,1758,0,0
2021-01-07,0-19,1957,0,0
2021-01-07,80-89,7974,0,0
2021-01-07,20-29,8778,0,0
2021-01-07,50-59,25352,0,0
2021-01-08,90+,619,0,0
2021-01-08,40-49,16233,0,0
2021-01-08,70-79,5807,0,0
2021-01-08,30-39,8983,0,0
2021-01-08,50-59,14593,0,0
2021-01-08,60-69,9681,0,0
2021-01-08,80-89,2803,0,0
2021-01-08,0-19,1916,0,0
2021-01-08,20-29,5761,0,0
2021-01-09,50-59,9762,0,0
2021-01-09,70-79,3243,0,0
2021-01-09,40-49,12811,0,0
2021-01-09,30-39,6903,0,0
2021-01-09,60-69,5421,0,0
2021-01-09,90+,331,0,0
2021-01-09,80-89,1553,0,0
2021-01-09,20-29,3453,0,0
2021-01-09,0-19,1019,0,0
2021-01-10,30-39,5823,971,0
2021-01-10,40-49,9160,1575,0
2021-01-10,70-79,3447,339,0
2021-01-10,60-69,5583,1208,0
2021-01-10,20-29,3262,299,0
2021-01-10,80-89,1754,44,0
2021-01-10,0-19,738,15,0
2021-01-10,50-59,7457,1537,0
2021-01-10,90+,361,<15,0
2021-01-11,60-69,2514,5581,0
2021-01-11,50-59,5095,3014,0
2021-01-11,20-29,1789,819,0
2021-01-11,90+,203,129,0
2021-01-11,40-49,5260,2974,0
2021-01-11,70-79,1700,3652,0
2021-01-11,30-39,3352,2160,0
2021-01-11,80-89,868,868,0
2021-01-11,0-19,311,51,0
2021-01-12,50-59,7799,3960,0
2021-01-12,20-29,2432,1303,0
2021-01-12,0-19,351,75,0
2021-01-12,40-49,4494,3952,0
2021-01-12,80-89,867,2721,0
2021-01-12,70-79,1773,8940,0
2021-01-12,30-39,2936,3048,0
2021-01-12,90+,182,353,0
2021-01-12,60-69,3153,11291,0
2021-01-13,0-19,695,137,0
2021-01-13,20-29,3825,1902,0
2021-01-13,50-59,23382,5054,0
2021-01-13,70-79,3156,16242,0
2021-01-13,60-69,6000,19138,0
2021-01-13,80-89,1487,4975,0
2021-01-13,40-49,8031,4827,0
2021-01-13,30-39,5168,3631,0
2021-01-13,90+,240,928,0
2021-01-14,20-29,5539,1947,0
2021-01-14,90+,202,1188,0
2021-01-14,70-79,2406,20241,0
2021-01-14,0-19,1047,167,0
2021-01-14,80-89,1094,6907,0
2021-01-14,30-39,7248,3759,0
2021-01-14,50-59,23373,5457,0
2021-01-14,60-69,5115,23982,0
2021-01-14,40-49,10361,5154,0
2021-01-15,80-89,557,4171,0
2021-01-15,20-29,3196,726,0
2021-01-15,0-19,697,118,0
2021-01-15,50-59,11826,2696,0
2021-01-15,60-69,2424,12702,0
2021-01-15,30-39,4748,1308,0
2021-01-15,90+,112,691,0
2021-01-15,40-49,5934,2003,0
2021-01-15,70-79,1195,11488,0
2021-01-16,20-29,2120,332,0
2021-01-16,90+,76,578,0
2021-01-16,0-19,542,65,0
2021-01-16,80-89,357,3009,0
2021-01-16,60-69,1681,9600,0
2021-01-16,70-79,750,8639,0
2021-01-16,40-49,8266,1283,0
2021-01-16,30-39,3378,707,0
2021-01-16,50-59,12244,1785,0
2021-01-17,90+,190,1783,0
2021-01-17,0-19,2686,311,0
2021-01-17,20-29,10418,2574,0
2021-01-17,30-39,6829,4584,0
2021-01-17,70-79,2269,24630,0
2021-01-17,80-89,1056,9661,0
2021-01-17,50-59,21993,7405,0
2021-01-17,40-49,18416,6377,0
2021-01-17,60-69,4492,27167,0
2021-01-18,80-89,885,12572,0
2021-01-18,20-29,15053,4765,0
2021-01-18,50-59,15897,12821,0
2021-01-18,90+,146,2541,0
2021-01-18,70-79,1922,30793,0
2021-01-18,60-69,3962,36399,0
2021-01-18,30-39,7333,8169,0
2021-01-18,40-49,20616,11520,0
2021-01-18,0-19,3841,734,0
2021-01-19,70-79,1959,32866,0
2021-01-19,30-39,9138,9592,0
2021-01-19,40-49,25351,13670,0
2021-01-19,60-69,3909,39364,0
2021-01-19,80-89,865,15064,0
2021-01-19,90+,203,3847,0
2021-01-19,0-19,3131,1105,0
2021-01-19,20-29,14011,6696,0
2021-01-19,50-59,14167,15470,0
2021-01-20,40-49,29706,14833,0
2021-01-20,60-69,3657,40111,0
2021-01-20,50-59,12892,18686,0
2021-01-20,0-19,2934,1334,0
2021-01-20,80-89,818,14388,0
2021-01-20,20-29,12049,7887,0
2021-01-20,90+,142,3383,0
2021-01-20,30-39,12695,10775,0
2021-01-20,70-79,1825,32205,0
2021-01-21,0-19,2278,1739,0
2021-01-21,50-59,11079,25760,0
2021-01-21,20-29,9613,9671,0
2021-01-21,60-69,3854,41942,0
2021-01-21,30-39,13689,13519,0
2021-01-21,70-79,2059,32947,0
2021-01-21,40-49,26040,18910,0
2021-01-21,90+,213,4017,0
2021-01-21,80-89,990,15742,0
2021-01-22,40-49,15361,8659,0
2021-01-22,50-59,5600,12973,0
2021-01-22,20-29,3877,3066,0
2021-01-22,0-19,1221,722,0
2021-01-22,80-89,500,6330,0
2021-01-22,90+,114,1505,0
2021-01-22,30-39,8124,5540,0
2021-01-22,70-79,928,13718,0
2021-01-22,60-69,2076,18522,0
2021-01-23,0-19,6652,483,0
2021-01-23,80-89,386,4946,0
2021-01-23,20-29,3482,2159,0
2021-01-23,50-59,5959,11310,0
2021-01-23,60-69,1578,12436,0
2021-01-23,70-79,806,9405,0
2021-01-23,40-49,14571,7513,0
2021-01-23,90+,106,1493,0
2021-01-23,30-39,6359,3772,0
2021-01-24,60-69,3634,33281,0
2021-01-24,0-19,12150,1764,0
2021-01-24,80-89,1001,12566,0
2021-01-24,40-49,19958,17995,0
2021-01-24,20-29,11031,8682,0
2021-01-24,30-39,10563,11710,0
2021-01-24,70-79,1961,24550,0
2021-01-24,90+,221,2993,0
2021-01-24,50-59,8489,27016,0
2021-01-25,80-89,1005,11807,0
2021-01-25,20-29,15492,9262,0
2021-01-25,0-19,14696,1864,0
2021-01-25,50-59,9568,28232,0
2021-01-25,30-39,13362,12354,0
2021-01-25,70-79,2074,22796,0
2021-01-25,90+,251,2575,0
2021-01-25,40-49,20480,20100,0
2021-01-25,60-69,3874,30381,0
2021-01-26,20-29,15548,8324,0
2021-01-26,50-59,8398,25241,0
2021-01-26,0-19,14426,1763,0
2021-01-26,80-89,930,10410,0
2021-01-26,90+,237,2237,0
2021-01-26,70-79,1956,20407,0
2021-01-26,60-69,3491,28379,0
2021-01-26,40-49,19420,18257,0
2021-01-26,30-39,14183,11262,0
2021-01-27,80-89,848,10044,0
2021-01-27,0-19,15727,2089,0
2021-01-27,20-29,14346,10235,0
2021-01-27,50-59,8427,23767,0
2021-01-27,60-69,3216,28303,0
2021-01-27,30-39,13641,11179,0
2021-01-27,40-49,19641,17547,0
2021-01-27,90+,229,2276,0
2021-01-27,70-79,1734,19463,0
2021-01-28,20-29,15970,9895,0
2021-01-28,80-89,679,8931,0
2021-01-28,60-69,2979,27695,0
2021-01-28,90+,173,1926,0
2021-01-28,40-49,16966,20976,0
2021-01-28,0-19,13366,2125,0
2021-01-28,50-59,7570,27719,0
2021-01-28,30-39,20215,13066,0
2021-01-28,70-79,1513,18146,0
2021-01-29,90+,42,626,0
2021-01-29,30-39,10681,7796,0
2021-01-29,80-89,260,3161,0
2021-01-29,0-19,5628,1584,0
2021-01-29,50-59,3481,14254,0
2021-01-29,20-29,5977,4944,0
2021-01-29,40-49,8742,14187,0
2021-01-29,60-69,1243,11248,0
2021-01-29,70-79,532,6923,0
2021-01-30,20-29,5167,3126,0
2021-01-30,80-89,175,1809,0
2021-01-30,0-19,4980,905,0
2021-01-30,50-59,3143,9668,0
2021-01-30,90+,30,391,0
2021-01-30,70-79,458,3814,0
2021-01-30,40-49,8810,10619,0
2021-01-30,30-39,10585,5807,0
2021-01-30,60-69,993,6569,0
2021-01-31,80-89,680,3534,0
2021-01-31,40-49,16119,12498,0
2021-01-31,60-69,2958,10819,0
2021-01-31,70-79,1554,6968,0
2021-01-31,90+,168,741,0
2021-01-31,30-39,21654,7533,0
2021-01-31,20-29,13337,4353,0
2021-01-31,0-19,9541,1047,0
2021-01-31,50-59,7229,11931,0
2021-02-01,80-89,844,1667,0
2021-02-01,90+,229,378,0
2021-02-01,40-49,14861,8331,0
2021-02-01,30-39,24209,5027,0
2021-02-01,70-79,1731,3400,0
2021-02-01,60-69,3061,5103,0
2021-02-01,0-19,10339,579,0
2021-02-01,20-29,19531,3032,0
2021-02-01,50-59,7591,7763,0
2021-02-02,50-59,6563,8856,0
2021-02-02,40-49,13316,6357,0
2021-02-02,60-69,2892,4610,0
2021-02-02,0-19,8617,439,0
2021-02-02,80-89,894,1400,0
2021-02-02,20-29,15763,2452,0
2021-02-02,30-39,19977,3944,0
2021-02-02,90+,243,292,0
2021-02-02,70-79,1688,2655,0
2021-02-03,50-59,5768,21545,0
2021-02-03,20-29,14710,3931,0
2021-02-03,80-89,865,1631,0
2021-02-03,0-19,6683,655,0
2021-02-03,60-69,2613,6496,0
2021-02-03,40-49,10642,8113,0
2021-02-03,30-39,17078,5194,0
2021-02-03,70-79,1570,3470,0
2021-02-03,90+,237,308,0
2021-02-04,20-29,22667,6219,0
2021-02-04,0-19,6548,1434,0
2021-02-04,40-49,10515,10362,0
2021-02-04,70-79,1200,2780,0
2021-02-04,30-39,23225,7379,0
2021-02-04,50-59,5258,22730,0
2021-02-04,80-89,644,1281,0
2021-02-04,60-69,2302,5587,0
2021-02-04,90+,142,239,0
2021-02-05,80-89,244,581,0
2021-02-05,0-19,2753,525,0
2021-02-05,40-49,5212,5521,0
2021-02-05,90+,77,113,0
2021-02-05,20-29,9928,2549,0
2021-02-05,30-39,11303,4168,0
2021-02-05,70-79,544,1255,0
2021-02-05,60-69,1079,2579,0
2021-02-05,50-59,2705,11431,0
2021-02-06,20-29,6979,1536,0
2021-02-06,80-89,142,265,0
2021-02-06,0-19,1943,341,0
2021-02-06,60-69,561,1430,0
2021-02-06,40-49,3080,5496,0
2021-02-06,30-39,6936,2381,0
2021-02-06,90+,35,56,0
2021-02-06,70-79,264,634,0
2021-02-06,50-59,1628,10045,0
2021-02-07,0-19,4640,1828,0
2021-02-07,20-29,16779,9260,0
2021-02-07,70-79,1123,2450,0
2021-02-07,30-39,16502,7404,0
2021-02-07,40-49,7779,18389,0
2021-02-07,60-69,2092,4736,0
2021-02-07,80-89,562,1177,0
2021-02-07,90+,166,226,0
2021-02-07,50-59,4368,23167,0
2021-02-08,90+,135,163,0
2021-02-08,30-39,18057,6965,0
2021-02-08,70-79,1120,2023,0
2021-02-08,50-59,4488,16483,0
2021-02-08,0-19,4303,2586,0
2021-02-08,80-89,569,926,0
2021-02-08,20-29,19929,12170,0
2021-02-08,40-49,7836,19978,0
2021-02-08,60-69,2107,4046,0
2021-02-09,20-29,22787,12083,0
2021-02-09,40-49,9110,23297,0
2021-02-09,90+,205,189,0
2021-02-09,70-79,1253,1956,0
2021-02-09,60-69,2568,3826,0
2021-02-09,30-39,19099,8347,0
2021-02-09,80-89,630,852,0
2021-02-09,50-59,5428,14192,0
2021-02-09,0-19,5153,2700,0
2021-02-10,40-49,9829,27820,0
2021-02-10,70-79,1302,1842,0
2021-02-10,60-69,2706,3703,0
2021-02-10,90+,152,134,0
2021-02-10,80-89,574,828,0
2021-02-10,20-29,24090,10804,0
2021-02-10,0-19,5404,2349,0
2021-02-10,30-39,20616,11517,0
2021-02-10,50-59,5752,13155,0
2021-02-11,90+,136,200,0
2021-02-11,30-39,23189,13670,0
2021-02-11,70-79,1409,2108,0
2021-02-11,60-69,3142,3932,0
2021-02-11,40-49,11895,26511,0
2021-02-11,50-59,6831,11675,0
2021-02-11,80-89,637,1010,0
2021-02-11,0-19,6399,2293,0
2021-02-11,20-29,27391,10568,0
2021-02-12,50-59,3475,5888,0
2021-02-12,60-69,1460,2112,0
2021-02-12,30-39,11147,7811,0
2021-02-12,20-29,12973,3858,0
2021-02-12,70-79,605,951,0
2021-02-12,40-49,5902,15137,0
2021-02-12,90+,61,102,0
2021-02-12,0-19,3092,1159,0
2021-02-12,80-89,286,480,0
2021-02-13,70-79,378,624,0
2021-02-13,30-39,7333,4643,0
2021-02-13,90+,26,72,0
2021-02-13,60-69,1022,1309,0
2021-02-13,40-49,4286,11651,0
2021-02-13,50-59,2592,5385,0
2021-02-13,20-29,9120,2373,0
2021-02-13,0-19,2472,4048,0
2021-02-13,80-89,170,278,0
2021-02-14,50-59,6969,8971,0
2021-02-14,60-69,3541,3673,0
2021-02-14,70-79,1664,2012,0
2021-02-14,40-49,11643,21927,0
2021-02-14,30-39,19911,11308,0
2021-02-14,90+,148,213,0
2021-02-14,20-29,23323,10008,0
2021-02-14,80-89,718,953,0
2021-02-14,0-19,6890,9907,0
2021-02-15,50-59,7854,9525,0
2021-02-15,60-69,3862,4025,0
2021-02-15,0-19,7497,12379,0
2021-02-15,80-89,813,1042,0
2021-02-15,20-29,25103,13199,0
2021-02-15,70-79,1751,2131,0
2021-02-15,90+,207,282,0
2021-02-15,40-49,12790,20499,0
2021-02-15,30-39,21534,12513,0
2021-02-16,20-29,26542,15882,0
2021-02-16,0-19,8483,14369,0
2021-02-16,50-59,7603,8475,0
2021-02-16,70-79,1818,1967,0
2021-02-16,30-39,21423,13737,0
2021-02-16,80-89,773,970,0
2021-02-16,90+,167,238,0
2021-02-16,60-69,3826,3526,0
2021-02-16,40-49,12696,19001,0
2021-02-17,0-19,6347,15010,0
2021-02-17,50-59,5402,7959,0
2021-02-17,20-29,20642,15884,0
2021-02-17,40-49,9761,18294,0
2021-02-17,80-89,372,718,0
2021-02-17,90+,87,160,0
2021-02-17,70-79,966,1608,0
2021-02-17,60-69,2393,3009,0
2021-02-17,30-39,15901,12857,0
2021-02-18,20-29,21867,15684,0
2021-02-18,0-19,7293,14092,0
2021-02-18,80-89,388,644,0
2021-02-18,60-69,2878,3063,0
2021-02-18,30-39,17972,18791,0
2021-02-18,90+,69,147,0
2021-02-18,40-49,11174,17734,0
2021-02-18,70-79,1053,1509,0
2021-02-18,50-59,6352,7962,0
2021-02-19,0-19,4223,6176,0
2021-02-19,20-29,12684,6224,0
2021-02-19,80-89,188,268,0
2021-02-19,30-39,10573,10367,0
2021-02-19,60-69,1487,1340,0
2021-02-19,90+,25,55,0
2021-02-19,70-79,483,606,0
2021-02-19,40-49,6389,9332,0
2021-02-19,50-59,3536,3696,0
2021-02-20,80-89,161,146,0
2021-02-20,20-29,10148,4054,0
2021-02-20,0-19,3900,4457,0
2021-02-20,50-59,2938,2888,0
2021-02-20,90+,28,21,0
2021-02-20,60-69,1135,871,0
2021-02-20,70-79,436,395,0
2021-02-20,30-39,7627,8141,0
2021-02-20,40-49,5226,7714,0
2021-02-21,20-29,23857,14411,0
2021-02-21,30-39,20591,22683,0
2021-02-21,90+,174,212,0
2021-02-21,0-19,8549,10061,0
2021-02-21,80-89,767,825,0
2021-02-21,70-79,1835,1737,0
2021-02-21,50-59,7310,7611,0
2021-02-21,40-49,12456,17570,0
2021-02-21,60-69,3806,3242,0
2021-02-22,20-29,25476,18493,0
2021-02-22,80-89,879,878,0
2021-02-22,0-19,8651,9548,0
2021-02-22,50-59,7704,7648,0
2021-02-22,90+,207,245,0
2021-02-22,30-39,22730,23532,0
2021-02-22,40-49,13002,15161,0
2021-02-22,60-69,4175,3223,0
2021-02-22,70-79,2123,1764,0
2021-02-23,20-29,23941,16262,0
2021-02-23,0-19,8454,9128,0
2021-02-23,60-69,3680,2881,0
2021-02-23,80-89,845,886,0
2021-02-23,90+,157,229,0
2021-02-23,70-79,1857,1693,0
2021-02-23,40-49,11642,13053,0
2021-02-23,30-39,19665,19625,0
2021-02-23,50-59,6978,6594,0
2021-02-24,90+,156,195,0
2021-02-24,30-39,15168,17207,0
2021-02-24,70-79,1572,1582,0
2021-02-24,20-29,18776,15888,0
2021-02-24,0-19,6835,7810,0
2021-02-24,80-89,710,816,0
2021-02-24,40-49,9280,10927,0
2021-02-24,60-69,2956,2698,0
2021-02-24,50-59,5507,5868,0
2021-02-25,20-29,15262,18344,0
2021-02-25,40-49,8289,10276,0
2021-02-25,90+,142,164,0
2021-02-25,60-69,2655,2309,0
2021-02-25,80-89,623,657,0
2021-02-25,30-39,12909,20716,0
2021-02-25,70-79,1241,1246,0
2021-02-25,50-59,5093,5355,0
2021-02-25,0-19,5392,5614,0
2021-02-26,40-49,4289,5330,0
2021-02-26,70-79,535,536,0
2021-02-26,30-39,6703,10553,0
2021-02-26,60-69,1196,1077,0
2021-02-26,90+,51,67,0
2021-02-26,80-89,289,249,0
2021-02-26,20-29,7508,8679,0
2021-02-26,0-19,2647,2725,0
2021-02-26,50-59,2599,2736,0
2021-02-27,90+,17,34,0
2021-02-27,30-39,4163,6907,0
2021-02-27,70-79,344,271,0
2021-02-27,60-69,741,560,0
2021-02-27,40-49,2872,3169,0
2021-02-27,50-59,1726,1606,0
2021-02-27,80-89,144,127,0
2021-02-27,0-19,2527,1963,0
2021-02-27,20-29,5753,6531,0
2021-02-28,60-69,2155,2079,0
2021-02-28,50-59,3831,4531,0
2021-02-28,30-39,9893,17095,0
2021-02-28,40-49,6403,8630,0
2021-02-28,90+,94,170,0
2021-02-28,70-79,1114,1138,0
2021-02-28,80-89,544,592,0
2021-02-28,20-29,11374,16631,0
2021-02-28,0-19,4831,4946,0
2021-03-01,70-79,1341,1161,0
2021-03-01,30-39,11140,18946,0
2021-03-01,60-69,2616,2181,0
2021-03-01,40-49,7137,8181,0
2021-03-01,50-59,4505,4533,0
2021-03-01,20-29,13029,20650,0
2021-03-01,90+,129,143,0
2021-03-01,80-89,619,615,0
2021-03-01,0-19,5067,4928,0
2021-03-02,70-79,1436,1203,0
2021-03-02,60-69,2798,2427,0
2021-03-02,40-49,6485,9038,0
2021-03-02,50-59,4370,5121,0
2021-03-02,90+,121,223,0
2021-03-02,30-39,9501,19079,0
2021-03-02,80-89,573,648,0
2021-03-02,20-29,11475,22057,0
2021-03-02,0-19,4278,4866,0
2021-03-03,50-59,4440,5543,0
2021-03-03,60-69,2845,2662,0
2021-03-03,80-89,639,618,0
2021-03-03,0-19,4855,5088,0
2021-03-03,90+,131,182,0
2021-03-03,40-49,6537,9158,0
2021-03-03,30-39,9297,19328,0
2021-03-03,20-29,11588,22778,0
2021-03-03,70-79,1546,1308,0
2021-03-04,50-59,4349,6703,0
2021-03-04,20-29,10914,26502,0
2021-03-04,0-19,4457,6145,0
2021-03-04,70-79,1223,1416,0
2021-03-04,60-69,2550,3097,0
2021-03-04,30-39,9033,22809,0
2021-03-04,90+,107,142,0
2021-03-04,40-49,6404,11544,0
2021-03-04,80-89,517,637,0
2021-03-05,50-59,1981,3408,0
2021-03-05,0-19,1763,3013,0
2021-03-05,20-29,4727,13603,0
2021-03-05,80-89,206,267,0
2021-03-05,60-69,1024,1463,0
2021-03-05,70-79,492,624,0
2021-03-05,40-49,2951,6187,0
2021-03-05,30-39,4033,11744,0
2021-03-05,90+,40,64,0
2021-03-06,0-19,1444,2099,0
2021-03-06,80-89,77,155,0
2021-03-06,20-29,3235,8318,0
2021-03-06,50-59,1168,2467,0
2021-03-06,60-69,586,935,0
2021-03-06,40-49,1688,3951,0
2021-03-06,30-39,2146,6996,0
2021-03-06,90+,21,29,0
2021-03-06,70-79,254,352,0
2021-03-07,20-29,8763,23072,0
2021-03-07,0-19,3875,6530,0
2021-03-07,40-49,4766,11078,0
2021-03-07,90+,135,131,0
2021-03-07,80-89,532,684,0
2021-03-07,50-59,3134,6548,0
2021-03-07,70-79,1091,1605,0
2021-03-07,60-69,2020,3335,0
2021-03-07,30-39,6715,19772,0
2021-03-08,20-29,8091,22559,0
2021-03-08,90+,106,208,0
2021-03-08,80-89,423,773,0
2021-03-08,50-59,2750,7068,0
2021-03-08,70-79,902,1651,0
2021-03-08,60-69,1635,3568,0
2021-03-08,0-19,3350,6382,0
2021-03-08,40-49,4016,11446,0
2021-03-08,30-39,5965,19529,0
2021-03-09,80-89,428,766,0
2021-03-09,0-19,3351,7465,0
2021-03-09,50-59,2655,7084,0
2021-03-09,20-29,7717,24101,0
2021-03-09,40-49,4015,11780,0
2021-03-09,70-79,815,1719,0
2021-03-09,30-39,5849,19877,0
2021-03-09,90+,88,166,0
2021-03-09,60-69,1698,3558,0
2021-03-10,80-89,341,422,0
2021-03-10,70-79,714,1031,0
2021-03-10,40-49,3464,9023,0
2021-03-10,90+,88,94,0
2021-03-10,30-39,4932,14960,0
2021-03-10,60-69,1291,2377,0
2021-03-10,20-29,6732,19577,0
2021-03-10,0-19,3464,5987,0
2021-03-10,50-59,2171,5106,0
2021-03-11,90+,74,62,0
2021-03-11,30-39,5241,18390,0
2021-03-11,70-79,594,1071,0
2021-03-11,40-49,3589,11261,0
2021-03-11,60-69,1319,2881,0
2021-03-11,80-89,320,403,0
2021-03-11,20-29,6703,21668,0
2021-03-11,0-19,3098,6902,0
2021-03-11,50-59,2199,6333,0
2021-03-12,50-59,1024,3834,0
2021-03-12,60-69,561,1511,0
2021-03-12,40-49,1763,6803,0
2021-03-12,80-89,112,182,0
2021-03-12,0-19,1427,4058,0
2021-03-12,20-29,3414,13138,0
2021-03-12,70-79,276,483,0
2021-03-12,30-39,2551,11305,0
2021-03-12,90+,28,20,0
2021-03-13,50-59,715,2351,0
2021-03-13,20-29,2551,8201,0
2021-03-13,80-89,53,148,0
2021-03-13,0-19,1122,2997,0
2021-03-13,30-39,1682,6100,0
2021-03-13,40-49,1277,4104,0
2021-03-13,60-69,330,931,0
2021-03-13,70-79,139,337,0
2021-03-13,90+,<15,26,0
2021-03-14,20-29,6309,22256,0
2021-03-14,0-19,2975,7360,0
2021-03-14,40-49,2988,11737,0
2021-03-14,30-39,4561,19724,0
2021-03-14,70-79,581,1687,0
2021-03-14,50-59,1921,6770,0
2021-03-14,80-89,287,693,0
2021-03-14,60-69,1182,3500,0
2021-03-14,90+,66,142,0
2021-03-15,80-89,263,835,0
2021-03-15,0-19,2614,8050,0
2021-03-15,30-39,4544,20411,0
2021-03-15,90+,57,200,0
2021-03-15,20-29,6139,23760,0
2021-03-15,70-79,515,1962,0
2021-03-15,60-69,1059,3807,0
2021-03-15,40-49,2972,12045,0
2021-03-15,50-59,1830,7089,0
2021-03-16,20-29,5680,22215,0
2021-03-16,80-89,263,758,0
2021-03-16,0-19,2575,7981,0
2021-03-16,50-59,1656,6377,0
2021-03-16,40-49,2788,10673,0
2021-03-16,90+,76,141,0
2021-03-16,60-69,1006,3391,0
2021-03-16,70-79,526,1700,0
2021-03-16,30-39,4046,18156,0
2021-03-17,20-29,5226,17900,0
2021-03-17,0-19,2350,6296,0
2021-03-17,30-39,3960,14901,0
2021-03-17,40-49,2639,8972,0
2021-03-17,70-79,462,1572,0
2021-03-17,60-69,988,2903,0
2021-03-17,90+,45,158,0
2021-03-17,80-89,231,699,0
2021-03-17,50-59,1668,5527,0
2021-03-18,30-39,3607,15025,0
2021-03-18,70-79,439,1293,0
2021-03-18,50-59,1538,5552,0
2021-03-18,0-19,2045,6003,0
2021-03-18,80-89,236,643,0
2021-03-18,20-29,4613,17184,0
2021-03-18,60-69,924,2841,0
2021-03-18,90+,67,131,0
2021-03-18,40-49,2425,9359,0
2021-03-19,30-39,1730,7525,0
2021-03-19,90+,<15,41,0
2021-03-19,70-79,135,544,0
2021-03-19,80-89,73,281,0
2021-03-19,20-29,1939,8373,0
2021-03-19,60-69,318,1215,0
2021-03-19,50-59,662,2702,0
2021-03-19,40-49,1120,4541,0
2021-03-19,0-19,818,2685,0
2021-03-20,30-39,1041,3379,0
2021-03-20,60-69,230,605,0
2021-03-20,40-49,769,2457,0
2021-03-20,0-19,717,2067,0
2021-03-20,90+,<15,<15,0
2021-03-20,80-89,47,104,0
2021-03-20,50-59,464,1430,0
2021-03-20,70-79,102,296,0
2021-03-20,20-29,1766,4907,0
2021-03-21,90+,47,101,0
2021-03-21,50-59,1190,3718,0
2021-03-21,30-39,2948,10322,0
2021-03-21,40-49,1831,6247,0
2021-03-21,70-79,376,1039,0
2021-03-21,60-69,748,2119,0
2021-03-21,20-29,3996,11779,0
2021-03-21,80-89,179,556,0
2021-03-21,0-19,1764,4544,0
2021-03-22,50-59,1204,3653,0
2021-03-22,20-29,4202,12007,0
2021-03-22,90+,69,125,0
2021-03-22,70-79,415,1054,0
2021-03-22,30-39,3043,10255,0
2021-03-22,40-49,1901,6206,0
2021-03-22,80-89,162,554,0
2021-03-22,0-19,1691,4597,0
2021-03-22,60-69,736,1983,0
2021-03-23,80-89,27,89,0
2021-03-23,60-69,183,295,0
2021-03-23,40-49,391,1187,0
2021-03-23,90+,<15,18,0
2021-03-23,70-79,65,178,0
2021-03-23,30-39,571,1759,0
2021-03-23,20-29,833,2203,0
2021-03-23,0-19,321,827,0
2021-03-23,50-59,280,648,0
2021-03-24,90+,43,140,0
2021-03-24,60-69,547,2336,0
2021-03-24,30-39,2343,11373,0
2021-03-24,40-49,1639,6917,0
2021-03-24,70-79,304,1260,0
2021-03-24,0-19,1380,5299,0
2021-03-24,80-89,181,664,0
2021-03-24,20-29,3510,14382,0
2021-03-24,50-59,910,4071,0
2021-03-25,60-69,549,1582,0
2021-03-25,50-59,935,3177,0
2021-03-25,20-29,3109,10931,0
2021-03-25,80-89,152,414,0
2021-03-25,0-19,1269,4315,0
2021-03-25,30-39,2273,8624,0
2021-03-25,70-79,278,765,0
2021-03-25,90+,45,97,0
2021-03-25,40-49,1495,5416,0
2021-03-26,20-29,1200,4175,0
2021-03-26,50-59,392,1161,0
2021-03-26,70-79,98,254,0
2021-03-26,30-39,993,3291,0
2021-03-26,80-89,43,141,0
2021-03-26,0-19,457,1532,0
2021-03-26,90+,18,31,0
2021-03-26,60-69,226,538,0
2021-03-26,40-49,626,2129,0
2021-03-27,20-29,587,1501,0
2021-03-27,50-59,134,387,0
2021-03-27,0-19,255,544,0
2021-03-27,90+,<15,<15,0
2021-03-27,80-89,<15,27,0
2021-03-27,30-39,388,875,0
2021-03-27,40-49,240,649,0
2021-03-27,60-69,82,164,0
2021-03-27,70-79,29,70,0
2021-03-28,20-29,730,1499,0
2021-03-28,0-19,285,680,0
2021-03-28,80-89,15,28,0
2021-03-28,60-69,69,189,0
2021-03-28,90+,<15,<15,0
2021-03-28,40-49,290,710,0
2021-03-28,30-39,440,937,0
2021-03-28,70-79,39,90,0
2021-03-28,50-59,181,429,0
2021-03-29,0-19,905,3643,0
2021-03-29,20-29,1870,8816,0
2021-03-29,80-89,130,433,0
2021-03-29,90+,47,107,0
2021-03-29,70-79,228,825,0
2021-03-29,60-69,460,1548,0
2021-03-29,30-39,1422,7013,0
2021-03-29,40-49,1024,4700,0
2021-03-29,50-59,717,2849,0
2021-03-30,80-89,156,376,0
2021-03-30,90+,58,81,0
2021-03-30,20-29,2234,6678,0
2021-03-30,0-19,1121,2837,0
2021-03-30,50-59,732,2121,0
2021-03-30,70-79,278,613,0
2021-03-30,30-39,1599,5102,0
2021-03-30,40-49,1064,3348,0
2021-03-30,60-69,484,1165,0
2021-03-31,80-89,200,283,0
2021-03-31,0-19,1002,2321,0
2021-03-31,20-29,2305,5662,0
2021-03-31,70-79,303,542,0
2021-03-31,30-39,1674,4707,0
2021-03-31,50-59,800,1779,0
2021-03-31,90+,58,74,0
2021-03-31,60-69,489,1005,0
2021-03-31,40-49,1183,2979,0
2021-04-01,20-29,2294,5741,0
2021-04-01,80-89,168,240,0
2021-04-01,0-19,1113,2371,0
2021-04-01,50-59,789,1648,0
2021-04-01,30-39,1621,4427,0
2021-04-01,70-79,264,429,0
2021-04-01,90+,48,63,0
2021-04-01,40-49,1223,2766,0
2021-04-01,60-69,493,883,0
2021-04-02,20-29,833,2550,0
2021-04-02,0-19,327,906,0
2021-04-02,80-89,28,84,0
2021-04-02,90+,<15,16,0
2021-04-02,30-39,674,2083,0
2021-04-02,60-69,132,323,0
2021-04-02,40-49,444,1294,0
2021-04-02,70-79,64,142,0
2021-04-02,50-59,314,642,0
2021-04-03,30-39,254,600,0
2021-04-03,90+,<15,<15,0
2021-04-03,70-79,32,60,0
2021-04-03,20-29,475,1078,0
2021-04-03,80-89,<15,17,0
2021-04-03,0-19,208,386,0
2021-04-03,60-69,63,108,0
2021-04-03,40-49,185,437,0
2021-04-03,50-59,134,222,0
2021-04-04,80-89,162,310,0
2021-04-04,30-39,2102,5431,0
2021-04-04,40-49,1371,3471,0
2021-04-04,20-29,2849,7121,0
2021-04-04,90+,57,69,0
2021-04-04,60-69,563,1023,0
2021-04-04,70-79,315,503,0
2021-04-04,50-59,869,1849,0
2021-04-04,0-19,1276,2991,0
2021-04-05,70-79,365,469,0
2021-04-05,60-69,585,900,0
2021-04-05,40-49,1419,2955,0
2021-04-05,30-39,2184,4823,0
2021-04-05,80-89,224,248,0
2021-04-05,90+,70,77,0
2021-04-05,0-19,1497,3119,0
2021-04-05,20-29,2940,6808,0
2021-04-05,50-59,933,1756,0
2021-04-06,40-49,1270,2480,0
2021-04-06,60-69,567,801,0
2021-04-06,50-59,853,1401,0
2021-04-06,0-19,1175,2210,0
2021-04-06,20-29,2420,5146,0
2021-04-06,80-89,188,195,0
2021-04-06,90+,66,71,0
2021-04-06,30-39,1930,3930,0
2021-04-06,70-79,374,409,0
2021-04-07,0-19,1209,2129,0
2021-04-07,50-59,849,1294,0
2021-04-07,60-69,590,669,0
2021-04-07,20-29,2502,4673,0
2021-04-07,80-89,177,216,0
2021-04-07,30-39,1816,3463,0
2021-04-07,70-79,310,355,0
2021-04-07,40-49,1205,2317,0
2021-04-07,90+,82,56,0
2021-04-08,20-29,2582,5111,0
2021-04-08,50-59,850,1443,0
2021-04-08,30-39,2014,4212,0
2021-04-08,90+,83,47,0
2021-04-08,80-89,185,208,0
2021-04-08,0-19,1227,2101,0
2021-04-08,70-79,310,379,0
2021-04-08,40-49,1390,2562,0
2021-04-08,60-69,581,803,0
2021-04-09,20-29,941,1844,0
2021-04-09,80-89,40,67,0
2021-04-09,0-19,453,765,0
2021-04-09,40-49,505,946,0
2021-04-09,70-79,76,106,0
2021-04-09,30-39,898,1642,0
2021-04-09,60-69,173,234,0
2021-04-09,50-59,334,502,0
2021-04-09,90+,<15,<15,0
2021-04-10,0-19,194,492,0
2021-04-10,80-89,<15,28,0
2021-04-10,40-49,212,521,0
2021-04-10,30-39,341,745,0
2021-04-10,20-29,517,1200,0
2021-04-10,90+,<15,<15,0
2021-04-10,70-79,43,61,0
2021-04-10,60-69,75,113,0
2021-04-10,50-59,142,297,0
2021-04-11,80-89,159,176,0
2021-04-11,50-59,771,1175,0
2021-04-11,20-29,2560,4449,0
2021-04-11,0-19,1286,2027,0
2021-04-11,70-79,344,338,0
2021-04-11,30-39,1980,3274,0
2021-04-11,90+,60,64,0
2021-04-11,60-69,565,668,0
2021-04-11,40-49,1207,1987,0
2021-04-12,20-29,2482,4245,0
2021-04-12,80-89,210,161,0
2021-04-12,0-19,1346,1758,0
2021-04-12,70-79,330,356,0
2021-04-12,60-69,562,629,0
2021-04-12,30-39,1744,3032,0
2021-04-12,40-49,1155,1809,0
2021-04-12,90+,78,63,0
2021-04-12,50-59,852,1045,0
2021-04-13,30-39,1267,1240,0
2021-04-13,90+,86,30,0
2021-04-13,40-49,822,691,0
2021-04-13,70-79,237,134,0
2021-04-13,80-89,160,77,0
2021-04-13,0-19,668,577,0
2021-04-13,20-29,1536,1442,0
2021-04-13,60-69,345,246,0
2021-04-13,50-59,544,410,0
2021-04-14,80-89,73,113,0
2021-04-14,60-69,227,289,0
2021-04-14,40-49,533,800,0
2021-04-14,50-59,386,494,0
2021-04-14,70-79,141,160,0
2021-04-14,30-39,817,1215,0
2021-04-14,90+,17,34,0
2021-04-14,0-19,384,588,0
2021-04-14,20-29,891,1475,0
2021-04-15,60-69,44,29,0
2021-04-15,30-39,90,97,0
2021-04-15,80-89,<15,<15,0
2021-04-15,90+,<15,<15,0
2021-04-15,20-29,133,128,0
2021-04-15,0-19,53,67,0
2021-04-15,70-79,27,25,0
2021-04-15,40-49,65,78,0
2021-04-15,50-59,77,51,0
2021-04-16,90+,<15,24,0
2021-04-16,70-79,75,133,0
2021-04-16,30-39,743,1658,0
2021-04-16,50-59,298,493,0
2021-04-16,40-49,472,1017,0
2021-04-16,60-69,184,297,0
2021-04-16,20-29,975,2034,0
2021-04-16,0-19,441,788,0
2021-04-16,80-89,45,82,0
2021-04-17,50-59,69,146,0
2021-04-17,20-29,268,688,0
2021-04-17,90+,0,<15,0
2021-04-17,80-89,<15,<15,0
2021-04-17,30-39,177,447,0
2021-04-17,40-49,105,274,0
2021-04-17,60-69,33,75,0
2021-04-17,70-79,19,25,0
2021-04-17,0-19,82,268,0
2021-04-18,70-79,230,210,0
2021-04-18,60-69,456,375,0
2021-04-18,30-39,1423,1715,0
2021-04-18,40-49,964,996,0
2021-04-18,20-29,2067,2415,0
2021-04-18,0-19,1096,983,0
2021-04-18,50-59,634,570,0
2021-04-18,80-89,93,91,0
2021-04-18,90+,30,27,0
2021-04-19,90+,32,55,0
2021-04-19,50-59,573,601,0
2021-04-19,40-49,853,918,0
2021-04-19,60-69,393,392,0
2021-04-19,80-89,95,142,0
2021-04-19,0-19,954,898,0
2021-04-19,20-29,1867,2215,0
2021-04-19,70-79,204,209,0
2021-04-19,30-39,1283,1587,0
2021-04-20,50-59,593,569,0
2021-04-20,20-29,1709,1954,0
2021-04-20,80-89,97,147,0
2021-04-20,0-19,831,825,0
2021-04-20,30-39,1364,1610,0
2021-04-20,60-69,359,421,0
2021-04-20,40-49,903,958,0
2021-04-20,90+,38,61,0
2021-04-20,70-79,207,210,0
2021-04-21,20-29,1719,2094,0
2021-04-21,30-39,1342,1546,0
2021-04-21,70-79,209,220,0
2021-04-21,40-49,869,1017,0
2021-04-21,50-59,662,616,0
2021-04-21,0-19,820,881,0
2021-04-21,60-69,391,374,0
2021-04-21,80-89,121,163,0
2021-04-21,90+,48,54,0
2021-04-22,80-89,85,165,0
2021-04-22,0-19,764,954,0
2021-04-22,90+,<15,61,0
2021-04-22,30-39,1246,1701,0
2021-04-22,20-29,1614,2204,0
2021-04-22,70-79,210,255,0
2021-04-22,50-59,571,706,0
2021-04-22,60-69,396,415,0
2021-04-22,40-49,889,1081,0
2021-04-23,20-29,698,974,0
2021-04-23,80-89,27,35,0
2021-04-23,0-19,407,458,0
2021-04-23,50-59,268,325,0
2021-04-23,40-49,400,485,0
2021-04-23,30-39,638,802,0
2021-04-23,90+,<15,<15,0
2021-04-23,70-79,52,51,0
2021-04-23,60-69,119,140,0
2021-04-24,20-29,246,472,0
2021-04-24,0-19,110,179,0
2021-04-24,40-49,107,180,0
2021-04-24,30-39,135,256,0
2021-04-24,70-79,<15,16,0
2021-04-24,60-69,23,31,0
2021-04-24,80-89,<15,<15,0
2021-04-24,90+,0,<15,0
2021-04-24,50-59,56,94,0
2021-04-25,90+,17,36,0
2021-04-25,30-39,1043,1587,0
2021-04-25,50-59,434,549,0
2021-04-25,0-19,611,895,0
2021-04-25,80-89,76,110,0
2021-04-25,20-29,1394,2146,0
2021-04-25,60-69,302,382,0
2021-04-25,70-79,167,203,0
2021-04-25,40-49,685,944,0
2021-04-26,80-89,78,154,0
2021-04-26,20-29,1618,2425,0
2021-04-26,90+,29,49,0
2021-04-26,70-79,162,254,0
2021-04-26,40-49,728,1070,0
2021-04-26,30-39,1185,1637,0
2021-04-26,60-69,259,358,0
2021-04-26,50-59,434,654,0
2021-04-26,0-19,860,1169,0
2021-04-27,70-79,161,237,0
2021-04-27,30-39,971,1468,0
2021-04-27,40-49,631,932,0
2021-04-27,60-69,265,395,0
2021-04-27,0-19,645,856,0
2021-04-27,90+,28,59,0
2021-04-27,80-89,97,158,0
2021-04-27,20-29,1124,1784,0
2021-04-27,50-59,453,590,0
2021-04-28,90+,21,79,0
2021-04-28,50-59,385,618,0
2021-04-28,30-39,942,1532,0
2021-04-28,60-69,247,404,0
2021-04-28,70-79,139,222,0
2021-04-28,40-49,621,923,0
2021-04-28,80-89,57,156,0
2021-04-28,0-19,649,1056,0
2021-04-28,20-29,1280,2181,0
2021-04-29,50-59,415,631,0
2021-04-29,60-69,281,395,0
2021-04-29,20-29,1070,2073,0
2021-04-29,30-39,955,1641,0
2021-04-29,70-79,143,245,0
2021-04-29,90+,16,69,0
2021-04-29,40-49,696,1011,0
2021-04-29,80-89,79,154,0
2021-04-29,0-19,565,936,0
2021-04-30,70-79,28,77,0
2021-04-30,40-49,326,435,0
2021-04-30,30-39,437,822,0
2021-04-30,60-69,102,124,0
2021-04-30,90+,<15,<15,0
2021-04-30,20-29,430,866,0
2021-04-30,0-19,245,404,0
2021-04-30,50-59,185,259,0
2021-04-30,80-89,21,65,0
2021-05-01,50-59,24,45,0
2021-05-01,90+,0,<15,0
2021-05-01,40-49,60,114,0
2021-05-01,30-39,89,202,0
2021-05-01,60-69,<15,33,0
2021-05-01,70-79,<15,<15,0
2021-05-01,80-89,<15,<15,0
2021-05-01,20-29,149,315,0
2021-05-01,0-19,48,113,0
2021-05-02,50-59,295,414,0
2021-05-02,60-69,165,326,0
2021-05-02,20-29,902,1844,0
2021-05-02,80-89,48,95,0
2021-05-02,0-19,513,940,0
2021-05-02,40-49,416,783,0
2021-05-02,90+,<15,32,0
2021-05-02,70-79,107,174,0
2021-05-02,30-39,707,1392,0
2021-05-03,20-29,933,1599,0
2021-05-03,30-39,782,1353,0
2021-05-03,70-79,96,198,0
2021-05-03,50-59,309,447,0
2021-05-03,80-89,51,113,0
2021-05-03,90+,15,49,0
2021-05-03,40-49,501,791,0
2021-05-03,60-69,205,334,0
2021-05-03,0-19,531,795,0
2021-05-04,30-39,760,1045,0
2021-05-04,20-29,982,1265,0
2021-05-04,0-19,444,618,0
2021-05-04,50-59,329,382,0
2021-05-04,80-89,65,130,0
2021-05-04,90+,18,55,0
2021-05-04,40-49,483,677,0
2021-05-04,70-79,132,172,0
2021-05-04,60-69,206,239,0
2021-05-05,0-19,503,553,0
2021-05-05,80-89,59,110,0
2021-05-05,20-29,798,1101,0
2021-05-05,50-59,265,351,0
2021-05-05,60-69,167,186,0
2021-05-05,40-49,488,527,0
2021-05-05,90+,15,36,0
2021-05-05,70-79,83,145,0
2021-05-05,30-39,761,916,0
2021-05-06,0-19,555,490,0
2021-05-06,20-29,901,922,0
2021-05-06,80-89,44,53,0
2021-05-06,60-69,177,157,0
2021-05-06,90+,<15,<15,0
2021-05-06,70-79,99,80,0
2021-05-06,30-39,820,628,0
2021-05-06,40-49,490,386,0
2021-05-06,50-59,371,244,0
2021-05-07,80-89,<15,40,0
2021-05-07,90+,<15,<15,0
2021-05-07,0-19,211,316,0
2021-05-07,20-29,424,706,0
2021-05-07,50-59,175,209,0
2021-05-07,30-39,435,542,0
2021-05-07,70-79,41,42,0
2021-05-07,40-49,283,354,0
2021-05-07,60-69,106,117,0
2021-05-08,20-29,66,180,0
2021-05-08,0-19,25,51,0
2021-05-08,80-89,<15,0,0
2021-05-08,70-79,<15,<15,0
2021-05-08,30-39,44,96,0
2021-05-08,90+,0,<15,0
2021-05-08,50-59,15,33,0
2021-05-08,40-49,24,54,0
2021-05-08,60-69,<15,17,0
2021-05-09,20-29,746,1406,0
2021-05-09,80-89,38,86,0
2021-05-09,0-19,436,703,0
2021-05-09,50-59,277,361,0
2021-05-09,70-79,96,154,0
2021-05-09,40-49,406,573,0
2021-05-09,60-69,133,290,0
2021-05-09,90+,<15,46,0
2021-05-09,30-39,627,1040,0
2021-05-10,20-29,709,1303,0
2021-05-10,0-19,401,705,0
2021-05-10,90+,18,51,0
2021-05-10,60-69,147,257,0
2021-05-10,80-89,39,102,0
2021-05-10,70-79,99,159,0
2021-05-10,30-39,642,1018,0
2021-05-10,40-49,436,605,0
2021-05-10,50-59,287,370,0
2021-05-11,90+,<15,17,0
2021-05-11,70-79,68,127,0
2021-05-11,30-39,556,857,0
2021-05-11,20-29,693,1082,0
2021-05-11,50-59,222,335,0
2021-05-11,80-89,51,68,0
2021-05-11,0-19,395,492,0
2021-05-11,40-49,330,536,0
2021-05-11,60-69,122,180,0
2021-05-12,20-29,468,827,0
2021-05-12,80-89,27,71,0
2021-05-12,70-79,55,96,0
2021-05-12,30-39,484,715,0
2021-05-12,60-69,127,181,0
2021-05-12,40-49,289,455,0
2021-05-12,90+,21,29,0
2021-05-12,50-59,174,265,0
2021-05-12,0-19,206,506,0
2021-05-13,40-49,266,494,0
2021-05-13,70-79,52,129,0
2021-05-13,30-39,391,756,0
2021-05-13,60-69,112,196,0
2021-05-13,80-89,24,74,0
2021-05-13,90+,<15,<15,0
2021-05-13,0-19,318,662,0
2021-05-13,20-29,522,920,0
2021-05-13,50-59,153,282,0
2021-05-14,90+,<15,<15,0
2021-05-14,30-39,175,339,0
2021-05-14,40-49,106,202,0
2021-05-14,60-69,36,61,0
2021-05-14,70-79,28,37,0
2021-05-14,0-19,148,236,0
2021-05-14,80-89,<15,21,0
2021-05-14,50-59,86,124,0
2021-05-14,20-29,204,344,0
2021-05-15,60-69,<15,20,0
2021-05-15,50-59,16,44,0
2021-05-15,20-29,54,55,0
2021-05-15,40-49,25,25,0
2021-05-15,30-39,30,31,0
2021-05-15,70-79,<15,<15,0
2021-05-15,80-89,<15,<15,0
2021-05-15,0-19,<15,<15,0
2021-05-16,70-79,15,28,0
2021-05-16,40-49,60,151,0
2021-05-16,90+,0,<15,0
2021-05-16,60-69,25,55,0
2021-05-16,30-39,88,269,0
2021-05-16,20-29,136,366,0
2021-05-16,50-59,43,92,0
2021-05-16,0-19,65,170,0
2021-05-16,80-89,<15,17,0
2021-05-17,50-59,25,112,0
2021-05-17,70-79,<15,23,0
2021-05-17,60-69,<15,72,0
2021-05-17,40-49,34,107,0
2021-05-17,30-39,38,137,0
2021-05-17,80-89,0,<15,0
2021-05-17,0-19,23,76,0
2021-05-17,20-29,61,235,0
2021-05-18,50-59,193,456,0
2021-05-18,60-69,113,321,0
2021-05-18,40-49,261,677,0
2021-05-18,20-29,449,1228,0
2021-05-18,70-79,65,216,0
2021-05-18,30-39,399,1156,0
2021-05-18,90+,<15,40,0
2021-05-18,80-89,30,95,0
2021-05-18,0-19,310,643,0
2021-05-19,30-39,431,1072,0
2021-05-19,80-89,43,90,0
2021-05-19,40-49,271,650,0
2021-05-19,90+,26,30,0
2021-05-19,60-69,130,330,0
2021-05-19,70-79,66,140,0
2021-05-19,0-19,305,688,0
2021-05-19,50-59,171,456,0
2021-05-19,20-29,615,1447,0
2021-05-20,80-89,21,81,0
2021-05-20,90+,<15,27,0
2021-05-20,30-39,469,859,0
2021-05-20,70-79,68,135,0
2021-05-20,60-69,126,213,0
2021-05-20,40-49,287,521,0
2021-05-20,0-19,373,554,0
2021-05-20,20-29,596,1009,0
2021-05-20,50-59,192,350,0
2021-05-21,90+,0,<15,0
2021-05-21,70-79,18,32,0
2021-05-21,40-49,141,175,0
2021-05-21,30-39,259,323,0
2021-05-21,50-59,98,98,0
2021-05-21,60-69,52,71,0
2021-05-21,20-29,297,326,0
2021-05-21,80-89,<15,22,0
2021-05-21,0-19,167,220,0
2021-05-22,50-59,21,28,0
2021-05-22,70-79,<15,<15,0
2021-05-22,30-39,32,90,0
2021-05-22,80-89,<15,<15,0
2021-05-22,40-49,17,57,0
2021-05-22,60-69,<15,<15,0
2021-05-22,90+,0,<15,0
2021-05-22,20-29,52,110,0
2021-05-22,0-19,19,34,0
2021-05-23,70-79,52,102,0
2021-05-23,30-39,519,760,0
2021-05-23,40-49,284,424,0
2021-05-23,60-69,107,149,0
2021-05-23,0-19,365,506,0
2021-05-23,20-29,613,885,0
2021-05-23,50-59,237,263,0
2021-05-23,80-89,24,46,0
2021-05-23,90+,<15,<15,0
2021-05-24,60-69,114,175,0
2021-05-24,40-49,254,511,0
2021-05-24,90+,<15,16,0
2021-05-24,30-39,453,925,0
2021-05-24,70-79,54,112,0
2021-05-24,50-59,225,304,0
2021-05-24,80-89,26,63,0
2021-05-24,0-19,337,500,0
2021-05-24,20-29,518,884,0
2021-05-25,50-59,152,237,0
2021-05-25,0-19,233,355,0
2021-05-25,60-69,136,173,0
2021-05-25,30-39,378,542,0
2021-05-25,20-29,406,616,0
2021-05-25,80-89,29,68,0
2021-05-25,70-79,61,96,0
2021-05-25,40-49,265,354,0
2021-05-25,90+,<15,24,0
2021-05-26,0-19,215,355,0
2021-05-26,50-59,109,191,0
2021-05-26,20-29,343,612,0
2021-05-26,30-39,251,597,0
2021-05-26,60-69,73,130,0
2021-05-26,90+,<15,<15,0
2021-05-26,70-79,53,88,0
2021-05-26,40-49,177,328,0
2021-05-26,80-89,24,52,0
2021-05-27,20-29,487,896,0
2021-05-27,70-79,50,89,0
2021-05-27,30-39,383,614,0
2021-05-27,0-19,268,575,0
2021-05-27,80-89,21,63,0
2021-05-27,50-59,159,225,0
2021-05-27,90+,<15,23,0
2021-05-27,40-49,233,359,0
2021-05-27,60-69,76,149,0
2021-05-28,20-29,168,259,0
2021-05-28,80-89,<15,<15,0
2021-05-28,0-19,100,151,0
2021-05-28,50-59,80,159,0
2021-05-28,60-69,34,86,0
2021-05-28,70-79,<15,37,0
2021-05-28,90+,<15,<15,0
2021-05-28,30-39,144,340,0
2021-05-28,40-49,99,223,0
2021-05-29,20-29,27,67,0
2021-05-29,0-19,15,25,0
2021-05-29,90+,0,<15,0
2021-05-29,60-69,<15,<15,0
2021-05-29,80-89,<15,<15,0
2021-05-29,30-39,23,33,0
2021-05-29,40-49,24,20,0
2021-05-29,70-79,0,<15,0
2021-05-29,50-59,<15,<15,0
2021-05-30,90+,<15,<15,0
2021-05-30,30-39,359,442,0
2021-05-30,70-79,58,78,0
2021-05-30,20-29,403,475,0
2021-05-30,80-89,24,35,0
2021-05-30,50-59,158,157,0
2021-05-30,0-19,227,283,0
2021-05-30,40-49,230,274,0
2021-05-30,60-69,94,103,0
2021-05-31,20-29,490,520,0
2021-05-31,80-89,<15,18,0
2021-05-31,50-59,120,186,0
2021-05-31,30-39,442,497,0
2021-05-31,60-69,89,117,0
2021-05-31,90+,<15,<15,0
2021-05-31,40-49,207,273,0
2021-05-31,70-79,42,60,0
2021-05-31,0-19,180,310,0
2021-06-01,70-79,37,51,0
2021-06-01,30-39,228,404,0
2021-06-01,90+,<15,<15,0
2021-06-01,60-69,57,98,0
2021-06-01,80-89,26,38,0
2021-06-01,40-49,176,225,0
2021-06-01,20-29,350,461,0
2021-06-01,50-59,134,142,0
2021-06-01,0-19,192,292,0
2021-06-02,40-49,186,196,0
2021-06-02,60-69,69,81,0
2021-06-02,70-79,40,48,0
2021-06-02,20-29,444,418,0
2021-06-02,50-59,114,125,0
2021-06-02,80-89,15,26,0
2021-06-02,0-19,203,241,0
2021-06-02,30-39,265,335,0
2021-06-02,90+,<15,<15,0
2021-06-03,60-69,67,88,0
2021-06-03,50-59,110,120,0
2021-06-03,20-29,395,342,0
2021-06-03,0-19,492,223,0
2021-06-03,80-89,<15,30,0
2021-06-03,30-39,249,298,0
2021-06-03,90+,<15,<15,0
2021-06-03,70-79,38,39,0
2021-06-03,40-49,170,173,0
2021-06-04,20-29,100,124,0
2021-06-04,50-59,63,64,0
2021-06-04,0-19,517,94,0
2021-06-04,80-89,<15,<15,0
2021-06-04,30-39,124,151,0
2021-06-04,70-79,<15,20,0
2021-06-04,60-69,18,31,0
2021-06-04,90+,0,<15,0
2021-06-04,40-49,105,93,0
2021-06-05,0-19,25,<15,0
2021-06-05,20-29,35,23,0
2021-06-05,50-59,<15,<15,0
2021-06-05,30-39,32,19,0
2021-06-05,40-49,<15,<15,0
2021-06-05,70-79,0,<15,0
2021-06-05,60-69,<15,<15,0
2021-06-06,20-29,303,231,0
2021-06-06,40-49,132,95,0
2021-06-06,30-39,257,190,0
2021-06-06,90+,<15,<15,0
2021-06-06,70-79,42,31,0
2021-06-06,0-19,3273,206,0
2021-06-06,80-89,<15,<15,0
2021-06-06,50-59,121,71,0
2021-06-06,60-69,63,48,0
2021-06-07,80-89,28,24,0
2021-06-07,60-69,69,37,0
2021-06-07,40-49,188,98,0
2021-06-07,90+,<15,<15,0
2021-06-07,30-39,330,156,0
2021-06-07,70-79,39,29,0
2021-06-07,0-19,3035,86,0
2021-06-07,20-29,455,184,0
2021-06-07,50-59,110,67,0
2021-06-08,80-89,<15,15,0
2021-06-08,90+,<15,<15,0
2021-06-08,30-39,262,241,0
2021-06-08,40-49,134,150,0
2021-06-08,70-79,21,33,0
2021-06-08,60-69,66,69,0
2021-06-08,20-29,255,263,0
2021-06-08,0-19,2752,163,0
2021-06-08,50-59,99,107,0
2021-06-09,40-49,159,132,0
2021-06-09,30-39,241,249,0
2021-06-09,90+,<15,<15,0
2021-06-09,70-79,46,51,0
2021-06-09,50-59,99,89,0
2021-06-09,60-69,63,75,0
2021-06-09,20-29,318,328,0
2021-06-09,80-89,16,29,0
2021-06-09,0-19,2524,208,0
2021-06-10,50-59,101,95,0
2021-06-10,30-39,248,259,0
2021-06-10,80-89,15,18,0
2021-06-10,90+,<15,<15,0
2021-06-10,70-79,26,37,0
2021-06-10,60-69,63,61,0
2021-06-10,40-49,163,149,0
2021-06-10,20-29,343,308,0
2021-06-10,0-19,2243,219,0
2021-06-11,30-39,90,106,0
2021-06-11,40-49,70,67,0
2021-06-11,60-69,<15,<15,0
2021-06-11,20-29,100,114,0
2021-06-11,50-59,40,34,0
2021-06-11,0-19,942,78,0
2021-06-11,70-79,<15,<15,0
2021-06-11,80-89,<15,<15,0
2021-06-11,90+,<15,<15,0
2021-06-12,60-69,<15,<15,0
2021-06-12,40-49,15,<15,0
2021-06-12,20-29,34,34,0
2021-06-12,70-79,<15,<15,0
2021-06-12,30-39,29,20,0
2021-06-12,50-59,<15,<15,0
2021-06-12,0-19,57,16,0
2021-06-13,50-59,103,114,0
2021-06-13,0-19,2125,222,0
2021-06-13,20-29,294,311,0
2021-06-13,80-89,<15,<15,0
2021-06-13,60-69,64,53,0
2021-06-13,40-49,167,149,0
2021-06-13,30-39,254,278,0
2021-06-13,70-79,34,36,0
2021-06-13,90+,<15,<15,0
2021-06-14,0-19,1885,277,0
2021-06-14,20-29,335,359,0
2021-06-14,50-59,105,129,0
2021-06-14,70-79,28,26,0
2021-06-14,40-49,196,194,0
2021-06-14,60-69,73,93,0
2021-06-14,80-89,<15,18,0
2021-06-14,30-39,279,297,0
2021-06-14,90+,<15,<15,0
2021-06-15,20-29,345,309,0
2021-06-15,30-39,269,313,0
2021-06-15,70-79,29,48,0
2021-06-15,0-19,1947,196,0
2021-06-15,80-89,15,23,0
2021-06-15,90+,<15,<15,0
2021-06-15,40-49,180,151,0
2021-06-15,50-59,125,97,0
2021-06-15,60-69,79,75,0
2021-06-16,20-29,280,179,0
2021-06-16,80-89,<15,30,0
2021-06-16,0-19,1687,153,0
2021-06-16,50-59,121,63,0
2021-06-16,60-69,55,56,0
2021-06-16,40-49,171,133,0
2021-06-16,70-79,29,47,0
2021-06-16,90+,<15,15,0
2021-06-16,30-39,240,182,0
2021-06-17,20-29,363,262,0
2021-06-17,90+,<15,<15,0
2021-06-17,0-19,1526,192,0
2021-06-17,60-69,66,50,0
2021-06-17,80-89,16,<15,0
2021-06-17,30-39,285,258,0
2021-06-17,40-49,202,141,0
2021-06-17,70-79,26,37,0
2021-06-17,50-59,95,92,0
2021-06-18,90+,<15,0,0
2021-06-18,20-29,121,80,0
2021-06-18,30-39,132,107,0
2021-06-18,70-79,<15,<15,0
2021-06-18,50-59,42,37,0
2021-06-18,0-19,719,52,0
2021-06-18,80-89,<15,<15,0
2021-06-18,40-49,81,59,0
2021-06-18,60-69,24,19,0
2021-06-19,20-29,42,23,0
2021-06-19,80-89,<15,0,0
2021-06-19,50-59,<15,<15,0
2021-06-19,70-79,<15,<15,0
2021-06-19,30-39,19,15,0
2021-06-19,40-49,<15,18,0
2021-06-19,60-69,<15,<15,0
2021-06-19,0-19,59,<15,0
2021-06-20,70-79,34,42,0
2021-06-20,30-39,298,301,0
2021-06-20,40-49,197,198,0
2021-06-20,80-89,16,18,0
2021-06-20,90+,<15,<15,0
2021-06-20,60-69,61,78,0
2021-06-20,0-19,2147,187,0
2021-06-20,20-29,357,271,0
2021-06-20,50-59,133,137,0
2021-06-21,90+,<15,<15,0
2021-06-21,30-39,448,245,0
2021-06-21,70-79,34,53,0
2021-06-21,40-49,232,128,0
2021-06-21,60-69,75,61,0
2021-06-21,0-19,3516,249,0
2021-06-21,80-89,<15,<15,0
2021-06-21,20-29,613,262,0
2021-06-21,50-59,153,71,0
2021-06-22,40-49,240,158,0
2021-06-22,50-59,167,99,0
2021-06-22,60-69,98,47,0
2021-06-22,20-29,481,229,0
2021-06-22,30-39,376,226,0
2021-06-22,70-79,47,31,0
2021-06-22,90+,<15,<15,0
2021-06-22,0-19,5336,148,0
2021-06-22,80-89,26,<15,0
2021-06-23,70-79,50,41,0
2021-06-23,20-29,559,325,0
2021-06-23,50-59,203,110,0
2021-06-23,80-89,36,21,0
2021-06-23,0-19,8793,194,0
2021-06-23,30-39,476,229,0
2021-06-23,40-49,325,155,0
2021-06-23,60-69,125,68,0
2021-06-23,90+,<15,<15,0
2021-06-24,20-29,622,299,0
2021-06-24,80-89,35,16,0
2021-06-24,0-19,9886,410,0
2021-06-24,40-49,358,156,0
2021-06-24,60-69,122,69,0
2021-06-24,70-79,79,44,0
2021-06-24,30-39,500,233,0
2021-06-24,50-59,270,101,0
2021-06-24,90+,<15,<15,0
2021-06-25,60-69,50,24,0
2021-06-25,0-19,5981,442,0
2021-06-25,80-89,<15,<15,0
2021-06-25,70-79,18,<15,0
2021-06-25,20-29,248,76,0
2021-06-25,40-49,227,86,0
2021-06-25,30-39,283,108,0
2021-06-25,50-59,136,45,0
2021-06-26,80-89,<15,<15,0
2021-06-26,20-29,80,29,0
2021-06-26,0-19,1949,30,0
2021-06-26,30-39,55,31,0
2021-06-26,50-59,34,<15,0
2021-06-26,70-79,<15,0,0
2021-06-26,40-49,62,16,0
2021-06-26,60-69,<15,<15,0
2021-06-27,20-29,807,292,0
2021-06-27,50-59,287,139,0
2021-06-27,0-19,11004,2344,0
2021-06-27,30-39,734,268,0
2021-06-27,70-79,65,52,0
2021-06-27,40-49,432,177,0
2021-06-27,60-69,164,66,0
2021-06-27,80-89,36,18,0
2021-06-27,90+,<15,<15,0
2021-06-28,20-29,884,316,0
2021-06-28,80-89,39,23,0
2021-06-28,0-19,11747,2561,0
2021-06-28,50-59,328,105,0
2021-06-28,60-69,175,70,0
2021-06-28,30-39,633,250,0
2021-06-28,90+,<15,<15,0
2021-06-28,40-49,486,163,0
2021-06-28,70-79,70,46,0
2021-06-29,20-29,958,239,0
2021-06-29,80-89,50,24,0
2021-06-29,70-79,101,52,0
2021-06-29,60-69,201,82,0
2021-06-29,90+,<15,<15,0
2021-06-29,40-49,548,180,0
2021-06-29,0-19,13546,2591,0
2021-06-29,50-59,378,126,0
2021-06-29,30-39,764,281,0
2021-06-30,80-89,62,27,0
2021-06-30,90+,<15,<15,0
2021-06-30,20-29,888,254,0
2021-06-30,0-19,13324,2291,0
2021-06-30,50-59,351,136,0
2021-06-30,60-69,207,79,0
2021-06-30,40-49,568,164,0
2021-06-30,30-39,792,231,0
2021-06-30,70-79,107,43,0
2021-07-01,20-29,971,302,0
2021-07-01,80-89,49,20,0
2021-07-01,0-19,13517,2224,0
2021-07-01,50-59,397,127,0
2021-07-01,70-79,92,45,0
2021-07-01,30-39,803,241,0
2021-07-01,90+,16,<15,0
2021-07-01,40-49,609,164,0
2021-07-01,60-69,221,106,0
2021-07-02,20-29,504,108,0
2021-07-02,80-89,17,<15,0
2021-07-02,30-39,482,104,0
2021-07-02,40-49,332,80,0
2021-07-02,60-69,92,31,0
2021-07-02,70-79,41,19,0
2021-07-02,90+,<15,<15,0
2021-07-02,0-19,8018,1022,0
2021-07-02,50-59,210,68,0
2021-07-03,80-89,<15,0,0
2021-07-03,70-79,18,<15,0
2021-07-03,60-69,30,<15,0
2021-07-03,30-39,138,31,0
2021-07-03,40-49,119,29,0
2021-07-03,0-19,2054,105,0
2021-07-03,20-29,179,54,0
2021-07-03,50-59,61,<15,0
2021-07-04,50-59,426,119,0
2021-07-04,90+,<15,<15,0
2021-07-04,40-49,636,186,0
2021-07-04,60-69,236,100,0
2021-07-04,20-29,1010,248,0
2021-07-04,70-79,126,57,0
2021-07-04,30-39,821,242,0
2021-07-04,80-89,62,23,0
2021-07-04,0-19,14336,2112,0
2021-07-05,50-59,468,132,0
2021-07-05,20-29,1188,282,0
2021-07-05,80-89,46,<15,0
2021-07-05,0-19,14042,1878,0
2021-07-05,90+,<15,<15,0
2021-07-05,60-69,238,95,0
2021-07-05,40-49,704,201,0
2021-07-05,70-79,132,44,0
2021-07-05,30-39,902,242,0
2021-07-06,20-29,1330,366,0
2021-07-06,0-19,13877,2057,0
2021-07-06,30-39,928,321,0
2021-07-06,40-49,680,226,0
2021-07-06,70-79,143,50,0
2021-07-06,50-59,418,126,0
2021-07-06,80-89,58,19,0
2021-07-06,90+,16,<15,0
2021-07-06,60-69,292,84,0
2021-07-07,50-59,377,109,0
2021-07-07,0-19,11987,1611,0
2021-07-07,80-89,66,25,0
2021-07-07,60-69,233,94,0
2021-07-07,70-79,112,45,0
2021-07-07,90+,24,<15,0
2021-07-07,30-39,844,252,0
2021-07-07,20-29,1035,240,0
2021-07-07,40-49,701,154,0
2021-07-08,80-89,82,21,0
2021-07-08,60-69,249,80,0
2021-07-08,0-19,12656,1671,0
2021-07-08,20-29,1237,281,0
2021-07-08,90+,29,<15,0
2021-07-08,70-79,143,41,0
2021-07-08,30-39,960,267,0
2021-07-08,40-49,690,206,0
2021-07-08,50-59,412,130,0
2021-07-09,20-29,736,107,0
2021-07-09,0-19,8644,853,0
2021-07-09,70-79,63,18,0
2021-07-09,60-69,126,52,0
2021-07-09,30-39,620,130,0
2021-07-09,90+,<15,<15,0
2021-07-09,40-49,495,102,0
2021-07-09,80-89,42,20,0
2021-07-09,50-59,298,56,0
2021-07-10,50-59,139,23,0
2021-07-10,80-89,<15,0,0
2021-07-10,20-29,361,65,0
2021-07-10,0-19,3791,117,0
2021-07-10,70-79,25,<15,0
2021-07-10,40-49,238,48,0
2021-07-10,60-69,69,<15,0
2021-07-10,30-39,275,45,0
2021-07-11,20-29,300,241,0
2021-07-11,40-49,174,152,0
2021-07-11,90+,0,<15,0
2021-07-11,70-79,19,24,0
2021-07-11,80-89,<15,21,0
2021-07-11,0-19,506,1972,0
2021-07-11,50-59,102,69,0
2021-07-11,60-69,50,67,0
2021-07-11,30-39,238,228,0
2021-07-12,0-19,1162,2692,0
2021-07-12,80-89,<15,<15,0
2021-07-12,30-39,264,223,0
2021-07-12,50-59,129,93,0
2021-07-12,20-29,450,298,0
2021-07-12,70-79,25,27,0
2021-07-12,60-69,70,56,0
2021-07-12,40-49,214,135,0
2021-07-12,90+,<15,<15,0
2021-07-13,20-29,538,381,0
2021-07-13,80-89,19,16,0
2021-07-13,0-19,1504,4314,0
2021-07-13,90+,<15,<15,0
2021-07-13,50-59,138,108,0
2021-07-13,60-69,66,53,0
2021-07-13,70-79,31,31,0
2021-07-13,40-49,209,159,0
2021-07-13,30-39,343,237,0
2021-07-14,0-19,1458,6503,0
2021-07-14,20-29,452,252,0
2021-07-14,40-49,196,143,0
2021-07-14,30-39,259,257,0
2021-07-14,70-79,36,39,0
2021-07-14,90+,<15,<15,0
2021-07-14,80-89,24,24,0
2021-07-14,60-69,78,65,0
2021-07-14,50-59,116,89,0
2021-07-15,80-89,<15,23,0
2021-07-15,50-59,137,105,0
2021-07-15,30-39,288,248,0
2021-07-15,70-79,32,60,0
2021-07-15,40-49,204,187,0
2021-07-15,90+,<15,<15,0
2021-07-15,60-69,77,60,0
2021-07-15,20-29,452,308,0
2021-07-15,0-19,1661,8122,0
2021-07-16,70-79,<15,16,0
2021-07-16,30-39,120,119,0
2021-07-16,40-49,87,120,0
2021-07-16,60-69,24,26,0
2021-07-16,80-89,<15,<15,0
2021-07-16,90+,<15,<15,0
2021-07-16,20-29,182,106,0
2021-07-16,50-59,52,62,0
2021-07-16,0-19,680,5295,0
2021-07-17,50-59,<15,18,0
2021-07-17,60-69,<15,<15,0
2021-07-17,0-19,198,1196,0
2021-07-17,80-89,<15,0,0
2021-07-17,20-29,52,40,0
2021-07-17,40-49,17,21,0
2021-07-17,30-39,19,27,0
2021-07-17,70-79,<15,<15,0
2021-07-18,0-19,1205,8779,0
2021-07-18,30-39,222,258,0
2021-07-18,50-59,84,116,0
2021-07-18,20-29,269,257,0
2021-07-18,80-89,<15,20,0
2021-07-18,60-69,48,62,0
2021-07-18,90+,<15,<15,0
2021-07-18,40-49,143,160,0
2021-07-18,70-79,26,35,0
2021-07-19,50-59,117,113,0
2021-07-19,20-29,481,345,0
2021-07-19,40-49,225,176,0
2021-07-19,0-19,1838,10110,0
2021-07-19,80-89,24,25,0
2021-07-19,90+,<15,<15,0
2021-07-19,70-79,44,39,0
2021-07-19,30-39,296,284,0
2021-07-19,60-69,73,74,0
2021-07-20,80-89,25,52,0
2021-07-20,0-19,1496,10635,0
2021-07-20,20-29,372,319,0
2021-07-20,60-69,73,87,0
2021-07-20,40-49,181,182,0
2021-07-20,30-39,251,299,0
2021-07-20,70-79,44,54,0
2021-07-20,50-59,103,113,0
2021-07-20,90+,<15,24,0
2021-07-21,0-19,1357,10596,0
2021-07-21,40-49,159,189,0
2021-07-21,20-29,310,261,0
2021-07-21,30-39,220,291,0
2021-07-21,80-89,21,44,0
2021-07-21,70-79,36,73,0
2021-07-21,90+,<15,<15,0
2021-07-21,60-69,53,100,0
2021-07-21,50-59,116,138,0
2021-07-22,80-89,16,35,0
2021-07-22,90+,<15,<15,0
2021-07-22,20-29,388,285,0
2021-07-22,0-19,1643,11819,0
2021-07-22,50-59,139,174,0
2021-07-22,30-39,277,367,0
2021-07-22,40-49,210,268,0
2021-07-22,70-79,36,53,0
2021-07-22,60-69,81,91,0
2021-07-23,0-19,1262,7474,0
2021-07-23,80-89,<15,<15,0
2021-07-23,30-39,203,200,0
2021-07-23,20-29,208,146,0
2021-07-23,70-79,<15,23,0
2021-07-23,90+,<15,<15,0
2021-07-23,60-69,39,37,0
2021-07-23,50-59,70,84,0
2021-07-23,40-49,130,95,0
2021-07-24,80-89,0,<15,0
2021-07-24,20-29,71,86,0
2021-07-24,0-19,390,1204,0
2021-07-24,50-59,18,<15,0
2021-07-24,60-69,<15,<15,0
2021-07-24,30-39,50,41,0
2021-07-24,40-49,40,43,0
2021-07-24,70-79,<15,<15,0
2021-07-25,20-29,533,428,0
2021-07-25,0-19,2804,13885,0
2021-07-25,80-89,27,39,0
2021-07-25,90+,<15,<15,0
2021-07-25,60-69,117,113,0
2021-07-25,70-79,62,80,0
2021-07-25,30-39,374,418,0
2021-07-25,40-49,270,253,0
2021-07-25,50-59,157,175,0
2021-07-26,90+,<15,<15,0
2021-07-26,30-39,419,372,0
2021-07-26,20-29,588,503,0
2021-07-26,80-89,24,34,0
2021-07-26,0-19,3383,11831,0
2021-07-26,50-59,172,171,0
2021-07-26,70-79,54,75,0
2021-07-26,40-49,303,248,0
2021-07-26,60-69,105,114,0
2021-07-27,20-29,688,614,0
2021-07-27,80-89,27,32,0
2021-07-27,50-59,188,190,0
2021-07-27,40-49,338,281,0
2021-07-27,90+,15,15,0
2021-07-27,70-79,51,83,0
2021-07-27,30-39,459,474,0
2021-07-27,60-69,103,137,0
2021-07-27,0-19,3528,11574,0
2021-07-28,70-79,45,87,0
2021-07-28,30-39,386,431,0
2021-07-28,80-89,43,50,0
2021-07-28,90+,<15,32,0
2021-07-28,40-49,255,258,0
2021-07-28,60-69,83,123,0
2021-07-28,20-29,465,403,0
2021-07-28,0-19,2456,10617,0
2021-07-28,50-59,160,197,0
2021-07-29,90+,<15,27,0
2021-07-29,30-39,454,551,0
2021-07-29,70-79,60,104,0
2021-07-29,40-49,303,363,0
2021-07-29,60-69,86,161,0
2021-07-29,20-29,518,524,0
2021-07-29,50-59,190,188,0
2021-07-29,0-19,2929,12016,0
2021-07-29,80-89,27,56,0
2021-07-30,60-69,51,88,1910
2021-07-30,50-59,130,148,0
2021-07-30,0-19,1641,9521,0
2021-07-30,80-89,<15,25,446
2021-07-30,20-29,268,307,0
2021-07-30,70-79,32,38,1597
2021-07-30,40-49,180,233,0
2021-07-30,30-39,235,343,0
2021-07-30,90+,<15,<15,58
2021-07-31,20-29,133,157,0
2021-07-31,50-59,39,50,0
2021-07-31,0-19,995,2979,0
2021-07-31,80-89,<15,<15,646
2021-07-31,70-79,<15,17,2449
2021-07-31,30-39,101,136,0
2021-07-31,60-69,20,42,2923
2021-07-31,40-49,62,88,0
2021-07-31,90+,0,<15,90
2021-08-01,0-19,2104,2745,0
2021-08-01,80-89,62,28,5203
2021-08-01,20-29,278,159,0
2021-08-01,50-59,81,51,0
2021-08-01,70-79,47,49,12794
2021-08-01,40-49,160,71,0
2021-08-01,60-69,62,67,11932
2021-08-01,30-39,198,106,0
2021-08-01,90+,34,<15,944
2021-08-02,0-19,2076,2175,0
2021-08-02,80-89,31,42,9790
2021-08-02,20-29,334,247,0
2021-08-02,30-39,204,159,0
2021-08-02,70-79,55,83,24002
2021-08-02,90+,16,15,2125
2021-08-02,40-49,133,100,0
2021-08-02,50-59,107,92,0
2021-08-02,60-69,82,124,22340
2021-08-03,80-89,37,42,13404
2021-08-03,20-29,379,320,0
2021-08-03,0-19,2186,2092,0
2021-08-03,70-79,70,117,32003
2021-08-03,50-59,103,88,0
2021-08-03,30-39,252,212,0
2021-08-03,40-49,172,110,0
2021-08-03,90+,<15,21,2965
2021-08-03,60-69,92,171,30292
2021-08-04,0-19,2368,2004,0
2021-08-04,20-29,324,252,0
2021-08-04,70-79,68,139,32388
2021-08-04,60-69,98,188,31399
2021-08-04,30-39,263,218,0
2021-08-04,40-49,173,142,0
2021-08-04,80-89,35,60,13719
2021-08-04,90+,<15,18,2894
2021-08-04,50-59,121,74,0
2021-08-05,90+,16,22,3011
2021-08-05,70-79,89,159,35149
2021-08-05,30-39,302,242,0
2021-08-05,0-19,2988,2197,0
2021-08-05,80-89,56,78,14287
2021-08-05,20-29,471,280,0
2021-08-05,50-59,145,108,0
2021-08-05,40-49,225,149,0
2021-08-05,60-69,135,224,35556
2021-08-06,20-29,153,116,0
2021-08-06,40-49,110,71,0
2021-08-06,90+,<15,<15,1442
2021-08-06,70-79,47,66,16831
2021-08-06,60-69,67,135,19272
2021-08-06,30-39,150,112,0
2021-08-06,80-89,21,29,6915
2021-08-06,50-59,65,63,0
2021-08-06,0-19,1735,1112,0
2021-08-07,40-49,37,31,0
2021-08-07,70-79,18,37,10478
2021-08-07,60-69,25,66,11982
2021-08-07,90+,<15,<15,743
2021-08-07,80-89,<15,15,3906
2021-08-07,0-19,688,314,0
2021-08-07,30-39,74,36,0
2021-08-07,20-29,87,75,0
2021-08-07,50-59,35,27,0
2021-08-08,90+,24,<15,2544
2021-08-08,30-39,317,235,0
2021-08-08,70-79,86,161,30485
2021-08-08,40-49,272,145,0
2021-08-08,60-69,167,257,33246
2021-08-08,50-59,159,121,0
2021-08-08,80-89,54,73,12864
2021-08-08,0-19,3481,1744,0
2021-08-08,20-29,420,265,0
2021-08-09,50-59,162,99,0
2021-08-09,20-29,480,328,0
2021-08-09,80-89,62,76,12464
2021-08-09,70-79,101,165,28455
2021-08-09,90+,17,<15,2671
2021-08-09,40-49,271,166,0
2021-08-09,30-39,360,222,0
2021-08-09,60-69,173,268,31615
2021-08-09,0-19,3668,1585,0
2021-08-10,40-49,330,166,506
2021-08-10,30-39,454,252,93
2021-08-10,70-79,124,218,27280
2021-08-10,60-69,166,287,31751
2021-08-10,20-29,617,338,0
2021-08-10,0-19,3526,1527,0
2021-08-10,50-59,215,154,936
2021-08-10,90+,23,21,2418
2021-08-10,80-89,63,106,12315
2021-08-11,50-59,243,142,1070
2021-08-11,90+,19,<15,2144
2021-08-11,60-69,227,242,26397
2021-08-11,40-49,345,182,591
2021-08-11,80-89,70,68,10131
2021-08-11,0-19,3569,1459,0
2021-08-11,20-29,568,297,0
2021-08-11,30-39,444,268,84
2021-08-11,70-79,139,159,22107
2021-08-12,50-59,296,170,830
2021-08-12,80-89,74,78,9497
2021-08-12,20-29,544,357,0
2021-08-12,0-19,4721,1711,0
2021-08-12,40-49,400,183,465
2021-08-12,30-39,559,264,83
2021-08-12,90+,27,17,2098
2021-08-12,60-69,224,256,26068
2021-08-12,70-79,137,158,20313
2021-08-13,20-29,279,194,0
2021-08-13,0-19,2694,1041,0
2021-08-13,70-79,58,71,8234
2021-08-13,30-39,265,177,85
2021-08-13,40-49,189,120,357
2021-08-13,50-59,124,167,16720
2021-08-13,60-69,103,146,13535
2021-08-13,80-89,34,26,3930
2021-08-13,90+,<15,<15,903
2021-08-14,50-59,123,169,27003
2021-08-14,20-29,192,96,0
2021-08-14,80-89,20,<15,2237
2021-08-14,0-19,1499,286,0
2021-08-14,40-49,126,56,372
2021-08-14,90+,<15,<15,491
2021-08-14,30-39,145,54,101
2021-08-14,70-79,52,35,5226
2021-08-14,60-69,70,58,8987
2021-08-15,20-29,643,417,0
2021-08-15,80-89,72,84,6567
2021-08-15,60-69,274,270,21599
2021-08-15,0-19,4710,2438,0
2021-08-15,30-39,564,347,1516
2021-08-15,90+,<15,20,1380
2021-08-15,40-49,423,242,2975
2021-08-15,70-79,125,167,13513
2021-08-15,50-59,342,471,50175
2021-08-16,0-19,4235,2466,0
2021-08-16,20-29,729,420,0
2021-08-16,30-39,579,339,1975
2021-08-16,70-79,177,156,11962
2021-08-16,60-69,248,294,18542
2021-08-16,90+,15,15,1304
2021-08-16,40-49,488,279,3268
2021-08-16,80-89,68,51,5958
2021-08-16,50-59,425,599,46223
2021-08-17,50-59,428,521,42923
2021-08-17,20-29,705,514,0
2021-08-17,80-89,85,91,4877
2021-08-17,0-19,4657,2721,0
2021-08-17,90+,22,20,1121
2021-08-17,60-69,263,290,17078
2021-08-17,70-79,179,168,10276
2021-08-17,30-39,678,399,2308
2021-08-17,40-49,539,302,4461
2021-08-18,20-29,784,447,0
2021-08-18,30-39,718,385,2034
2021-08-18,40-49,531,304,3632
2021-08-18,90+,17,<15,980
2021-08-18,0-19,5593,2428,0
2021-08-18,80-89,71,54,4155
2021-08-18,50-59,485,466,35291
2021-08-18,60-69,278,266,14360
2021-08-18,70-79,137,143,8558
2021-08-19,20-29,870,517,0
2021-08-19,0-19,6651,2779,0
2021-08-19,80-89,83,68,3522
2021-08-19,70-79,162,162,7270
2021-08-19,50-59,501,503,33942
2021-08-19,30-39,791,397,2220
2021-08-19,90+,27,20,773
2021-08-19,40-49,639,378,4196
2021-08-19,60-69,321,301,13742
2021-08-20,20-29,354,259,0
2021-08-20,80-89,30,16,1418
2021-08-20,0-19,3220,1388,0
2021-08-20,90+,<15,<15,295
2021-08-20,50-59,258,335,21078
2021-08-20,70-79,71,58,2968
2021-08-20,40-49,308,298,26267
2021-08-20,60-69,127,112,6700
2021-08-20,30-39,348,237,1286
2021-08-21,70-79,29,30,1442
2021-08-21,90+,<15,<15,137
2021-08-21,40-49,223,218,31547
2021-08-21,20-29,242,155,0
2021-08-21,30-39,178,116,1451
2021-08-21,0-19,2621,719,0
2021-08-21,80-89,<15,<15,666
2021-08-21,60-69,50,82,3118
2021-08-21,50-59,134,168,11949
2021-08-22,80-89,87,55,2708
2021-08-22,60-69,294,222,10538
2021-08-22,40-49,778,567,51321
2021-08-22,90+,23,15,575
2021-08-22,70-79,146,129,5945
2021-08-22,30-39,772,331,5828
2021-08-22,20-29,921,365,0
2021-08-22,0-19,6378,2688,0
2021-08-22,50-59,485,394,25922
2021-08-23,90+,28,<15,566
2021-08-23,80-89,71,59,2440
2021-08-23,40-49,879,538,43593
2021-08-23,70-79,150,136,5010
2021-08-23,60-69,274,230,8969
2021-08-23,30-39,903,336,8860
2021-08-23,20-29,957,372,0
2021-08-23,0-19,7191,2262,0
2021-08-23,50-59,530,388,21334
2021-08-24,30-39,997,365,18711
2021-08-24,90+,17,<15,540
2021-08-24,70-79,159,127,4609
2021-08-24,50-59,542,419,19167
2021-08-24,60-69,297,243,8027
2021-08-24,40-49,855,555,40541
2021-08-24,0-19,7827,2358,0
2021-08-24,80-89,72,68,2083
2021-08-24,20-29,1037,464,0
2021-08-25,50-59,488,391,14907
2021-08-25,40-49,849,468,32418
2021-08-25,30-39,1080,463,35144
2021-08-25,90+,18,<15,462
2021-08-25,60-69,259,246,6478
2021-08-25,70-79,149,127,3619
2021-08-25,20-29,1043,388,0
2021-08-25,80-89,59,44,1707
2021-08-25,0-19,5775,2234,0
2021-08-26,70-79,143,117,3035
2021-08-26,30-39,1122,496,34290
2021-08-26,40-49,842,509,34401
2021-08-26,60-69,220,223,6425
2021-08-26,50-59,471,403,16216
2021-08-26,20-29,1129,411,0
2021-08-26,90+,<15,<15,296
2021-08-26,80-89,55,40,1450
2021-08-26,0-19,6168,2753,0
2021-08-27,40-49,345,261,20828
2021-08-27,60-69,97,90,3018
2021-08-27,50-59,180,190,8802
2021-08-27,90+,<15,<15,101
2021-08-27,70-79,43,37,1204
2021-08-27,30-39,402,264,19941
2021-08-27,80-89,19,19,512
2021-08-27,20-29,367,170,0
2021-08-27,0-19,2856,1652,0
2021-08-28,50-59,111,139,4896
2021-08-28,0-19,2743,707,0
2021-08-28,20-29,248,135,0
2021-08-28,80-89,<15,<15,289
2021-08-28,30-39,261,171,13017
2021-08-28,70-79,24,30,722
2021-08-28,90+,<15,0,61
2021-08-28,60-69,54,61,1658
2021-08-28,40-49,249,179,11728
2021-08-29,20-29,1183,543,9228
2021-08-29,0-19,6581,3525,1546
2021-08-29,50-59,456,330,10476
2021-08-29,70-79,117,145,2567
2021-08-29,30-39,967,545,27032
2021-08-29,40-49,786,523,22202
2021-08-29,60-69,237,210,4828
2021-08-29,90+,18,<15,260
2021-08-29,80-89,57,50,1158
2021-08-30,50-59,576,402,10812
2021-08-30,0-19,7414,4004,9422
2021-08-30,80-89,56,44,1215
2021-08-30,20-29,1598,823,35445
2021-08-30,30-39,1395,669,28908
2021-08-30,70-79,130,137,2481
2021-08-30,90+,<15,<15,317
2021-08-30,60-69,264,229,4815
2021-08-30,40-49,952,597,22265
2021-08-31,20-29,1472,926,39590
2021-08-31,80-89,44,59,1177
2021-08-31,0-19,7632,3457,9885
2021-08-31,50-59,440,411,10078
2021-08-31,40-49,886,541,20287
2021-08-31,30-39,1300,595,26210
2021-08-31,70-79,146,167,2369
2021-08-31,90+,<15,<15,267
2021-08-31,60-69,228,254,4654
2021-09-01,20-29,1802,1068,44027
2021-09-01,0-19,4485,2873,12321
2021-09-01,80-89,48,57,887
2021-09-01,90+,<15,<15,247
2021-09-01,60-69,229,276,3818
2021-09-01,30-39,1171,639,23719
2021-09-01,40-49,774,497,17079
2021-09-01,70-79,123,160,1944
2021-09-01,50-59,457,332,7961
2021-09-02,30-39,1197,598,25224
2021-09-02,90+,22,<15,224
2021-09-02,20-29,1838,1094,37992
2021-09-02,50-59,487,384,9121
2021-09-02,0-19,4137,4011,12227
2021-09-02,80-89,65,58,795
2021-09-02,60-69,226,250,3851
2021-09-02,70-79,121,132,1806
2021-09-02,40-49,762,538,19932
2021-09-03,80-89,<15,17,307
2021-09-03,20-29,525,489,16694
2021-09-03,40-49,322,297,12108
2021-09-03,70-79,39,60,821
2021-09-03,90+,<15,<15,63
2021-09-03,30-39,438,336,15768
2021-09-03,50-59,150,230,5133
2021-09-03,60-69,71,99,1946
2021-09-03,0-19,2168,2482,5909
2021-09-04,70-79,21,19,422
2021-09-04,60-69,43,70,979
2021-09-04,30-39,241,189,7477
2021-09-04,80-89,<15,<15,188
2021-09-04,90+,<15,<15,47
2021-09-04,40-49,185,157,5757
2021-09-04,0-19,1833,1149,3775
2021-09-04,50-59,96,141,2711
2021-09-04,20-29,248,224,8526
2021-09-05,60-69,202,202,2520
2021-09-05,30-39,881,448,14797
2021-09-05,40-49,613,382,10124
2021-09-05,70-79,126,104,1415
2021-09-05,50-59,368,280,5124
2021-09-05,0-19,3549,4071,9611
2021-09-05,20-29,1287,873,28729
2021-09-05,80-89,47,38,614
2021-09-05,90+,<15,<15,155
2021-09-06,50-59,137,116,2057
2021-09-06,60-69,65,72,807
2021-09-06,40-49,272,166,3895
2021-09-06,70-79,38,42,363
2021-09-06,30-39,335,209,5140
2021-09-06,90+,<15,<15,28
2021-09-06,20-29,435,323,7322
2021-09-06,0-19,1510,1664,2961
2021-09-06,80-89,17,22,144
2021-09-07,50-59,47,35,620
2021-09-07,20-29,160,109,1396
2021-09-07,80-89,<15,<15,38
2021-09-07,0-19,760,470,436
2021-09-07,30-39,118,75,1337
2021-09-07,70-79,<15,<15,140
2021-09-07,40-49,60,73,1093
2021-09-07,60-69,15,25,282
2021-09-07,90+,0,0,<15
2021-09-08,20-29,199,154,1753
2021-09-08,0-19,857,725,620
2021-09-08,40-49,97,70,1317
2021-09-08,30-39,115,78,1612
2021-09-08,70-79,<15,16,143
2021-09-08,60-69,24,25,339
2021-09-08,50-59,53,42,723
2021-09-08,90+,0,0,<15
2021-09-08,80-89,<15,<15,60
2021-09-09,80-89,54,88,663
2021-09-09,0-19,3658,8430,7579
2021-09-09,30-39,870,927,17447
2021-09-09,40-49,630,752,13757
2021-09-09,20-29,1253,1043,21939
2021-09-09,90+,15,19,171
2021-09-09,70-79,116,256,1666
2021-09-09,50-59,358,562,7049
2021-09-09,60-69,193,385,3316
2021-09-10,80-89,32,26,269
2021-09-10,20-29,442,411,10180
2021-09-10,0-19,1821,3331,3487
2021-09-10,50-59,130,214,3714
2021-09-10,70-79,48,65,668
2021-09-10,30-39,394,402,10198
2021-09-10,40-49,289,341,7692
2021-09-10,90+,<15,<15,49
2021-09-10,60-69,75,134,1554
2021-09-11,20-29,214,181,3893
2021-09-11,0-19,1434,1753,1544
2021-09-11,30-39,197,160,3682
2021-09-11,40-49,128,158,3075
2021-09-11,60-69,37,48,602
2021-09-11,70-79,20,40,263
2021-09-11,90+,0,<15,21
2021-09-11,80-89,<15,<15,106
2021-09-11,50-59,74,94,1564
2021-09-12,90+,<15,<15,180
2021-09-12,30-39,792,640,11845
2021-09-12,70-79,86,173,1395
2021-09-12,0-19,3082,5567,5871
2021-09-12,80-89,45,77,675
2021-09-12,20-29,1181,947,18078
2021-09-12,50-59,286,360,4673
2021-09-12,60-69,163,269,2599
2021-09-12,40-49,524,483,8629
2021-09-13,30-39,753,684,10623
2021-09-13,60-69,168,327,2188
2021-09-13,70-79,105,204,1142
2021-09-13,90+,18,19,187
2021-09-13,20-29,1080,867,15611
2021-09-13,80-89,39,72,591
2021-09-13,50-59,320,404,4156
2021-09-13,40-49,569,519,8112
2021-09-13,0-19,2650,5057,5113
2021-09-14,30-39,613,643,11131
2021-09-14,40-49,485,511,9043
2021-09-14,60-69,133,278,2259
2021-09-14,0-19,2593,4611,4647
2021-09-14,90+,<15,15,160
2021-09-14,80-89,36,72,512
2021-09-14,50-59,251,369,5178
2021-09-14,70-79,69,157,1167
2021-09-14,20-29,799,685,14580
2021-09-15,50-59,92,151,2152
2021-09-15,90+,<15,<15,21
2021-09-15,20-29,267,268,4184
2021-09-15,30-39,255,241,4063
2021-09-15,70-79,16,36,324
2021-09-15,40-49,168,208,3746
2021-09-15,60-69,49,110,874
2021-09-15,0-19,865,1618,1126
2021-09-15,80-89,<15,17,129
2021-09-16,50-59,<15,19,259
2021-09-16,90+,0,0,<15
2021-09-16,20-29,59,54,485
2021-09-16,70-79,<15,<15,32
2021-09-16,80-89,<15,<15,<15
2021-09-16,60-69,<15,<15,83
2021-09-16,30-39,39,32,375
2021-09-16,40-49,32,34,357
2021-09-16,0-19,162,327,114
2021-09-17,70-79,32,117,758
2021-09-17,30-39,487,585,11467
2021-09-17,40-49,411,469,8910
2021-09-17,80-89,17,52,244
2021-09-17,60-69,100,231,1759
2021-09-17,20-29,595,571,11176
2021-09-17,0-19,1845,4555,4000
2021-09-17,50-59,197,345,4420
2021-09-17,90+,0,<15,45
2021-09-18,90+,<15,<15,23
2021-09-18,40-49,176,188,2793
2021-09-18,60-69,31,72,623
2021-09-18,50-59,84,110,1462
2021-09-18,20-29,231,210,3100
2021-09-18,0-19,1476,2032,1155
2021-09-18,80-89,<15,16,102
2021-09-18,30-39,237,215,3220
2021-09-18,70-79,<15,50,267
2021-09-19,60-69,182,396,2424
2021-09-19,50-59,366,459,4262
2021-09-19,20-29,1255,1048,13596
2021-09-19,80-89,41,101,593
2021-09-19,0-19,2614,6886,4563
2021-09-19,30-39,852,843,9783
2021-09-19,70-79,86,223,1360
2021-09-19,40-49,597,694,7441
2021-09-19,90+,<15,21,143
2021-09-20,20-29,484,445,4597
2021-09-20,70-79,41,73,485
2021-09-20,30-39,374,398,3959
2021-09-20,50-59,181,240,1790
2021-09-20,80-89,<15,19,235
2021-09-20,0-19,1760,2965,1516
2021-09-20,60-69,56,143,982
2021-09-20,40-49,315,292,3008
2021-09-20,90+,<15,<15,40
2021-09-21,20-29,188,160,879
2021-09-21,80-89,<15,<15,45
2021-09-21,0-19,829,1538,285
2021-09-21,50-59,47,54,392
2021-09-21,90+,<15,<15,<15
2021-09-21,40-49,79,94,660
2021-09-21,30-39,125,105,860
2021-09-21,70-79,<15,<15,101
2021-09-21,60-69,22,26,179
2021-09-22,20-29,788,796,6415
2021-09-22,0-19,1983,4209,2003
2021-09-22,80-89,33,62,450
2021-09-22,60-69,132,300,1701
2021-09-22,90+,<15,17,119
2021-09-22,40-49,423,549,4595
2021-09-22,30-39,560,684,5921
2021-09-22,70-79,81,191,928
2021-09-22,50-59,266,385,2803
2021-09-23,0-19,1908,3126,1975
2021-09-23,20-29,803,708,6697
2021-09-23,80-89,29,74,413
2021-09-23,90+,<15,16,123
2021-09-23,60-69,143,220,1892
2021-09-23,70-79,64,144,954
2021-09-23,40-49,489,524,5448
2021-09-23,30-39,639,635,6805
2021-09-23,50-59,319,388,3383
2021-09-24,90+,<15,<15,49
2021-09-24,20-29,510,393,6781
2021-09-24,80-89,<15,19,174
2021-09-24,0-19,1565,2425,2055
2021-09-24,50-59,188,273,3360
2021-09-24,60-69,85,150,1330
2021-09-24,70-79,33,63,507
2021-09-24,30-39,420,420,7288
2021-09-24,40-49,369,362,6077
2021-09-25,40-49,150,166,2277
2021-09-25,30-39,163,159,2580
2021-09-25,70-79,15,20,168
2021-09-25,20-29,219,204,2647
2021-09-25,80-89,<15,<15,60
2021-09-25,0-19,1409,1494,916
2021-09-25,90+,0,0,<15
2021-09-25,50-59,90,110,1222
2021-09-25,60-69,28,59,496
2021-09-26,80-89,41,54,421
2021-09-26,0-19,2687,3279,3024
2021-09-26,50-59,393,426,4140
2021-09-26,20-29,937,685,9234
2021-09-26,70-79,70,123,1014
2021-09-26,30-39,750,589,8862
2021-09-26,40-49,594,528,7213
2021-09-26,90+,<15,<15,123
2021-09-26,60-69,176,236,2109
2021-09-27,20-29,809,548,8079
2021-09-27,0-19,2139,2213,2775
2021-09-27,90+,<15,<15,34
2021-09-27,80-89,31,33,210
2021-09-27,40-49,491,443,5990
2021-09-27,30-39,669,503,7557
2021-09-27,60-69,151,200,1544
2021-09-27,70-79,58,110,661
2021-09-27,50-59,336,336,3482
2021-09-28,40-49,146,107,1200
2021-09-28,30-39,209,121,1524
2021-09-28,70-79,<15,22,98
2021-09-28,20-29,234,167,1717
2021-09-28,90+,0,<15,<15
2021-09-28,60-69,27,27,284
2021-09-28,0-19,726,640,544
2021-09-28,80-89,<15,<15,28
2021-09-28,50-59,93,58,758
2021-09-29,80-89,47,65,645
2021-09-29,50-59,776,672,6764
2021-09-29,40-49,1199,926,11266
2021-09-29,20-29,1874,1199,16271
2021-09-29,30-39,1564,1010,14615
2021-09-29,90+,<15,21,151
2021-09-29,60-69,301,506,3434
2021-09-29,70-79,105,242,1546
2021-09-29,0-19,3819,3647,5419
2021-09-30,70-79,108,240,1697
2021-09-30,60-69,405,489,4373
2021-09-30,40-49,1494,935,15754
2021-09-30,30-39,2016,1074,20703
2021-09-30,80-89,62,92,685
2021-09-30,90+,<15,19,170
2021-09-30,20-29,2477,1299,20536
2021-09-30,0-19,3557,3606,6449
2021-09-30,50-59,935,727,9047
2021-10-01,50-59,414,325,5219
2021-10-01,60-69,193,172,2122
2021-10-01,40-49,849,442,9682
2021-10-01,0-19,1564,1679,3552
2021-10-01,20-29,1026,552,11713
2021-10-01,80-89,16,30,254
2021-10-01,30-39,1025,496,13070
2021-10-01,90+,<15,<15,42
2021-10-01,70-79,53,82,689
2021-10-02,50-59,227,140,2628
2021-10-02,20-29,594,312,5892
2021-10-02,0-19,976,1035,1996
2021-10-02,60-69,100,66,897
2021-10-02,30-39,514,248,5830
2021-10-02,70-79,24,27,256
2021-10-02,40-49,427,247,4744
2021-10-02,90+,<15,0,17
2021-10-02,80-89,<15,17,80
2021-10-03,20-29,2813,1246,20555
2021-10-03,30-39,2094,901,16926
2021-10-03,50-59,937,623,7767
2021-10-03,90+,18,23,153
2021-10-03,80-89,66,70,637
2021-10-03,0-19,3585,2978,6234
2021-10-03,40-49,1619,809,12717
2021-10-03,70-79,169,203,1612
2021-10-03,60-69,455,374,3927
2021-10-04,20-29,2643,1168,15817
2021-10-04,0-19,2958,2717,4761
2021-10-04,80-89,72,87,611
2021-10-04,40-49,1408,785,8819
2021-10-04,60-69,364,319,2673
2021-10-04,90+,20,27,177
2021-10-04,70-79,120,179,1192
2021-10-04,30-39,1862,845,12328
2021-10-04,50-59,902,568,5324
2021-10-05,0-19,2730,2322,3734
2021-10-05,20-29,2034,862,12577
2021-10-05,80-89,56,58,497
2021-10-05,90+,17,<15,149
2021-10-05,30-39,1464,638,9706
2021-10-05,60-69,312,235,1892
2021-10-05,70-79,123,147,956
2021-10-05,40-49,1066,548,6663
2021-10-05,50-59,672,414,4105
2021-10-06,80-89,58,45,427
2021-10-06,90+,18,<15,154
2021-10-06,0-19,2331,1662,3411
2021-10-06,20-29,1933,765,10579
2021-10-06,50-59,550,335,3234
2021-10-06,70-79,115,94,792
2021-10-06,60-69,268,200,1633
2021-10-06,40-49,945,451,5562
2021-10-06,30-39,1422,529,8065
2021-10-07,0-19,1956,1422,3458
2021-10-07,80-89,52,46,361
2021-10-07,20-29,1883,794,10605
2021-10-07,70-79,76,93,696
2021-10-07,30-39,1239,579,8057
2021-10-07,90+,<15,<15,105
2021-10-07,40-49,952,487,5734
2021-10-07,60-69,244,194,1475
2021-10-07,50-59,541,326,3348
2021-10-08,90+,<15,<15,30
2021-10-08,30-39,596,321,4923
2021-10-08,70-79,19,38,292
2021-10-08,40-49,443,272,3373
2021-10-08,20-29,824,393,5876
2021-10-08,0-19,896,1273,1909
2021-10-08,80-89,18,<15,119
2021-10-08,50-59,213,171,1839
2021-10-08,60-69,93,85,724
2021-10-09,60-69,34,29,291
2021-10-09,40-49,165,100,1257
2021-10-09,90+,0,<15,<15
2021-10-09,80-89,<15,<15,34
2021-10-09,70-79,17,<15,99
2021-10-09,30-39,198,174,1602
2021-10-09,50-59,93,71,759
2021-10-09,0-19,492,779,848
2021-10-09,20-29,329,225,2485
2021-10-10,30-39,834,451,5003
2021-10-10,60-69,169,124,1036
2021-10-10,90+,<15,<15,78
2021-10-10,20-29,1196,613,6990
2021-10-10,0-19,1520,1824,2300
2021-10-10,80-89,22,46,286
2021-10-10,50-59,349,231,1906
2021-10-10,70-79,64,71,535
2021-10-10,40-49,531,332,3253
2021-10-11,40-49,529,285,2607
2021-10-11,30-39,736,416,3895
2021-10-11,70-79,77,84,432
2021-10-11,90+,<15,<15,109
2021-10-11,50-59,304,217,1579
2021-10-11,60-69,147,127,932
2021-10-11,20-29,1186,554,5502
2021-10-11,0-19,1214,1147,1803
2021-10-11,80-89,45,33,266
2021-10-12,50-59,329,176,1372
2021-10-12,90+,<15,<15,67
2021-10-12,80-89,22,15,208
2021-10-12,70-79,54,60,417
2021-10-12,30-39,712,398,3488
2021-10-12,60-69,130,115,758
2021-10-12,40-49,446,285,2326
2021-10-12,0-19,1295,1387,1782
2021-10-12,20-29,997,510,4794
2021-10-13,30-39,582,281,2981
2021-10-13,40-49,382,197,1987
2021-10-13,70-79,53,49,364
2021-10-13,60-69,141,91,638
2021-10-13,20-29,1002,437,4321
2021-10-13,0-19,1056,1179,1574
2021-10-13,80-89,30,26,203
2021-10-13,50-59,258,134,1256
2021-10-13,90+,<15,<15,87
2021-10-14,50-59,274,133,1608
2021-10-14,60-69,126,97,768
2021-10-14,20-29,1031,396,5144
2021-10-14,70-79,58,53,380
2021-10-14,90+,<15,<15,66
2021-10-14,40-49,449,206,2635
2021-10-14,30-39,717,309,3946
2021-10-14,80-89,31,21,191
2021-10-14,0-19,1207,1403,1642
2021-10-15,50-59,103,85,808
2021-10-15,30-39,311,193,2259
2021-10-15,20-29,446,227,2798
2021-10-15,80-89,<15,16,63
2021-10-15,0-19,540,869,903
2021-10-15,70-79,20,26,116
2021-10-15,90+,<15,<15,19
2021-10-15,60-69,49,49,361
2021-10-15,40-49,203,160,1560
2021-10-16,0-19,236,543,456
2021-10-16,20-29,211,140,1371
2021-10-16,30-39,131,88,854
2021-10-16,60-69,21,<15,130
2021-10-16,40-49,73,66,712
2021-10-16,70-79,<15,<15,56
2021-10-16,50-59,54,50,375
2021-10-16,80-89,<15,<15,17
2021-10-16,90+,<15,0,<15
2021-10-17,80-89,35,26,162
2021-10-17,30-39,523,306,3046
2021-10-17,0-19,922,1206,1209
2021-10-17,20-29,900,404,4168
2021-10-17,40-49,369,235,2042
2021-10-17,90+,<15,<15,57
2021-10-17,70-79,47,68,312
2021-10-17,50-59,209,139,1109
2021-10-17,60-69,130,102,576
2021-10-18,80-89,19,18,154
2021-10-18,20-29,728,269,3412
2021-10-18,0-19,677,756,1116
2021-10-18,50-59,178,90,821
2021-10-18,40-49,273,151,1372
2021-10-18,70-79,43,46,287
2021-10-18,60-69,90,61,450
2021-10-18,90+,<15,<15,57
2021-10-18,30-39,451,222,2254
2021-10-19,0-19,672,578,987
2021-10-19,20-29,726,229,3080
2021-10-19,40-49,255,111,1362
2021-10-19,30-39,427,141,2043
2021-10-19,70-79,43,31,250
2021-10-19,60-69,84,45,495
2021-10-19,80-89,22,15,158
2021-10-19,90+,<15,<15,63
2021-10-19,50-59,147,70,752
2021-10-20,90+,<15,<15,86
2021-10-20,70-79,58,42,279
2021-10-20,30-39,433,253,2229
2021-10-20,0-19,699,1198,1214
2021-10-20,80-89,22,23,169
2021-10-20,20-29,713,396,3176
2021-10-20,50-59,181,87,908
2021-10-20,40-49,267,168,1384
2021-10-20,60-69,76,62,482
2021-10-21,20-29,839,531,3795
2021-10-21,80-89,35,27,161
2021-10-21,90+,<15,<15,58
2021-10-21,70-79,47,61,325
2021-10-21,60-69,123,101,561
2021-10-21,40-49,361,201,1819
2021-10-21,30-39,533,315,2825
2021-10-21,0-19,866,1627,1384
2021-10-21,50-59,233,154,1064
2021-10-22,0-19,365,744,555
2021-10-22,80-89,<15,<15,59
2021-10-22,90+,0,<15,<15
2021-10-22,40-49,152,137,999
2021-10-22,20-29,302,179,1553
2021-10-22,50-59,125,73,573
2021-10-22,60-69,42,38,238
2021-10-22,70-79,26,17,92
2021-10-22,30-39,256,179,1577
2021-10-23,20-29,123,114,849
2021-10-23,80-89,<15,<15,<15
2021-10-23,0-19,247,962,381
2021-10-23,50-59,28,26,242
2021-10-23,70-79,<15,<15,25
2021-10-23,30-39,79,63,535
2021-10-23,60-69,<15,17,79
2021-10-23,40-49,54,41,391
2021-10-24,60-69,102,112,513
2021-10-24,20-29,660,376,2926
2021-10-24,30-39,414,301,2286
2021-10-24,40-49,273,205,1511
2021-10-24,70-79,53,29,301
2021-10-24,90+,<15,<15,31
2021-10-24,80-89,25,32,159
2021-10-24,0-19,824,1425,1131
2021-10-24,50-59,181,137,888
2021-10-25,80-89,26,30,152
2021-10-25,90+,<15,<15,48
2021-10-25,70-79,52,56,231
2021-10-25,30-39,394,233,1876
2021-10-25,40-49,252,180,1185
2021-10-25,60-69,96,81,441
2021-10-25,20-29,655,378,2632
2021-10-25,0-19,989,1596,1014
2021-10-25,50-59,168,119,744
2021-10-26,90+,<15,<15,48
2021-10-26,40-49,259,141,1242
2021-10-26,60-69,91,67,437
2021-10-26,80-89,19,23,159
2021-10-26,0-19,896,1062,933
2021-10-26,20-29,582,311,2531
2021-10-26,70-79,43,39,268
2021-10-26,30-39,342,223,1938
2021-10-26,50-59,156,114,796
2021-10-27,90+,<15,25,68
2021-10-27,40-49,280,192,1148
2021-10-27,70-79,45,56,233
2021-10-27,30-39,350,300,1727
2021-10-27,60-69,88,93,386
2021-10-27,50-59,165,154,719
2021-10-27,20-29,561,387,2333
2021-10-27,0-19,800,1248,984
2021-10-27,80-89,43,41,148
2021-10-28,30-39,427,380,2117
2021-10-28,70-79,37,43,229
2021-10-28,50-59,219,173,796
2021-10-28,90+,<15,<15,49
2021-10-28,0-19,753,1219,937
2021-10-28,80-89,20,35,105
2021-10-28,40-49,338,249,1325
2021-10-28,60-69,96,104,400
2021-10-28,20-29,612,482,2517
2021-10-29,60-69,26,30,182
2021-10-29,40-49,115,120,665
2021-10-29,70-79,<15,<15,62
2021-10-29,0-19,294,508,460
2021-10-29,80-89,<15,<15,28
2021-10-29,20-29,220,182,1122
2021-10-29,50-59,48,73,332
2021-10-29,30-39,155,156,1137
2021-10-29,90+,0,0,<15
2021-10-30,50-59,22,18,148
2021-10-30,60-69,<15,<15,56
2021-10-30,40-49,30,33,252
2021-10-30,70-79,<15,<15,18
2021-10-30,30-39,57,63,365
2021-10-30,20-29,111,112,596
2021-10-30,0-19,110,260,213
2021-10-30,80-89,<15,<15,<15
2021-10-31,50-59,170,166,679
2021-10-31,20-29,657,511,2639
2021-10-31,0-19,721,1070,1129
2021-10-31,80-89,17,18,113
2021-10-31,60-69,96,91,383
2021-10-31,90+,<15,<15,37
2021-10-31,70-79,34,47,214
2021-10-31,30-39,364,307,1767
2021-10-31,40-49,253,234,1150
2021-11-01,0-19,464,783,747
2021-11-01,20-29,492,454,2088
2021-11-01,80-89,17,35,93
2021-11-01,50-59,121,124,579
2021-11-01,70-79,38,43,157
2021-11-01,60-69,82,88,300
2021-11-01,40-49,177,198,850
2021-11-01,30-39,339,315,1456
2021-11-01,90+,<15,<15,30
2021-11-02,20-29,694,432,1782
2021-11-02,80-89,24,17,104
2021-11-02,0-19,533,748,695
2021-11-02,70-79,51,51,162
2021-11-02,90+,<15,<15,42
2021-11-02,40-49,208,217,890
2021-11-02,30-39,311,288,1527
2021-11-02,50-59,129,134,585
2021-11-02,60-69,80,79,309
2021-11-03,80-89,17,24,80
2021-11-03,0-19,552,747,695
2021-11-03,20-29,478,340,1575
2021-11-03,50-59,109,146,494
2021-11-03,70-79,35,32,169
2021-11-03,30-39,315,266,1246
2021-11-03,40-49,205,190,775
2021-11-03,60-69,53,79,278
2021-11-03,90+,<15,<15,37
2021-11-04,0-19,817,1311,869
2021-11-04,20-29,488,496,2024
2021-11-04,90+,<15,<15,24
2021-11-04,60-69,62,103,328
2021-11-04,80-89,<15,21,92
2021-11-04,70-79,28,52,164
2021-11-04,30-39,334,345,1684
2021-11-04,40-49,239,244,1070
2021-11-04,50-59,147,172,652
2021-11-05,90+,<15,<15,<15
2021-11-05,70-79,19,16,60
2021-11-05,30-39,134,128,862
2021-11-05,20-29,156,145,910
2021-11-05,80-89,<15,<15,24
2021-11-05,0-19,219,351,397
2021-11-05,40-49,124,110,569
2021-11-05,50-59,71,50,329
2021-11-05,60-69,30,39,133
2021-11-06,20-29,128,89,508
2021-11-06,80-89,<15,<15,<15
2021-11-06,30-39,57,44,275
2021-11-06,70-79,<15,<15,<15
2021-11-06,60-69,<15,<15,39
2021-11-06,40-49,33,24,169
2021-11-06,50-59,<15,21,114
2021-11-06,0-19,89,176,190
2021-11-07,30-39,274,255,1426
2021-11-07,70-79,28,35,181
2021-11-07,40-49,198,205,898
2021-11-07,60-69,65,82,298
2021-11-07,80-89,15,20,63
2021-11-07,90+,<15,<15,20
2021-11-07,0-19,502,665,730
2021-11-07,20-29,444,371,1816
2021-11-07,50-59,102,102,562
2021-11-08,70-79,15,29,130
2021-11-08,90+,<15,<15,29
2021-11-08,30-39,237,223,1125
2021-11-08,50-59,98,113,436
2021-11-08,40-49,188,164,703
2021-11-08,60-69,59,59,245
2021-11-08,80-89,<15,21,66
2021-11-08,0-19,486,551,673
2021-11-08,20-29,413,373,1777
2021-11-09,50-59,106,112,428
2021-11-09,20-29,398,313,1497
2021-11-09,80-89,<15,21,93
2021-11-09,90+,<15,<15,36
2021-11-09,40-49,185,161,724
2021-11-09,30-39,282,268,1192
2021-11-09,60-69,64,65,254
2021-11-09,70-79,24,36,156
2021-11-09,0-19,412,535,647
